date,close,position,port_value,cash,total_value,max_cap,return_ratio,return_peak,drawdown
2020-02-26,0.994,0,0.0,0.0,0.0,0,0.0,0.0,0.0
2020-02-27,0.995,0,0.0,0.0,0.0,0,0.0,0.0,0.0
2020-02-28,0.973,0,0.0,0.0,0.0,0,0.0,0.0,0.0
2020-03-02,0.998,3100,3093.8,-3020.18,73.62,3100,1.0243760305677145,1.0243760305677145,0.0
2020-03-03,1.002,3100,3106.2,-3020.18,86.02,3100,1.0284817461210922,1.0284817461210922,0.0
2020-03-04,1.005,3100,3115.5,-3020.18,95.32,3100,1.0315610327861253,1.0315610327861253,0.0
2020-03-05,1.019,3100,3158.9,-3020.18,138.72,3100,1.0459310372229471,1.0459310372229471,0.0
2020-03-06,1.011,3100,3134.1,-3020.18,113.92,3100,1.0377196061161917,1.0459310372229471,-0.007850834151128697
2020-03-09,0.997,3100,3090.7,-3020.18,70.52,3100,1.0233496016793702,1.0459310372229471,-0.0215897939156036
2020-03-10,1.008,3100,3124.8,-3020.18,104.62,3100,1.0346403194511586,1.0459310372229471,-0.0107948969578018
2020-03-11,1.0,3100,3100.0,-3020.18,79.82,3100,1.0264288883444033,1.0459310372229471,-0.018645731108930495
2020-03-12,0.986,3100,3056.6,-3020.18,36.42,3100,1.0120588839075817,1.0459310372229471,-0.0323846908734054
2020-03-13,0.972,17500,17010.0,-16391.7,618.3,3100,1.0377203096689178,1.0459310372229471,-0.007850161494231598
2020-03-16,0.96,17500,16800.0,-16391.7,408.3,3100,1.0249089478211533,1.0459310372229471,-0.020098924932574543
2020-03-17,0.955,17500,16712.5,-16391.7,320.8,3100,1.0195708803845849,1.0459310372229471,-0.025202576365217274
2020-03-18,0.941,17500,16467.5,-16391.7,75.8,3100,1.004624291562193,1.0459310372229471,-0.03949280037661727
2020-03-19,0.925,17500,16187.5,-16391.7,-204.2,3100,0.9875424757651738,1.0459310372229471,-0.05582448496107431
2020-03-20,0.937,17500,16397.5,-16391.7,5.8,3100,1.0003538376129382,1.0459310372229471,-0.043575721522731585
2020-03-23,0.911,17500,15942.5,-16391.7,-449.2,3100,0.972595886942782,1.0459310372229471,-0.07011470897247431
2020-03-24,0.929,17500,16257.5,-16391.7,-134.2,3100,0.9918129297144286,1.0459310372229471,-0.051741563814960104
2020-03-25,0.947,17500,16572.5,-16391.7,180.8,3100,1.0110299724860752,1.0459310372229471,-0.0333684186574459
2020-03-26,0.94,17500,16450.0,-16391.7,58.3,3100,1.0035566780748792,1.0459310372229471,-0.0405135306631459
2020-03-27,0.947,17500,16572.5,-16391.7,180.8,3100,1.0110299724860752,1.0459310372229471,-0.0333684186574459
2020-03-30,0.943,17500,16502.5,-16391.7,110.8,3100,1.0067595185368203,1.0459310372229471,-0.03745133980356022
2020-03-31,0.937,17500,16397.5,-16391.7,5.8,3100,1.0003538376129382,1.0459310372229471,-0.043575721522731585
2020-04-01,0.932,17500,16310.0,-16391.7,-81.7,17500,0.9950157701763697,1.0459310372229471,-0.048679372955374424
2020-04-02,0.941,17500,16467.5,-16391.7,75.8,17500,1.004624291562193,1.0459310372229471,-0.03949280037661727
2020-04-03,0.938,17500,16415.0,-16391.7,23.3,17500,1.001421451100252,1.0459310372229471,-0.04255499123620295
2020-04-07,0.947,17500,16572.5,-16391.7,180.8,17500,1.0110299724860752,1.0459310372229471,-0.0333684186574459
2020-04-08,0.945,17500,16537.5,-16391.7,145.8,17500,1.0088947455114479,1.0459310372229471,-0.035409879230502955
2020-04-09,0.948,17500,16590.0,-16391.7,198.3,17500,1.012097585973389,1.0459310372229471,-0.03234768837091727
2020-04-10,0.941,17500,16467.5,-16391.7,75.8,17500,1.004624291562193,1.0459310372229471,-0.03949280037661727
2020-04-13,0.937,17500,16397.5,-16391.7,5.8,17500,1.0003538376129382,1.0459310372229471,-0.043575721522731585
2020-04-14,0.945,17500,16537.5,-16391.7,145.8,17500,1.0088947455114479,1.0459310372229471,-0.035409879230502955
2020-04-15,0.941,17500,16467.5,-16391.7,75.8,17500,1.004624291562193,1.0459310372229471,-0.03949280037661727
2020-04-16,0.944,17500,16520.0,-16391.7,128.3,17500,1.007827132024134,1.0459310372229471,-0.03643060951703159
2020-04-17,0.947,17500,16572.5,-16391.7,180.8,17500,1.0110299724860752,1.0459310372229471,-0.0333684186574459
2020-04-20,0.944,17500,16520.0,-16391.7,128.3,17500,1.007827132024134,1.0459310372229471,-0.03643060951703159
2020-04-21,0.936,17500,16380.0,-16391.7,-11.7,17500,0.9992862241256245,1.0459310372229471,-0.044596451809260106
2020-04-22,0.938,17500,16415.0,-16391.7,23.3,17500,1.001421451100252,1.0459310372229471,-0.04255499123620295
2020-04-23,0.935,17500,16362.5,-16391.7,-29.2,17500,0.9982186106383109,1.0459310372229471,-0.04561718209578863
2020-04-24,0.929,17500,16257.5,-16391.7,-134.2,17500,0.9918129297144286,1.0459310372229471,-0.051741563814960104
2020-04-27,0.934,17500,16345.0,-16391.7,-46.7,17500,0.9971509971509971,1.0459310372229471,-0.046637912382317265
2020-04-28,0.929,17500,16257.5,-16391.7,-134.2,17500,0.9918129297144286,1.0459310372229471,-0.051741563814960104
2020-04-29,0.939,17500,16432.5,-16391.7,40.8,17500,1.0024890645875657,1.0459310372229471,-0.04153426094967432
2020-04-30,0.951,17500,16642.5,-16391.7,250.8,17500,1.01530042643533,1.0459310372229471,-0.02928549751133159
2020-05-06,0.948,20700,19623.6,-19438.81,184.79,20700,1.0095062403511326,1.0459310372229471,-0.034825237587868194
2020-05-07,0.942,20700,19499.4,-19438.81,60.59,20700,1.0031169603489103,1.0459310372229471,-0.040933938615793
2020-05-08,0.949,20700,19644.3,-19438.81,205.49,20700,1.0105711203515029,1.0459310372229471,-0.0338071207498808
2020-05-11,0.95,20700,19665.0,-19438.81,226.19,20700,1.0116360003518734,1.0459310372229471,-0.03278900391189319
2020-05-12,0.945,20700,19561.5,-19438.81,122.69,20700,1.0063116003500214,1.0459310372229471,-0.0378795881018306
2020-05-13,0.945,20700,19561.5,-19438.81,122.69,20700,1.0063116003500214,1.0459310372229471,-0.0378795881018306
2020-05-14,0.936,20700,19375.2,-19438.81,-63.61,20700,0.9967276803466879,1.0459310372229471,-0.04704263964371791
2020-05-15,0.933,20700,19313.1,-19438.81,-125.71,20700,0.9935330403455765,1.0459310372229471,-0.05009699015768053
2020-05-18,0.936,20700,19375.2,-19438.81,-63.61,20700,0.9967276803466879,1.0459310372229471,-0.04704263964371791
2020-05-19,0.939,20700,19437.3,-19438.81,-1.51,20700,0.9999223203477989,1.0459310372229471,-0.043988289129755616
2020-05-20,0.935,20700,19354.5,-19438.81,-84.31,20700,0.9956628003463174,1.0459310372229471,-0.04806075648170552
2020-05-21,0.931,20700,19271.7,-19438.81,-167.11,20700,0.9914032803448359,1.0459310372229471,-0.052133223833655325
2020-05-22,0.918,20700,19002.6,-19438.81,-436.21,20700,0.9775598403400206,1.0459310372229471,-0.06536874272749275
2020-05-25,0.917,20700,18981.9,-19438.81,-456.91,20700,0.9764949603396504,1.0459310372229471,-0.06638685956548004
2020-05-26,0.921,20700,19064.7,-19438.81,-374.11,20700,0.980754480341132,1.0459310372229471,-0.06231439221353014
2020-05-27,0.923,20700,19106.1,-19438.81,-332.71,20700,0.9828842403418726,1.0459310372229471,-0.060278158537555346
2020-05-28,0.926,20700,19168.2,-19438.81,-270.61,20700,0.986078880342984,1.0459310372229471,-0.05722380802359273
2020-05-29,0.922,20700,19085.4,-19438.81,-353.41,20700,0.9818193603415024,1.0459310372229471,-0.061296275375542636
2020-06-01,0.933,24000,22392.0,-22485.33,-93.33,24000,0.9958492937395181,1.0459310372229471,-0.04788245276323483
2020-06-02,0.937,24000,22488.0,-22485.33,2.67,24000,1.0001187440878119,1.0459310372229471,-0.043800491145928246
2020-06-03,0.939,24000,22536.0,-22485.33,50.67,24000,1.0022534692619587,1.0459310372229471,-0.041759510337275006
2020-06-04,0.933,24000,22392.0,-22485.33,-93.33,24000,0.9958492937395181,1.0459310372229471,-0.04788245276323483
2020-06-05,0.934,24000,22416.0,-22485.33,-69.33,24000,0.9969166563265915,1.0459310372229471,-0.04686196235890821
2020-06-08,0.937,24000,22488.0,-22485.33,2.67,24000,1.0001187440878119,1.0459310372229471,-0.043800491145928246
2020-06-09,0.94,24000,22560.0,-22485.33,74.67,24000,1.003320831849032,1.0459310372229471,-0.040739019932948387
2020-06-10,0.936,24000,22464.0,-22485.33,-21.33,24000,0.9990513815007384,1.0459310372229471,-0.04482098155025497
2020-06-11,0.927,24000,22248.0,-22485.33,-237.33,24000,0.9894451182170775,1.0459310372229471,-0.05400539518919476
2020-06-12,0.925,24000,22200.0,-22485.33,-285.33,24000,0.9873103930429306,1.0459310372229471,-0.056046375997848105
2020-06-15,0.917,24000,22008.0,-22485.33,-477.33,24000,0.9787714923463431,1.0459310372229471,-0.06421029923246127
2020-06-16,0.926,24000,22224.0,-22485.33,-261.33,24000,0.9883777556300041,1.0459310372229471,-0.05502588559352138
2020-06-17,0.929,24000,22296.0,-22485.33,-189.33,24000,0.9915798433912243,1.0459310372229471,-0.05196441438054152
2020-06-18,0.936,24000,22464.0,-22485.33,-21.33,24000,0.9990513815007384,1.0459310372229471,-0.04482098155025497
2020-06-19,0.937,24000,22488.0,-22485.33,2.67,24000,1.0001187440878119,1.0459310372229471,-0.043800491145928246
2020-06-22,0.934,24000,22416.0,-22485.33,-69.33,24000,0.9969166563265915,1.0459310372229471,-0.04686196235890821
2020-06-23,0.93,24000,22320.0,-22485.33,-165.33,24000,0.9926472059782978,1.0459310372229471,-0.05094392397621479
2020-06-24,0.936,24000,22464.0,-22485.33,-21.33,24000,0.9990513815007384,1.0459310372229471,-0.04482098155025497
2020-06-29,0.928,24000,22272.0,-22485.33,-213.33,24000,0.9905124808041509,1.0459310372229471,-0.05298490478486814
2020-06-30,0.932,24000,22368.0,-22485.33,-117.33,24000,0.9947819311524446,1.0459310372229471,-0.04890294316756155
2020-07-01,0.946,27200,25731.2,-25471.57,259.63,27200,1.010192932748158,1.0459310372229471,-0.03416870061498259
2020-07-02,0.969,27200,26356.8,-25471.57,885.23,27200,1.0347536488720561,1.0459310372229471,-0.010686544287439918
2020-07-03,0.989,27200,26900.8,-25471.57,1429.23,27200,1.0561107933276197,1.0561107933276197,0.0
2020-07-06,1.056,27200,28723.2,-25471.57,3251.63,27200,1.127657227253758,1.127657227253758,0.0
2020-07-07,1.041,29000,30189.0,-27351.1,2837.9,27200,1.1037581669475818,1.127657227253758,-0.021193550423455172
2020-07-08,1.052,29000,30508.0,-27351.1,3156.9,27200,1.11542131760697,1.127657227253758,-0.010850734914000982
2020-07-09,1.058,29000,30682.0,-27351.1,3330.9,27200,1.1217830361484549,1.127657227253758,-0.005209199181571154
2020-07-10,1.035,29000,30015.0,-27351.1,2663.9,27200,1.0973964484060972,1.127657227253758,-0.026835086155884803
2020-07-13,1.051,29900,31424.9,-28280.89,3144.01,27200,1.111170829489454,1.127657227253758,-0.01462004354324418
2020-07-14,1.044,29900,31215.6,-28280.89,2934.71,27200,1.1037700722997048,1.127657227253758,-0.021182992825068626
2020-07-15,1.028,29900,30737.2,-28280.89,2456.31,27200,1.086854055865993,1.127657227253758,-0.03618401975495257
2020-07-16,1.014,30800,31231.2,-29201.38,2029.82,27200,1.0695110984480871,1.127657227253758,-0.05156365551549481
2020-07-17,1.011,31700,32048.7,-30112.67,1936.03,27200,1.0642928707417842,1.127657227253758,-0.0561911500946863
2020-07-20,1.042,31700,33031.4,-30112.67,2918.73,27200,1.0969269745924226,1.127657227253758,-0.027251412857233495
2020-07-21,1.039,31700,32936.3,-30112.67,2823.63,27200,1.0937688355101027,1.127657227253758,-0.03005203258989025
2020-07-22,1.043,31700,33063.1,-30112.67,2950.43,27200,1.0979796876198624,1.127657227253758,-0.02631787294634804
2020-07-23,1.037,31700,32872.9,-30112.67,2760.23,27200,1.0916634094552229,1.127657227253758,-0.03191911241166136
2020-07-24,1.012,31700,32080.4,-30112.67,1967.73,27200,1.065345583769224,1.127657227253758,-0.05525761018380085
2020-07-27,1.01,31700,32017.0,-30112.67,1904.33,27200,1.0632401577143442,1.127657227253758,-0.05712469000557196
2020-07-28,1.013,31700,32112.1,-30112.67,1999.43,27200,1.066398296796664,1.127657227253758,-0.0543240702729152
2020-07-29,1.022,31700,32397.4,-30112.67,2284.73,27200,1.0758727140436235,1.127657227253758,-0.04592221107494513
2020-07-30,1.02,31700,32334.0,-30112.67,2221.33,27200,1.0737672879887437,1.127657227253758,-0.047789290896716234
2020-07-31,1.021,31700,32365.7,-30112.67,2253.03,27200,1.0748200010161837,1.127657227253758,-0.046855750985830585
2020-08-03,1.031,31700,32682.7,-30112.67,2570.03,31700,1.0853471312905831,1.127657227253758,-0.03752035187697487
2020-08-04,1.043,31700,33063.1,-30112.67,2950.43,31700,1.0979796876198624,1.127657227253758,-0.02631787294634804
2020-08-05,1.032,31700,32714.4,-30112.67,2601.73,31700,1.0863998443180232,1.127657227253758,-0.03658681196608921
2020-08-06,1.032,31700,32714.4,-30112.67,2601.73,31700,1.0863998443180232,1.127657227253758,-0.03658681196608921
2020-08-07,1.029,31700,32619.3,-30112.67,2506.63,31700,1.083241705235703,1.127657227253758,-0.039387431698746166
2020-08-10,1.043,31700,33063.1,-30112.67,2950.43,31700,1.0979796876198624,1.127657227253758,-0.02631787294634804
2020-08-11,1.039,31700,32936.3,-30112.67,2823.63,31700,1.0937688355101027,1.127657227253758,-0.03005203258989025
2020-08-12,1.047,31700,33189.9,-30112.67,3077.23,31700,1.1021905397296223,1.127657227253758,-0.022583713302805637
2020-08-13,1.05,31700,33285.0,-30112.67,3172.33,31700,1.105348678811942,1.127657227253758,-0.01978309357014908
2020-08-14,1.06,31700,33602.0,-30112.67,3489.33,31700,1.1158758090863414,1.127657227253758,-0.010447694461293358
2020-08-17,1.083,31700,34331.1,-30112.67,4218.43,31700,1.1400882087174602,1.1400882087174602,0.0
2020-08-18,1.08,31700,34236.0,-30112.67,4123.33,31700,1.1369300696351403,1.1400882087174602,-0.0027700831024931125
2020-08-19,1.083,31700,34331.1,-30112.67,4218.43,31700,1.1400882087174602,1.1400882087174602,0.0
2020-08-20,1.071,31700,33950.7,-30112.67,3838.03,31700,1.1274556523881807,1.1400882087174602,-0.01108033240997245
2020-08-21,1.074,31700,34045.8,-30112.67,3933.13,31700,1.1306137914705008,1.1400882087174602,-0.008310249307479143
2020-08-24,1.073,31700,34014.1,-30112.67,3901.43,31700,1.1295610784430608,1.1400882087174602,-0.00923361034164358
2020-08-25,1.068,31700,33855.6,-30112.67,3742.93,31700,1.124297513305861,1.1400882087174602,-0.013850415512465368
2020-08-26,1.061,31700,33633.7,-30112.67,3521.03,31700,1.1169285221137812,1.1400882087174602,-0.020313942751616028
2020-08-27,1.062,31700,33665.4,-30112.67,3552.73,31700,1.1179812351412215,1.1400882087174602,-0.019390581717451397
2020-08-28,1.077,31700,34140.9,-30112.67,4028.23,31700,1.1337719305528207,1.1400882087174602,-0.005540166204986031
2020-08-31,1.074,31700,34045.8,-30112.67,3933.13,31700,1.1306137914705008,1.1400882087174602,-0.008310249307479143
2020-09-01,1.08,34500,37260.0,-33123.74,4136.26,34500,1.1248729763003815,1.1400882087174602,-0.013345662467814675
2020-09-02,1.072,34500,36984.0,-33123.74,3860.26,34500,1.1165405838833418,1.1400882087174602,-0.02065421311620114
2020-09-03,1.072,34500,36984.0,-33123.74,3860.26,34500,1.1165405838833418,1.1400882087174602,-0.02065421311620114
2020-09-04,1.067,34500,36811.5,-33123.74,3687.76,34500,1.1113328386226917,1.1400882087174602,-0.025222057271442853
2020-09-07,1.06,34500,36570.0,-33123.74,3446.26,34500,1.104041995257782,1.1400882087174602,-0.031617039088780934
2020-09-08,1.074,34500,37053.0,-33123.74,3929.26,34500,1.1186236819876016,1.1400882087174602,-0.018827075454104572
2020-09-09,1.065,34500,36742.5,-33123.74,3618.76,34500,1.1092497405184318,1.1400882087174602,-0.02704919493353942
2020-09-10,1.06,34500,36570.0,-33123.74,3446.26,34500,1.104041995257782,1.1400882087174602,-0.031617039088780934
2020-09-11,1.061,34500,36604.5,-33123.74,3480.76,34500,1.1050835443099118,1.1400882087174602,-0.030703470257732752
2020-09-14,1.063,34500,36673.5,-33123.74,3549.76,34500,1.107166642414172,1.1400882087174602,-0.028876332595635986
2020-09-15,1.065,34500,36742.5,-33123.74,3618.76,34500,1.1092497405184318,1.1400882087174602,-0.02704919493353942
2020-09-16,1.068,34500,36846.0,-33123.74,3722.26,34500,1.1123743876748218,1.1400882087174602,-0.02430848844039447
2020-09-17,1.065,34500,36742.5,-33123.74,3618.76,34500,1.1092497405184318,1.1400882087174602,-0.02704919493353942
2020-09-18,1.081,34500,37294.5,-33123.74,4170.76,34500,1.1259145253525116,1.1400882087174602,-0.012432093636766294
2020-09-21,1.075,34500,37087.5,-33123.74,3963.76,34500,1.1196652310397317,1.1400882087174602,-0.017913506623056193
2020-09-22,1.061,34500,36604.5,-33123.74,3480.76,34500,1.1050835443099118,1.1400882087174602,-0.030703470257732752
2020-09-23,1.058,34500,36501.0,-33123.74,3377.26,34500,1.101958897153522,1.1400882087174602,-0.0334441767508777
2020-09-24,1.041,34500,35914.5,-33123.74,2790.76,34500,1.0842525632673123,1.1400882087174602,-0.04897484687869901
2020-09-25,1.038,34500,35811.0,-33123.74,2687.26,34500,1.0811279161109224,1.1400882087174602,-0.05171555337184396
2020-09-28,1.041,34500,35914.5,-33123.74,2790.76,34500,1.0842525632673123,1.1400882087174602,-0.04897484687869901
2020-09-29,1.042,34500,35949.0,-33123.74,2825.26,34500,1.0852941123194422,1.1400882087174602,-0.04806127804765083
2020-09-30,1.036,34500,35742.0,-33123.74,2618.26,34500,1.0790448180066623,1.1400882087174602,-0.05354269103394072
2020-10-09,1.046,37400,39120.4,-36132.01,2988.39,37400,1.08270754934475,1.1400882087174602,-0.05033001739160205
2020-10-12,1.06,37400,39644.0,-36132.01,3511.99,37400,1.0971988549765153,1.1400882087174602,-0.03761932928785679
2020-10-13,1.061,37400,39681.4,-36132.01,3549.39,37400,1.0982339482359271,1.1400882087174602,-0.036711422994732075
2020-10-14,1.058,37400,39569.2,-36132.01,3437.19,37400,1.0951286684576915,1.1400882087174602,-0.039435141874106225
2020-10-15,1.062,37400,39718.8,-36132.01,3586.79,37400,1.099269041495339,1.1400882087174602,-0.035803516701607356
2020-10-16,1.069,37400,39980.6,-36132.01,3848.59,37400,1.1065146943112214,1.1400882087174602,-0.029448172649734924
2020-10-19,1.066,37400,39868.4,-36132.01,3736.39,37400,1.103409414532986,1.1400882087174602,-0.032171891529108876
2020-10-20,1.063,37400,39756.2,-36132.01,3624.19,37400,1.1003041347547506,1.1400882087174602,-0.03489561040848283
2020-10-21,1.068,37400,39943.2,-36132.01,3811.19,37400,1.1054796010518095,1.1400882087174602,-0.03035607894285964
2020-10-22,1.066,37400,39868.4,-36132.01,3736.39,37400,1.103409414532986,1.1400882087174602,-0.032171891529108876
2020-10-23,1.068,37400,39943.2,-36132.01,3811.19,37400,1.1054796010518095,1.1400882087174602,-0.03035607894285964
2020-10-26,1.06,37400,39644.0,-36132.01,3511.99,37400,1.0971988549765153,1.1400882087174602,-0.03761932928785679
2020-10-27,1.058,37400,39569.2,-36132.01,3437.19,37400,1.0951286684576915,1.1400882087174602,-0.039435141874106225
2020-10-28,1.054,37400,39419.6,-36132.01,3287.59,37400,1.0909882954200443,1.1400882087174602,-0.0430667670466049
2020-10-29,1.055,37400,39457.0,-36132.01,3324.99,37400,1.0920233886794561,1.1400882087174602,-0.04215886075348018
2020-10-30,1.049,37400,39232.6,-36132.01,3100.59,37400,1.0858128291229854,1.1400882087174602,-0.04760629851222809
2020-11-02,1.055,40300,42516.5,-39178.02,3338.48,40300,1.0852130863172769,1.1400882087174602,-0.0481323479890341
2020-11-03,1.063,40300,42838.9,-39178.02,3660.88,40300,1.0934421902893512,1.1400882087174602,-0.04091439422970907
2020-11-04,1.07,40300,43121.0,-39178.02,3942.98,40300,1.100642656264916,1.1400882087174602,-0.034598684690299794
2020-11-05,1.078,40300,43443.4,-39178.02,4265.38,40300,1.1088717602369902,1.1400882087174602,-0.027380730930974966
2020-11-06,1.086,40300,43765.8,-39178.02,4587.78,40300,1.1171008642090643,1.1400882087174602,-0.020162777171650135
2020-11-09,1.095,40300,44128.5,-39178.02,4950.48,40300,1.1263586061776476,1.1400882087174602,-0.01204257919240975
2020-11-10,1.095,40300,44128.5,-39178.02,4950.48,40300,1.1263586061776476,1.1400882087174602,-0.01204257919240975
2020-11-11,1.103,40300,44450.9,-39178.02,5272.88,40300,1.134587710149722,1.1400882087174602,-0.004824625433084726
2020-11-12,1.095,40300,44128.5,-39178.02,4950.48,40300,1.1263586061776476,1.1400882087174602,-0.01204257919240975
2020-11-13,1.085,40300,43725.5,-39178.02,4547.48,40300,1.116072226212555,1.1400882087174602,-0.02106502139156569
2020-11-16,1.095,40300,44128.5,-39178.02,4950.48,40300,1.1263586061776476,1.1400882087174602,-0.01204257919240975
2020-11-17,1.096,40300,44168.8,-39178.02,4990.78,40300,1.127387244174157,1.1400882087174602,-0.011140334972494
2020-11-18,1.101,40300,44370.3,-39178.02,5192.28,40300,1.1325304341567033,1.1400882087174602,-0.006629113872916031
2020-11-19,1.104,40300,44491.2,-39178.02,5313.18,40300,1.135616348146231,1.1400882087174602,-0.003922381213169366
2020-11-20,1.106,40300,44571.8,-39178.02,5393.78,40300,1.1376736241392498,1.1400882087174602,-0.0021178927733378657
2020-11-23,1.121,40300,45176.3,-39178.02,5998.28,40300,1.1531031940868888,1.1531031940868888,0.0
2020-11-24,1.121,40300,45176.3,-39178.02,5998.28,40300,1.1531031940868888,1.1531031940868888,0.0
2020-11-25,1.116,40300,44974.8,-39178.02,5796.78,40300,1.1479600041043423,1.1531031940868888,-0.0044603033006245674
2020-11-26,1.124,40300,45297.2,-39178.02,6119.18,40300,1.1561891080764164,1.1561891080764164,0.0
2020-11-27,1.137,40300,45821.1,-39178.02,6643.08,40300,1.1695614020310368,1.1695614020310368,0.0
2020-11-30,1.137,40300,45821.1,-39178.02,6643.08,40300,1.1695614020310368,1.1695614020310368,0.0
2020-12-01,1.145,42900,49120.5,-42138.03,6982.47,42900,1.1657047090241286,1.1695614020310368,-0.0032975549639469187
2020-12-02,1.144,42900,49077.6,-42138.03,6939.57,42900,1.1646866263088236,1.1695614020310368,-0.004168037448694646
2020-12-03,1.133,42900,48605.7,-42138.03,6467.67,42900,1.1534877164404695,1.1695614020310368,-0.013743344780918704
2020-12-04,1.127,42900,48348.3,-42138.03,6210.27,42900,1.1473792201486401,1.1695614020310368,-0.0189662396894045
2020-12-07,1.11,42900,47619.0,-42138.03,5480.97,42900,1.1300718139884565,1.1695614020310368,-0.03376444193011455
2020-12-08,1.103,42900,47318.7,-42138.03,5180.67,42900,1.122945234981322,1.1695614020310368,-0.03985781932334807
2020-12-09,1.1,42900,47190.0,-42138.03,5051.97,42900,1.1198909868354074,1.1695614020310368,-0.04246926677759087
2020-12-10,1.097,42900,47061.3,-42138.03,4923.27,42900,1.1168367386894926,1.1695614020310368,-0.045080714231833866
2020-12-11,1.091,42900,46803.9,-42138.03,4665.87,42900,1.1107282423976632,1.1695614020310368,-0.050303609140319665
2020-12-14,1.085,42900,46546.5,-42138.03,4408.47,42900,1.1046197461058336,1.1695614020310368,-0.05552650404880565
2020-12-15,1.079,43800,47260.2,-43040.21,4219.99,42900,1.0980476164033586,1.1695614020310368,-0.061145815434306215
2020-12-16,1.083,43800,47435.4,-43040.21,4395.19,42900,1.102118228512361,1.1695614020310368,-0.057665355065202505
2020-12-17,1.091,43800,47785.8,-43040.21,4745.59,42900,1.1102594527303655,1.1695614020310368,-0.050704434326995285
2020-12-18,1.095,43800,47961.0,-43040.21,4920.79,42900,1.1143300648393677,1.1695614020310368,-0.04722397395789177
2020-12-21,1.1,43800,48180.0,-43040.21,5139.79,42900,1.1194183299756204,1.1695614020310368,-0.042873398496512366
2020-12-22,1.072,43800,46953.6,-43040.21,3913.39,42900,1.0909240452126048,1.1695614020310368,-0.06723662108023737
2020-12-23,1.078,43800,47216.4,-43040.21,4176.19,42900,1.097029963376108,1.1695614020310368,-0.062015930526582094
2020-12-24,1.08,43800,47304.0,-43040.21,4263.79,42900,1.0990652694306091,1.1695614020310368,-0.060275700342030336
2020-12-25,1.088,43800,47654.4,-43040.21,4614.19,42900,1.1072064936486137,1.1695614020310368,-0.05331477960382311
2020-12-28,1.091,43800,47785.8,-43040.21,4745.59,42900,1.1102594527303655,1.1695614020310368,-0.050704434326995285
2020-12-29,1.084,43800,47479.2,-43040.21,4438.99,42900,1.1031358815396115,1.1695614020310368,-0.056795239972926626
2020-12-30,1.083,43800,47435.4,-43040.21,4395.19,42900,1.102118228512361,1.1695614020310368,-0.057665355065202505
2020-12-31,1.09,43800,47742.0,-43040.21,4701.79,42900,1.1092417997031148,1.1695614020310368,-0.05157454941927135
2021-01-04,1.088,45700,49721.6,-45113.87,4607.73,45700,1.1021355516607199,1.1695614020310368,-0.05765054340304539
2021-01-05,1.079,45700,49310.3,-45113.87,4196.43,45700,1.0930186215458793,1.1695614020310368,-0.06544571354033644
2021-01-06,1.092,45700,49904.4,-45113.87,4790.53,45700,1.1061875206006488,1.1695614020310368,-0.05418602334202728
2021-01-07,1.098,45700,50178.6,-45113.87,5064.73,45700,1.1122654740105427,1.1695614020310368,-0.048989243250499845
2021-01-08,1.106,45700,50544.2,-45113.87,5430.33,45700,1.1203694118904008,1.1695614020310368,-0.04206020312846345
2021-01-11,1.098,45700,50178.6,-45113.87,5064.73,45700,1.1122654740105427,1.1695614020310368,-0.048989243250499845
2021-01-12,1.108,45700,50635.6,-45113.87,5521.73,45700,1.1223953963603654,1.1695614020310368,-0.0403279430979543
2021-01-13,1.118,45700,51092.6,-45113.87,5978.73,45700,1.1325253187101882,1.1695614020310368,-0.03166664294540876
2021-01-14,1.117,45700,51046.9,-45113.87,5933.03,45700,1.1315123264752058,1.1695614020310368,-0.03253277296066343
2021-01-15,1.122,45700,51275.4,-45113.87,6161.53,45700,1.1365772876501172,1.1695614020310368,-0.02820212288439066
2021-01-18,1.126,45700,51458.2,-45113.87,6344.33,45700,1.1406292565900464,1.1695614020310368,-0.024737602823372368
2021-01-19,1.13,45700,51641.0,-45113.87,6527.13,45700,1.1446812255299754,1.1695614020310368,-0.021273082762354265
2021-01-20,1.126,45700,51458.2,-45113.87,6344.33,45700,1.1406292565900464,1.1695614020310368,-0.024737602823372368
2021-01-21,1.134,45700,51823.8,-45113.87,6709.93,45700,1.1487331944699046,1.1695614020310368,-0.017808562701335972
2021-01-22,1.121,45700,51229.7,-45113.87,6115.83,45700,1.135564295415135,1.1695614020310368,-0.02906825289964514
2021-01-25,1.116,45700,51001.2,-45113.87,5887.33,45700,1.1304993342402236,1.1695614020310368,-0.03339890297591791
2021-01-26,1.11,45700,50727.0,-45113.87,5613.13,45700,1.12442138083033,1.1695614020310368,-0.03859568306744516
2021-01-27,1.115,45700,50955.5,-45113.87,5841.63,45700,1.1294863420052412,1.1695614020310368,-0.034265032991172575
2021-01-28,1.109,45700,50681.3,-45113.87,5567.43,45700,1.1234083885953476,1.1695614020310368,-0.039461813082699825
2021-01-29,1.096,45700,50087.2,-45113.87,4973.33,45700,1.110239489540578,1.1695614020310368,-0.05072150328100899
2021-02-01,1.099,48400,53191.6,-48076.88,5114.72,48400,1.106386271322099,1.1695614020310368,-0.05401608722656972
2021-02-02,1.096,48400,53046.4,-48076.88,4969.52,48400,1.1033661086160333,1.1695614020310368,-0.05659839090111045
2021-02-03,1.088,48400,52659.2,-48076.88,4582.32,48400,1.095312341399858,1.1695614020310368,-0.06348453403321906
2021-02-04,1.085,48400,52514.0,-48076.88,4437.12,48400,1.0922921786937922,1.1695614020310368,-0.06606683770775978
2021-02-05,1.101,48400,53288.4,-48076.88,5211.52,48400,1.1083997131261432,1.1695614020310368,-0.05229455144354237
2021-02-08,1.101,48400,53288.4,-48076.88,5211.52,48400,1.1083997131261432,1.1695614020310368,-0.05229455144354237
2021-02-09,1.105,48400,53482.0,-48076.88,5405.12,48400,1.1124265967342308,1.1695614020310368,-0.048851479877488065
2021-02-10,1.108,48400,53627.2,-48076.88,5550.32,48400,1.1154467594402964,1.1695614020310368,-0.04626917620294753
2021-02-18,1.13,48400,54692.0,-48076.88,6615.12,48400,1.137594619284779,1.1695614020310368,-0.02733228258964846
2021-02-19,1.148,48400,55563.2,-48076.88,7486.32,48400,1.1557155955211735,1.1695614020310368,-0.01183846054240408
2021-02-22,1.168,48400,56531.2,-48076.88,8454.32,48400,1.1758500135616121,1.1758500135616121,0.0
2021-02-23,1.156,48400,55950.4,-48076.88,7873.52,48400,1.163769362737349,1.1758500135616121,-0.010273972602739623
2021-02-24,1.144,48400,55369.6,-48076.88,7292.72,48400,1.1516887119130859,1.1758500135616121,-0.020547945205479434
2021-02-25,1.169,48400,56579.6,-48076.88,8502.72,48400,1.176856734463634,1.176856734463634,0.0
2021-02-26,1.148,48400,55563.2,-48076.88,7486.32,48400,1.1557155955211735,1.176856734463634,-0.017964071856287435
2021-03-01,1.152,51000,58752.0,-51065.52,7686.48,51000,1.1505219177245234,1.176856734463634,-0.02237724947133267
2021-03-02,1.146,51000,58446.0,-51065.52,7380.48,51000,1.1445296160697083,1.176856734463634,-0.027469034630336057
2021-03-03,1.168,51000,59568.0,-51065.52,8502.48,51000,1.1665013888040308,1.176856734463634,-0.008799155713989983
2021-03-04,1.172,51000,59772.0,-51065.52,8706.48,51000,1.1704962565739074,1.176856734463634,-0.005404632274654452
2021-03-05,1.164,51000,59364.0,-51065.52,8298.48,51000,1.1625065210341539,1.176856734463634,-0.0121936791533257
2021-03-08,1.164,51000,59364.0,-51065.52,8298.48,51000,1.1625065210341539,1.176856734463634,-0.0121936791533257
2021-03-09,1.162,51000,59262.0,-51065.52,8196.48,51000,1.1605090871492154,1.176856734463634,-0.01389094087299356
2021-03-10,1.154,51000,58854.0,-51065.52,7788.48,51000,1.1525193516094618,1.176856734463634,-0.020679987751664807
2021-03-11,1.176,51000,59976.0,-51065.52,8910.48,51000,1.1744911243437843,1.176856734463634,-0.002010108835318734
2021-03-12,1.208,50100,60520.8,-49984.43,10536.37,51000,1.2107930409529528,1.2107930409529528,0.0
2021-03-15,1.216,50100,60921.6,-49984.43,10937.17,51000,1.218811537912906,1.218811537912906,0.0
2021-03-16,1.22,50100,61122.0,-49984.43,11137.57,51000,1.2228207863928828,1.2228207863928828,0.0
2021-03-17,1.206,50100,60420.6,-49984.43,10436.17,51000,1.2087884167129643,1.2228207863928828,-0.011475409836065714
2021-03-18,1.212,50100,60721.2,-49984.43,10736.77,51000,1.2148022894329293,1.2228207863928828,-0.00655737704918046
2021-03-19,1.2,51000,61200.0,-51056.2,10143.8,51000,1.198679102635919,1.2228207863928828,-0.019742618072577784
2021-03-22,1.216,51000,62016.0,-51056.2,10959.8,51000,1.2146614906710644,1.2228207863928828,-0.00667251964687888
2021-03-23,1.204,51000,61404.0,-51056.2,10347.8,51000,1.2026746996447053,1.2228207863928828,-0.016475093466153057
2021-03-24,1.188,51000,60588.0,-51056.2,9531.8,51000,1.1866923116095598,1.2228207863928828,-0.02954519189185196
2021-03-25,1.189,51000,60639.0,-51056.2,9582.8,51000,1.1876912108617563,1.2228207863928828,-0.028728310740245823
2021-03-26,1.189,51900,61709.1,-52117.25,9591.85,51000,1.1840436707616,1.2228207863928828,-0.03171120090759076
2021-03-29,1.21,51900,62799.0,-52117.25,10681.75,51000,1.2049561325664726,1.2228207863928828,-0.014609380233965415
2021-03-30,1.211,51900,62850.9,-52117.25,10733.65,51000,1.2059519640809906,1.2228207863928828,-0.013795007820935437
2021-03-31,1.212,51900,62902.8,-52117.25,10785.55,51000,1.2069477955955084,1.2228207863928828,-0.01298063540790564
2021-04-01,1.212,53500,64842.0,-54058.94,10783.06,53500,1.1994685800350506,1.2228207863928828,-0.01909699820095249
2021-04-02,1.199,53500,64146.5,-54058.94,10087.56,53500,1.1866029929554667,1.2228207863928828,-0.029618235018929143
2021-04-06,1.199,53500,64146.5,-54058.94,10087.56,53500,1.1866029929554667,1.2228207863928828,-0.029618235018929143
2021-04-07,1.202,54400,65388.8,-55109.39,10279.41,53500,1.1865273776392735,1.2228207863928828,-0.029680071812214454
2021-04-08,1.201,54400,65334.4,-55109.39,10225.01,53500,1.185540250037244,1.2228207863928828,-0.03048732632817776
2021-04-09,1.204,54400,65497.6,-55109.39,10388.21,53500,1.1885016328433322,1.2228207863928828,-0.02806556278028802
2021-04-12,1.207,54400,65660.8,-55109.39,10551.41,53500,1.1914630156494201,1.2228207863928828,-0.025643799232398456
2021-04-13,1.189,54400,64681.6,-55109.39,9572.21,53500,1.173694718812892,1.2228207863928828,-0.04017438051973637
2021-04-14,1.188,54400,64627.2,-55109.39,9517.81,53500,1.1727075912108627,1.2228207863928828,-0.040981635035699494
2021-04-15,1.182,54400,64300.8,-55109.39,9191.41,53500,1.1667848255986866,1.2228207863928828,-0.0458251621314788
2021-04-16,1.194,54400,64953.6,-55109.39,9844.21,53500,1.1786303568230387,1.2228207863928828,-0.03613810793992019
2021-04-19,1.197,54400,65116.8,-55109.39,10007.41,53500,1.181591739629127,1.2228207863928828,-0.03371634439203045
2021-04-20,1.194,54400,64953.6,-55109.39,9844.21,53500,1.1786303568230387,1.2228207863928828,-0.03613810793992019
2021-04-21,1.191,54400,64790.4,-55109.39,9681.01,53500,1.1756689740169506,1.2228207863928828,-0.038559871487809934
2021-04-22,1.188,54400,64627.2,-55109.39,9517.81,53500,1.1727075912108627,1.2228207863928828,-0.040981635035699494
2021-04-23,1.181,54400,64246.4,-55109.39,9137.01,53500,1.1657976979966573,1.2228207863928828,-0.04663241664744192
2021-04-26,1.173,54400,63811.2,-55109.39,8701.81,53500,1.1579006771804223,1.2228207863928828,-0.053090452775147845
2021-04-27,1.169,54400,63593.6,-55109.39,8484.21,53500,1.153952166772305,1.2228207863928828,-0.05631947083900071
2021-04-28,1.174,54400,63865.6,-55109.39,8756.21,53500,1.1588878047824518,1.2228207863928828,-0.05228319825918454
2021-04-29,1.184,54400,64409.6,-55109.39,9300.21,53500,1.1687590808027453,1.2228207863928828,-0.04421065309955236
2021-04-30,1.175,54400,63920.0,-55109.39,8810.61,53500,1.159874932384481,1.2228207863928828,-0.05147594374322141
2021-05-06,1.182,56100,66310.2,-57109.46,9200.74,56100,1.1611071090498841,1.2228207863928828,-0.05046829268011035
2021-05-07,1.196,56100,67095.6,-57109.46,9986.14,56100,1.174859646720526,1.2228207863928828,-0.03922172423469696
2021-05-10,1.203,56100,67488.3,-57109.46,10378.84,56100,1.1817359155558467,1.2228207863928828,-0.03359844001199037
2021-05-11,1.206,56100,67656.6,-57109.46,10547.14,56100,1.1846828879138414,1.2228207863928828,-0.03118846105940177
2021-05-12,1.207,56100,67712.7,-57109.46,10603.24,56100,1.1856652120331728,1.2228207863928828,-0.03038513474187236
2021-05-13,1.196,56100,67095.6,-57109.46,9986.14,56100,1.174859646720526,1.2228207863928828,-0.03922172423469696
2021-05-14,1.197,56100,67151.7,-57109.46,10042.24,56100,1.1758419708398573,1.2228207863928828,-0.03841839791716756
2021-05-17,1.2,56100,67320.0,-57109.46,10210.54,56100,1.178788943197852,1.2228207863928828,-0.03600841896457896
2021-05-18,1.207,56100,67712.7,-57109.46,10603.24,56100,1.1856652120331728,1.2228207863928828,-0.03038513474187236
2021-05-19,1.194,56100,66983.4,-57109.46,9873.94,56100,1.1728949984818626,1.2228207863928828,-0.04082837686975615
2021-05-20,1.187,56100,66590.7,-57109.46,9481.24,56100,1.1660187296465419,1.2228207863928828,-0.04645166109246275
2021-05-21,1.188,56100,66646.8,-57109.46,9537.34,56100,1.1670010537658735,1.2228207863928828,-0.04564833477493316
2021-05-24,1.189,56100,66702.9,-57109.46,9593.44,56100,1.167983377885205,1.2228207863928828,-0.044845008457403746
2021-05-25,1.201,56100,67376.1,-57109.46,10266.64,56100,1.1797712673171836,1.2228207863928828,-0.035205092647049366
2021-05-26,1.207,56100,67712.7,-57109.46,10603.24,56100,1.1856652120331728,1.2228207863928828,-0.03038513474187236
2021-05-27,1.205,56100,67600.5,-57109.46,10491.04,56100,1.1837005637945097,1.2228207863928828,-0.03199178737693136
2021-05-28,1.202,56100,67432.2,-57109.46,10322.74,56100,1.180753591436515,1.2228207863928828,-0.03440176632951996
2021-05-31,1.199,56100,67263.9,-57109.46,10154.44,56100,1.1778066190785204,1.2228207863928828,-0.03681174528210855
2021-06-01,1.198,58600,70202.8,-60110.82,10091.98,58600,1.1678895746223392,1.2228207863928828,-0.0449217190137743
2021-06-02,1.204,58600,70554.4,-60110.82,10443.58,58600,1.1737387711563407,1.2228207863928828,-0.040138355336047114
2021-06-03,1.212,58600,71023.2,-60110.82,10912.38,58600,1.1815376998683431,1.2228207863928828,-0.03376053709907723
2021-06-04,1.21,58600,70906.0,-60110.82,10795.18,58600,1.1795879676903427,1.2228207863928828,-0.03535499165831957
2021-06-07,1.203,58600,70495.8,-60110.82,10384.98,58600,1.1727639050673406,1.2228207863928828,-0.040935582615668195
2021-06-08,1.206,58600,70671.6,-60110.82,10560.78,58600,1.1756885033343416,1.2228207863928828,-0.03854390077680442
2021-06-09,1.213,58600,71081.8,-60110.82,10970.98,58600,1.1825125659573434,1.2228207863928828,-0.03296330981945597
2021-06-10,1.211,58600,70964.6,-60110.82,10853.78,58600,1.180562833779343,1.2228207863928828,-0.03455776437869831
2021-06-11,1.212,58600,71023.2,-60110.82,10912.38,58600,1.1815376998683431,1.2228207863928828,-0.03376053709907723
2021-06-15,1.202,58600,70437.2,-60110.82,10326.38,58600,1.1717890389783403,1.2228207863928828,-0.04173280989528945
2021-06-16,1.204,58600,70554.4,-60110.82,10443.58,58600,1.1737387711563407,1.2228207863928828,-0.040138355336047114
2021-06-17,1.198,58600,70202.8,-60110.82,10091.98,58600,1.1678895746223392,1.2228207863928828,-0.0449217190137743
2021-06-18,1.188,58600,69616.8,-60110.82,9505.98,58600,1.1581409137323364,1.2228207863928828,-0.052893991809986524
2021-06-21,1.187,58600,69558.2,-60110.82,9447.38,58600,1.157166047643336,1.2228207863928828,-0.05369121908960778
2021-06-22,1.192,58600,69851.2,-60110.82,9740.38,58600,1.1620403780883375,1.2228207863928828,-0.04970508269150167
2021-06-23,1.201,58600,70378.6,-60110.82,10267.78,58600,1.1708141728893402,1.2228207863928828,-0.04253003717491053
2021-06-24,1.207,58600,70730.2,-60110.82,10619.38,58600,1.1766633694233417,1.2228207863928828,-0.03774667349718334
2021-06-25,1.216,58600,71257.6,-60110.82,11146.78,58600,1.1854371642243444,1.2228207863928828,-0.030571627980592198
2021-06-28,1.213,58600,71081.8,-60110.82,10970.98,58600,1.1825125659573434,1.2228207863928828,-0.03296330981945597
2021-06-29,1.202,58600,70437.2,-60110.82,10326.38,58600,1.1717890389783403,1.2228207863928828,-0.04173280989528945
2021-06-30,1.205,58600,70613.0,-60110.82,10502.18,58600,1.1747136372453413,1.2228207863928828,-0.03934112805642567
2021-07-01,1.207,61100,73747.7,-63127.19,10620.51,61100,1.1682398662129583,1.2228207863928828,-0.04463525709350195
2021-07-02,1.199,61100,73258.9,-63127.19,10131.71,61100,1.1604967685081498,1.2228207863928828,-0.05096741777556671
2021-07-05,1.202,61100,73442.2,-63127.19,10315.01,61100,1.163400430147453,1.2228207863928828,-0.0485928575197924
2021-07-06,1.213,61100,74114.3,-63127.19,10987.11,61100,1.1740471894915645,1.2228207863928828,-0.039886136581953516
2021-07-07,1.207,61100,73747.7,-63127.19,10620.51,61100,1.1682398662129583,1.2228207863928828,-0.04463525709350195
2021-07-08,1.193,61100,72892.3,-63127.19,9765.11,61100,1.1546894452295438,1.2228207863928828,-0.05571653828711496
2021-07-09,1.193,61100,72892.3,-63127.19,9765.11,61100,1.1546894452295438,1.2228207863928828,-0.05571653828711496
2021-07-12,1.189,61100,72647.9,-63127.19,9520.71,61100,1.1508178963771394,1.2228207863928828,-0.05888261862814743
2021-07-13,1.201,61100,73381.1,-63127.19,10253.91,61100,1.162432542934352,1.2228207863928828,-0.04938437760505038
2021-07-14,1.193,61100,72892.3,-63127.19,9765.11,61100,1.1546894452295438,1.2228207863928828,-0.05571653828711496
2021-07-15,1.201,61100,73381.1,-63127.19,10253.91,61100,1.162432542934352,1.2228207863928828,-0.04938437760505038
2021-07-16,1.201,61100,73381.1,-63127.19,10253.91,61100,1.162432542934352,1.2228207863928828,-0.04938437760505038
2021-07-19,1.192,61100,72831.2,-63127.19,9704.01,61100,1.1537215580164426,1.2228207863928828,-0.05650805837237312
2021-07-20,1.191,61100,72770.1,-63127.19,9642.91,61100,1.1527536708033417,1.2228207863928828,-0.0572995784576311
2021-07-21,1.178,61100,71975.8,-63127.19,8848.61,61100,1.140171137033028,1.2228207863928828,-0.06758933956598613
2021-07-22,1.188,61100,72586.8,-63127.19,9459.61,61100,1.1498500091640385,1.2228207863928828,-0.059674138713405406
2021-07-23,1.182,61100,72220.2,-63127.19,9093.01,61100,1.1440426858854322,1.2228207863928828,-0.06442325922495384
2021-07-26,1.164,61100,71120.4,-63127.19,7993.21,61100,1.1266207160496133,1.2228207863928828,-0.07867062075959932
2021-07-27,1.138,62900,71580.2,-65196.67,6383.53,61100,1.0979119025557593,1.2228207863928828,-0.10214815222890009
2021-07-28,1.139,62900,71643.1,-65196.67,6446.43,61100,1.0988766757565993,1.2228207863928828,-0.10135917872470745
2021-07-29,1.134,63800,72349.2,-66215.92,6133.28,61100,1.0926254592551157,1.2228207863928828,-0.10647130682315406
2021-07-30,1.136,63800,72476.8,-66215.92,6260.88,61100,1.0945524882837845,1.2228207863928828,-0.10489541847539934
2021-08-02,1.15,63800,73370.0,-66215.92,7154.08,63800,1.1080416914844649,1.2228207863928828,-0.09386420004111734
2021-08-03,1.149,63800,73306.2,-66215.92,7090.28,63800,1.1070781769701303,1.2228207863928828,-0.0946521442149948
2021-08-04,1.145,63800,73051.0,-66215.92,6835.08,63800,1.1032241189127932,1.2228207863928828,-0.09780392091050388
2021-08-05,1.152,63800,73497.6,-66215.92,7281.68,63800,1.1099687205131334,1.2228207863928828,-0.0922883116933628
2021-08-06,1.153,63800,73561.4,-66215.92,7345.48,63800,1.1109322350274677,1.2228207863928828,-0.09150036751948554
2021-08-09,1.169,63800,74582.2,-66215.92,8366.28,63800,1.1263484672568167,1.2228207863928828,-0.078893260737449
2021-08-10,1.174,63800,74901.2,-66215.92,8685.28,63800,1.1311660398284884,1.2228207863928828,-0.07495353986806245
2021-08-11,1.185,63800,75603.0,-66215.92,9387.08,63800,1.1417646994861659,1.2228207863928828,-0.06628615395541229
2021-08-12,1.182,63800,75411.6,-66215.92,9195.68,63800,1.138874155943163,1.2228207863928828,-0.0686499864770441
2021-08-13,1.177,63800,75092.6,-66215.92,8876.68,63800,1.1340565833714915,1.2228207863928828,-0.07258970734643046
2021-08-16,1.187,63800,75730.6,-66215.92,9514.68,63800,1.1436917285148347,1.2228207863928828,-0.06471026560765757
2021-08-17,1.184,63800,75539.2,-66215.92,9323.28,63800,1.1408011849718316,1.2228207863928828,-0.06707409812928955
2021-08-18,1.198,63800,76432.4,-66215.92,10216.48,63800,1.154290388172512,1.2228207863928828,-0.05604287969500757
2021-08-19,1.186,63800,75666.8,-66215.92,9450.88,63800,1.1427282140005002,1.2228207863928828,-0.06549820978153502
2021-08-20,1.184,63800,75539.2,-66215.92,9323.28,63800,1.1408011849718316,1.2228207863928828,-0.06707409812928955
2021-08-23,1.191,63800,75985.8,-66215.92,9769.88,63800,1.1475457865721719,1.2228207863928828,-0.06155848891214847
2021-08-24,1.194,63800,76177.2,-66215.92,9961.28,63800,1.1504363301151748,1.2228207863928828,-0.05919465639051666
2021-08-25,1.195,63800,76241.0,-66215.92,10025.08,63800,1.151399844629509,1.2228207863928828,-0.058406712216639387
2021-08-26,1.192,63800,76049.6,-66215.92,9833.68,63800,1.1485093010865062,1.2228207863928828,-0.0607705447382712
2021-08-27,1.192,63800,76049.6,-66215.92,9833.68,63800,1.1485093010865062,1.2228207863928828,-0.0607705447382712
2021-08-30,1.182,63800,75411.6,-66215.92,9195.68,63800,1.138874155943163,1.2228207863928828,-0.0686499864770441
2021-08-31,1.202,63800,76687.6,-66215.92,10471.68,63800,1.1581444462298494,1.2228207863928828,-0.0528911029994983
2021-09-01,1.232,66300,81681.6,-69224.79,12456.81,66300,1.1799472414434196,1.2228207863928828,-0.03506118429335264
2021-09-02,1.251,66300,82941.3,-69224.79,13716.51,66300,1.1981444797449008,1.2228207863928828,-0.020179822687487203
2021-09-03,1.26,65400,82404.0,-68097.11,14306.89,66300,1.2100954063983038,1.2228207863928828,-0.010406578082563315
2021-09-06,1.273,65400,83254.2,-68097.11,15157.09,66300,1.2225805177341593,1.2228207863928828,-0.00019648722151040671
2021-09-07,1.283,65400,83908.2,-68097.11,15811.09,66300,1.2321844495309713,1.2321844495309713,0.0
2021-09-08,1.305,65400,85347.0,-68097.11,17249.89,66300,1.2533130994839576,1.2533130994839576,0.0
2021-09-09,1.322,65400,86458.8,-68097.11,18361.69,66300,1.2696397835385378,1.2696397835385378,0.0
2021-09-10,1.312,65400,85804.8,-68097.11,17707.69,66300,1.2600358517417258,1.2696397835385378,-0.00756429652042362
2021-09-13,1.333,65400,87178.2,-68097.11,19081.09,66300,1.2802041085150309,1.2802041085150309,0.0
2021-09-14,1.3,65400,85020.0,-68097.11,16922.89,66300,1.2485111335855517,1.2802041085150309,-0.02475618904726167
2021-09-15,1.289,65400,84300.6,-68097.11,16203.49,66300,1.2379468086090586,1.2802041085150309,-0.03300825206301557
2021-09-16,1.276,65400,83450.4,-68097.11,15353.29,66300,1.2254616972732029,1.2802041085150309,-0.04276069017254311
2021-09-17,1.283,65400,83908.2,-68097.11,15811.09,66300,1.2321844495309713,1.2802041085150309,-0.03750937734433601
2021-09-22,1.33,65400,86982.0,-68097.11,18884.89,66300,1.2773229289759873,1.2802041085150309,-0.0022505626406601363
2021-09-23,1.338,65400,87505.2,-68086.56,19418.64,66300,1.2852051858692817,1.2852051858692817,0.0
2021-09-24,1.308,67200,87897.6,-70472.05,17425.55,66300,1.2472689527266485,1.2852051858692817,-0.029517647111713154
2021-09-27,1.291,69000,89079.0,-72810.08,16268.92,66300,1.2234432375297486,1.2852051858692817,-0.048056099538501935
2021-09-28,1.322,69000,91218.0,-72810.08,18407.92,66300,1.2528210379661717,1.2852051858692817,-0.02519764801696322
2021-09-29,1.301,69000,89769.0,-72810.08,16958.92,66300,1.2329199473479495,1.2852051858692817,-0.040682405499295964
2021-09-30,1.309,69000,90321.0,-72810.08,17510.92,66300,1.2405013152025104,1.2852051858692817,-0.03478345026793108
2021-10-08,1.302,69000,89838.0,-72810.08,17027.92,69000,1.2338676183297697,1.2852051858692817,-0.03994503609537533
2021-10-11,1.302,69000,89838.0,-72810.08,17027.92,69000,1.2338676183297697,1.2852051858692817,-0.03994503609537533
2021-10-12,1.283,69900,89681.7,-73961.59,15720.11,69000,1.2125442408688076,1.2852051858692817,-0.056536454878469804
2021-10-13,1.265,70800,89562.0,-75101.58,14460.42,69000,1.1925448172994495,1.2852051858692817,-0.07209772384100593
2021-10-14,1.258,70800,89066.4,-75101.58,13964.82,69000,1.185945755069334,1.2852051858692817,-0.077232360942281
2021-10-15,1.264,71700,90628.8,-76230.18,14398.62,69000,1.1888834579690093,1.2852051858692817,-0.0749465758147581
2021-10-18,1.266,71700,90772.2,-76230.18,14542.02,69000,1.1907646026809855,1.2852051858692817,-0.07348288368788276
2021-10-19,1.266,71700,90772.2,-76230.18,14542.02,69000,1.1907646026809855,1.2852051858692817,-0.07348288368788276
2021-10-20,1.268,71700,90915.6,-76230.18,14685.42,69000,1.192645747392962,1.2852051858692817,-0.07201919156100728
2021-10-21,1.281,71700,91847.7,-76230.18,15617.52,69000,1.2048731880208077,1.2852051858692817,-0.06250519273631734
2021-10-22,1.266,71700,90772.2,-76230.18,14542.02,69000,1.1907646026809855,1.2852051858692817,-0.07348288368788276
2021-10-25,1.271,71700,91130.7,-76230.18,14900.52,69000,1.1954674644609262,1.2852051858692817,-0.0698236533706943
2021-10-26,1.26,71700,90342.0,-76230.18,14111.82,69000,1.1851211685450567,1.2852051858692817,-0.0778739600685089
2021-10-27,1.253,71700,89840.1,-76230.18,13609.92,69000,1.1785371620531397,1.2852051858692817,-0.0829968825125727
2021-10-28,1.239,73500,91066.5,-78465.43,12601.07,69000,1.1605939074061025,1.2852051858692817,-0.09695827548259943
2021-10-29,1.229,75300,92543.7,-80678.33,11865.37,69000,1.1470700992447413,1.2852051858692817,-0.1074809595723107
2021-11-01,1.234,75300,92920.2,-80678.33,12241.87,75300,1.151736779876331,1.2852051858692817,-0.10384988129555044
2021-11-02,1.208,77100,93136.8,-82869.1,10267.7,75300,1.1239026368091363,1.2852051858692817,-0.12550723482417656
2021-11-03,1.215,77100,93676.5,-82869.1,10807.4,75300,1.1304153176515732,1.2852051858692817,-0.12043980986040945
2021-11-04,1.216,77100,93753.6,-82869.1,10884.5,75300,1.1313457006290644,1.2852051858692817,-0.11971589200844258
2021-11-05,1.194,78900,94206.6,-85037.97,9168.63,75300,1.1078180723269853,1.2852051858692817,-0.13802240723322018
2021-11-08,1.19,80700,96033.0,-87185.15,8847.85,75300,1.1014834521704673,1.2852051858692817,-0.14295128569260282
2021-11-09,1.189,80700,95952.3,-87185.15,8767.15,75300,1.1005578358241055,1.2852051858692817,-0.14367149469622253
2021-11-10,1.188,82500,98010.0,-89310.86,8699.14,75300,1.0974029362162676,1.2852051858692817,-0.14612627751419255
2021-11-11,1.213,82500,100072.5,-89310.86,10761.64,75300,1.1204964323487647,1.2852051858692817,-0.1281575543979088
2021-11-12,1.208,82500,99660.0,-89310.86,10349.14,75300,1.1158777331222653,1.2852051858692817,-0.1317512990211655
2021-11-15,1.217,82500,100402.5,-89310.86,11091.64,75300,1.1241913917299644,1.2852051858692817,-0.12528255869930327
2021-11-16,1.207,82500,99577.5,-89310.86,10266.64,75300,1.1149539932769654,1.2852051858692817,-0.13247004794581688
2021-11-17,1.205,82500,99412.5,-89310.86,10101.64,75300,1.1131065135863656,1.2852051858692817,-0.13390754579511965
2021-11-18,1.2,82500,99000.0,-89310.86,9689.14,75300,1.1084878143598662,1.2852051858692817,-0.13750129041837636
2021-11-19,1.214,82500,100155.0,-89310.86,10844.14,75300,1.1214201721940646,1.2852051858692817,-0.12743880547325742
2021-11-22,1.207,82500,99577.5,-89310.86,10266.64,75300,1.1149539932769654,1.2852051858692817,-0.13247004794581688
2021-11-23,1.215,82500,100237.5,-89310.86,10926.64,75300,1.1223439120393646,1.2852051858692817,-0.12672005654860605
2021-11-24,1.22,82500,100650.0,-89310.86,11339.14,75300,1.126962611265864,1.2852051858692817,-0.12312631192534933
2021-11-25,1.219,82500,100567.5,-89310.86,11256.64,75300,1.126038871420564,1.2852051858692817,-0.1238450608500007
2021-11-26,1.21,82500,99825.0,-89310.86,10514.14,75300,1.1177252128128652,1.2852051858692817,-0.13031380117186275
2021-11-29,1.211,82500,99907.5,-89310.86,10596.64,75300,1.1186489526581649,1.2852051858692817,-0.12959505224721155
2021-11-30,1.211,82500,99907.5,-89310.86,10596.64,75300,1.1186489526581649,1.2852051858692817,-0.12959505224721155
2021-12-01,1.221,82500,100732.5,-89310.86,11421.64,82500,1.1278863511111639,1.2852051858692817,-0.12240756300069794
2021-12-02,1.23,82500,101475.0,-89310.86,12164.14,82500,1.136200009718863,1.2852051858692817,-0.11593882267883572
2021-12-03,1.247,82500,102877.5,-89310.86,13566.64,82500,1.151903587088961,1.2852051858692817,-0.10372009095976281
2021-12-06,1.249,82500,103042.5,-89310.86,13731.64,82500,1.1537510667795607,1.2852051858692817,-0.10228259311046006
2021-12-07,1.27,82500,104775.0,-89310.86,15464.14,82500,1.1731496035308584,1.2852051858692817,-0.08718886569278166
2021-12-08,1.263,82500,104197.5,-89310.86,14886.64,82500,1.1666834246137592,1.2852051858692817,-0.09222010816534112
2021-12-09,1.275,82500,105187.5,-89310.86,15876.64,82500,1.1777683027573578,1.2852051858692817,-0.08359512106952494
2021-12-10,1.268,82500,104610.0,-89310.86,15299.14,82500,1.1713021238402586,1.2852051858692817,-0.0886263635420844
2021-12-13,1.262,82500,104115.0,-89310.86,14804.14,82500,1.1657596847684593,1.2852051858692817,-0.0929388570899925
2021-12-14,1.256,82500,103620.0,-89310.86,14309.14,82500,1.16021724569666,1.2852051858692817,-0.0972513506379006
2021-12-15,1.267,82500,104527.5,-89310.86,15216.64,82500,1.1703783839949586,1.2852051858692817,-0.08934511246673578
2021-12-16,1.276,82500,105270.0,-89310.86,15959.14,82500,1.1786920426026577,1.2852051858692817,-0.08287637214487356
2021-12-17,1.276,82500,105270.0,-89310.86,15959.14,82500,1.1786920426026577,1.2852051858692817,-0.08287637214487356
2021-12-20,1.268,82500,104610.0,-89310.86,15299.14,82500,1.1713021238402586,1.2852051858692817,-0.0886263635420844
2021-12-21,1.284,82500,105930.0,-89310.86,16619.14,82500,1.1860819613650568,1.2852051858692817,-0.0771263807476627
2021-12-22,1.278,82500,105435.0,-89310.86,16124.14,82500,1.1805395222932575,1.2852051858692817,-0.0814388742955708
2021-12-23,1.29,82500,106425.0,-89310.86,17114.14,82500,1.1916244004368561,1.2852051858692817,-0.07281388719975461
2021-12-24,1.287,82500,106177.5,-89310.86,16866.64,82500,1.1888531809009566,1.2852051858692817,-0.07497013397370858
2021-12-27,1.295,82500,106837.5,-89310.86,17526.64,82500,1.1962430996633555,1.2852051858692817,-0.0692201425764979
2021-12-28,1.286,82500,106095.0,-89310.86,16784.14,82500,1.1879294410556567,1.2852051858692817,-0.07568888289835995
2021-12-29,1.275,82500,105187.5,-89310.86,15876.64,82500,1.1777683027573578,1.2852051858692817,-0.08359512106952494
2021-12-30,1.282,82500,105765.0,-89310.86,16454.14,82500,1.184234481674457,1.2852051858692817,-0.07856387859696547
2021-12-31,1.301,82500,107332.5,-89310.86,18021.64,82500,1.201785538735155,1.2852051858692817,-0.06490764902858963
2022-01-04,1.294,84800,109731.2,-92307.01,17424.19,84800,1.1887634536098612,1.2852051858692817,-0.07503994951140007
2022-01-05,1.296,84800,109900.8,-92307.01,17593.79,84800,1.1906008005242505,1.2852051858692817,-0.07361033583212863
2022-01-06,1.292,84800,109561.6,-92307.01,17254.59,84800,1.1869261066954722,1.2852051858692817,-0.07646956319067132
2022-01-07,1.307,84800,110833.6,-92307.01,18526.59,84800,1.2007062085533917,1.2852051858692817,-0.06574746059613577
2022-01-10,1.309,84800,111003.2,-92307.01,18696.19,84800,1.2025435554677808,1.2852051858692817,-0.06431784691686453
2022-01-11,1.314,84800,111427.2,-92307.01,19120.19,84800,1.207136922753754,1.2852051858692817,-0.06074381271868595
2022-01-12,1.303,84800,110494.4,-92307.01,18187.39,84800,1.197031514724613,1.2852051858692817,-0.06860668795467864
2022-01-13,1.297,84800,109985.6,-92307.01,17678.59,84800,1.1915194739814454,1.2852051858692817,-0.07289552899249274
2022-01-14,1.276,84800,108204.8,-92307.01,15897.79,84800,1.172227331380358,1.2852051858692817,-0.08790647262484258
2022-01-17,1.273,84800,107950.4,-92307.01,15643.39,84800,1.1694713110087738,1.2852051858692817,-0.0900508931437499
2022-01-18,1.308,84800,110918.4,-92307.01,18611.39,84800,1.2016248820105861,1.2852051858692817,-0.06503265375650023
2022-01-19,1.313,84800,111342.4,-92307.01,19035.39,84800,1.2062182492965594,1.2852051858692817,-0.061458619558321666
2022-01-20,1.319,84800,111851.2,-92307.01,19544.19,84800,1.2117302900397273,1.2852051858692817,-0.05716977852050738
2022-01-21,1.315,84800,111512.0,-92307.01,19204.99,84800,1.2080555962109487,1.2852051858692817,-0.06002900587905024
2022-01-24,1.307,84800,110833.6,-92307.01,18526.59,84800,1.2007062085533917,1.2852051858692817,-0.06574746059613577
2022-01-25,1.281,84800,108628.8,-92307.01,16321.79,84800,1.176820698666331,1.2852051858692817,-0.08433243842666417
2022-01-26,1.289,84800,109307.2,-92307.01,17000.19,84800,1.1841700863238882,1.2852051858692817,-0.07861398370957846
2022-01-27,1.285,84800,108968.0,-92307.01,16660.99,84800,1.1804953924951096,1.2852051858692817,-0.08147321106812132
2022-01-28,1.274,84800,108035.2,-92307.01,15728.19,84800,1.1703899844659686,1.2852051858692817,-0.089336086304114
2022-02-07,1.304,87200,113708.8,-95368.54,18340.26,87200,1.1923093296804168,1.2852051858692817,-0.07228095343081918
2022-02-08,1.325,87200,115540.0,-95368.54,20171.46,87200,1.211510630235086,1.2852051858692817,-0.05734069271153032
2022-02-09,1.325,87200,115540.0,-95368.54,20171.46,87200,1.211510630235086,1.2852051858692817,-0.05734069271153032
2022-02-10,1.339,87200,116760.8,-95368.54,21392.26,87200,1.2243114972715323,1.2852051858692817,-0.047380518898670905
2022-02-11,1.341,87200,116935.2,-95368.54,21566.66,87200,1.226140192562453,1.2852051858692817,-0.045957636925405373
2022-02-14,1.323,87200,115365.6,-95368.54,19997.06,87200,1.2096819349441652,1.2852051858692817,-0.05876357468479585
2022-02-15,1.314,87200,114580.8,-95368.54,19212.26,87200,1.2014528061350211,1.2852051858692817,-0.06516654356449118
2022-02-16,1.317,87200,114842.4,-95368.54,19473.86,87200,1.2041958490714024,1.2852051858692817,-0.06303222060459279
2022-02-17,1.312,87200,114406.4,-95368.54,19037.86,87200,1.1996241108441001,1.2852051858692817,-0.06658942553775689
2022-02-18,1.325,87200,115540.0,-95368.54,20171.46,87200,1.211510630235086,1.2852051858692817,-0.05734069271153032
2022-02-21,1.325,87200,115540.0,-95368.54,20171.46,87200,1.211510630235086,1.2852051858692817,-0.05734069271153032
2022-02-22,1.314,87200,114580.8,-95368.54,19212.26,87200,1.2014528061350211,1.2852051858692817,-0.06516654356449118
2022-02-23,1.308,87200,114057.6,-95368.54,18689.06,87200,1.1959667202622586,1.2852051858692817,-0.06943518948428795
2022-02-24,1.286,87200,112139.2,-95368.54,16770.66,87200,1.1758510720621287,1.2852051858692817,-0.08508689119020985
2022-02-25,1.285,87200,112052.0,-95368.54,16683.46,87200,1.1749367244166684,1.2852051858692817,-0.08579833217684252
2022-02-28,1.285,87200,112052.0,-95368.54,16683.46,87200,1.1749367244166684,1.2852051858692817,-0.08579833217684252
2022-03-01,1.294,89500,115813.0,-98327.85,17485.15,89500,1.1778250007500417,1.2852051858692817,-0.08355100516234737
2022-03-02,1.297,89500,116081.5,-98327.85,17753.65,89500,1.1805556614936663,1.2852051858692817,-0.08142631661171905
2022-03-03,1.315,89500,117692.5,-98327.85,19364.65,89500,1.1969396259554135,1.2852051858692817,-0.06867818530794949
2022-03-04,1.301,89500,116439.5,-98327.85,18111.65,89500,1.1841965424851657,1.2852051858692817,-0.07859339854421468
2022-03-07,1.286,89500,115097.0,-98327.85,16769.15,89500,1.1705432387670431,1.2852051858692817,-0.08921684129735594
2022-03-08,1.26,89500,112770.0,-98327.85,14442.15,89500,1.1468775123222972,1.2852051858692817,-0.10763080873613423
2022-03-09,1.24,89500,110980.0,-98327.85,12652.15,89500,1.1286731073648004,1.2852051858692817,-0.12179539907365589
2022-03-10,1.253,89500,112143.5,-98327.85,13815.65,89500,1.1405059705871734,1.2852051858692817,-0.11258841535426674
2022-03-11,1.254,89500,112233.0,-98327.85,13905.15,89500,1.1414161908350482,1.2852051858692817,-0.11188018583739069
2022-03-14,1.233,89500,110353.5,-98327.85,12025.65,89500,1.1223015656296766,1.2852051858692817,-0.1267530056917884
2022-03-15,1.176,89500,105252.0,-98327.85,6924.15,89500,1.0704190115008108,1.2852051858692817,-0.16712208815372523
2022-03-16,1.195,91300,109103.5,-100432.3,8671.2,89500,1.0863387575511065,1.2852051858692817,-0.15473515863824241
2022-03-17,1.208,91300,110290.4,-100432.3,9858.1,89500,1.0981566687211186,1.2852051858692817,-0.14553980889957893
2022-03-18,1.23,91300,112299.0,-100432.3,11866.7,89500,1.118156210701139,1.2852051858692817,-0.12997844780337925
2022-03-21,1.22,91300,111386.0,-100432.3,10953.7,89500,1.1090655098011297,1.2852051858692817,-0.13705179375619725
2022-03-22,1.238,91300,113029.4,-100432.3,12597.1,89500,1.1254287714211464,1.2852051858692817,-0.12431977104112475
2022-03-23,1.246,91300,113759.8,-100432.3,13327.5,89500,1.1327013321411539,1.2852051858692817,-0.11866109427887025
2022-03-24,1.242,91300,113394.6,-100432.3,12962.3,89500,1.12906505178115,1.2852051858692817,-0.1214904326599976
2022-03-25,1.24,91300,113212.0,-100432.3,12779.7,89500,1.127246911601148,1.2852051858692817,-0.12290510185056126
2022-03-28,1.255,91300,114581.5,-100432.3,14149.2,89500,1.140882962951162,1.2852051858692817,-0.1122950829213341
2022-03-29,1.248,91300,113942.4,-100432.3,13510.1,89500,1.1345194723211556,1.2852051858692817,-0.11724642508830677
2022-03-30,1.269,91300,115859.7,-100432.3,15427.4,89500,1.1536099442111751,1.2852051858692817,-0.10239239858738876
2022-03-31,1.28,91300,116864.0,-100432.3,16431.7,89500,1.1636097152011853,1.2852051858692817,-0.09461171803928893
2022-04-01,1.298,92000,119416.0,-101329.48,18086.52,92000,1.178492182136926,1.2852051858692817,-0.08303188074998118
2022-04-06,1.318,92000,121256.0,-101329.48,19926.52,92000,1.1966507673778648,1.2852051858692817,-0.06890294208665274
2022-04-07,1.301,92000,119692.0,-101329.48,18362.52,92000,1.1812159699230669,1.2852051858692817,-0.08091253995048192
2022-04-08,1.317,92000,121164.0,-101329.48,19834.52,92000,1.195742838115818,1.2852051858692817,-0.0696093890198191
2022-04-11,1.297,92000,119324.0,-101329.48,17994.52,92000,1.177584252874879,1.2852051858692817,-0.08373832768314772
2022-04-12,1.304,92000,119968.0,-101329.48,18638.52,92000,1.1839397577092077,1.2852051858692817,-0.07879319915098267
2022-04-13,1.295,92000,119140.0,-101329.48,17810.52,92000,1.1757683943507853,1.2852051858692817,-0.08515122154948043
2022-04-14,1.301,92000,119692.0,-101329.48,18362.52,92000,1.1812159699230669,1.2852051858692817,-0.08091253995048192
2022-04-15,1.303,92000,119876.0,-101329.48,18546.52,92000,1.1830318284471608,1.2852051858692817,-0.07949964608414903
2022-04-18,1.286,92000,118312.0,-101329.48,16982.52,92000,1.1675970309923627,1.2852051858692817,-0.09150924394797838
2022-04-19,1.294,92000,119048.0,-101329.48,17718.52,92000,1.1748604650887382,1.2852051858692817,-0.08585766848264698
2022-04-20,1.276,92000,117392.0,-101329.48,16062.52,92000,1.1585177383718934,1.2852051858692817,-0.09857371327964252
2022-04-21,1.254,92000,115368.0,-101329.48,14038.52,92000,1.1385432946068608,1.2852051858692817,-0.11411554580930387
2022-04-22,1.279,92000,117668.0,-101329.48,16338.52,92000,1.1612415261580342,1.2852051858692817,-0.09645437248014327
2022-04-25,1.246,92000,114632.0,-101329.48,13302.52,92000,1.1312798605104852,1.2852051858692817,-0.11976712127463528
2022-04-26,1.223,92000,112516.0,-101329.48,11186.52,92000,1.1103974874834057,1.2852051858692817,-0.136015400737463
2022-04-27,1.226,92000,112792.0,-101329.48,11462.52,92000,1.1131212752695465,1.2852051858692817,-0.13389605993796372
2022-04-28,1.24,92000,114080.0,-101329.48,12750.52,92000,1.1258322849382036,1.2852051858692817,-0.1240058028736338
2022-04-29,1.264,92000,116288.0,-101329.48,14958.52,92000,1.1476225872273302,1.2852051858692817,-0.10705107647763956
2022-05-05,1.27,94400,119888.0,-104366.98,15521.02,94400,1.1487158103070532,1.2852051858692817,-0.10620045504244553
2022-05-06,1.24,94400,117056.0,-104366.98,12689.02,94400,1.1215807911659417,1.2852051858692817,-0.12731383012018305
2022-05-09,1.241,94400,117150.4,-104366.98,12783.42,94400,1.1224852918039787,1.2852051858692817,-0.12661005095092515
2022-05-10,1.246,94400,117622.4,-104366.98,13255.42,94400,1.127007794994164,1.2852051858692817,-0.12309115510463559
2022-05-11,1.245,94400,117528.0,-104366.98,13161.02,94400,1.1261032943561269,1.2852051858692817,-0.12379493427389349
2022-05-12,1.236,94400,116678.4,-104366.98,12311.42,94400,1.1179627886137933,1.2852051858692817,-0.13012894679721487
2022-05-13,1.252,94400,118188.8,-104366.98,13821.82,94400,1.1324347988223862,1.2852051858692817,-0.11886848008908811
2022-05-16,1.253,94400,118283.2,-104366.98,13916.22,94400,1.1333392994604232,1.2852051858692817,-0.1181647009198302
2022-05-17,1.249,94400,117905.6,-104366.98,13538.62,94400,1.129721296908275,1.2852051858692817,-0.12097981759686184
2022-05-18,1.242,94400,117244.8,-104366.98,12877.82,94400,1.1233897924420158,1.2852051858692817,-0.12590627178166722
2022-05-19,1.242,94400,117244.8,-104366.98,12877.82,94400,1.1233897924420158,1.2852051858692817,-0.12590627178166722
2022-05-20,1.249,94400,117905.6,-104366.98,13538.62,94400,1.129721296908275,1.2852051858692817,-0.12097981759686184
2022-05-23,1.242,94400,117244.8,-104366.98,12877.82,94400,1.1233897924420158,1.2852051858692817,-0.12590627178166722
2022-05-24,1.229,94400,116017.6,-104366.98,11650.62,94400,1.1116312841475342,1.2852051858692817,-0.13505540098202007
2022-05-25,1.237,94400,116772.8,-104366.98,12405.82,94400,1.1188672892518305,1.2852051858692817,-0.12942516762795678
2022-05-26,1.247,94400,117716.8,-104366.98,13349.82,94400,1.127912295632201,1.2852051858692817,-0.12238737593537767
2022-05-27,1.247,94400,117716.8,-104366.98,13349.82,94400,1.127912295632201,1.2852051858692817,-0.12238737593537767
2022-05-30,1.247,94400,117716.8,-104366.98,13349.82,94400,1.127912295632201,1.2852051858692817,-0.12238737593537767
2022-05-31,1.247,94400,117716.8,-104366.98,13349.82,94400,1.127912295632201,1.2852051858692817,-0.12238737593537767
2022-06-01,1.247,96800,120709.6,-107363.63,13345.97,96800,1.12430624784203,1.2852051858692817,-0.12519319078099073
2022-06-02,1.239,96800,119935.2,-107363.63,12571.57,96800,1.1170933769657378,1.2852051858692817,-0.1308054237190438
2022-06-06,1.236,96800,119644.8,-107363.63,12281.17,96800,1.1143885503871283,1.2852051858692817,-0.1329100110708137
2022-06-07,1.238,96800,119838.4,-107363.63,12474.77,96800,1.1161917681062012,1.2852051858692817,-0.13150695283630048
2022-06-08,1.243,96800,120322.4,-107363.63,12958.77,96800,1.1206998124038838,1.2852051858692817,-0.12799930725001735
2022-06-09,1.245,96800,120516.0,-107363.63,13152.37,96800,1.1225030301229568,1.2852051858692817,-0.12659624901550412
2022-06-10,1.252,96800,121193.6,-107363.63,13829.97,96800,1.1288142921397124,1.2852051858692817,-0.12168554519470777
2022-06-13,1.239,96800,119935.2,-107363.63,12571.57,96800,1.1170933769657378,1.2852051858692817,-0.1308054237190438
2022-06-14,1.258,96800,121774.4,-107363.63,14410.77,96800,1.1342239452969314,1.2852051858692817,-0.1174763704911681
2022-06-15,1.271,96800,123032.8,-107363.63,15669.17,96800,1.1459448604709062,1.2852051858692817,-0.1083564919668319
2022-06-16,1.25,96800,121000.0,-107363.63,13636.37,96800,1.1270110744206394,1.2852051858692817,-0.12308860342922098
2022-06-17,1.257,96800,121677.6,-107363.63,14313.97,96800,1.133322336437395,1.2852051858692817,-0.11817789960842462
2022-06-20,1.257,96800,121677.6,-107363.63,14313.97,96800,1.133322336437395,1.2852051858692817,-0.11817789960842462
2022-06-21,1.255,96800,121484.0,-107363.63,14120.37,96800,1.131519118718322,1.2852051858692817,-0.11958095784293785
2022-06-22,1.244,96800,120419.2,-107363.63,13055.57,96800,1.1216014212634202,1.2852051858692817,-0.12729777813276083
2022-06-23,1.253,96800,121290.4,-107363.63,13926.77,96800,1.1297159009992488,1.2852051858692817,-0.12098401607745124
2022-06-24,1.256,96800,121580.8,-107363.63,14217.17,96800,1.1324207275778586,1.2852051858692817,-0.11887942872568115
2022-06-27,1.253,96800,121290.4,-107363.63,13926.77,96800,1.1297159009992488,1.2852051858692817,-0.12098401607745124
2022-06-28,1.256,96800,121580.8,-107363.63,14217.17,96800,1.1324207275778586,1.2852051858692817,-0.11887942872568115
2022-06-29,1.263,96800,122258.4,-107363.63,14894.77,96800,1.138731989594614,1.2852051858692817,-0.11396872490488495
2022-06-30,1.268,96800,122742.4,-107363.63,15378.77,96800,1.1432400338922966,1.2852051858692817,-0.11046107931860182
2022-07-01,1.266,99200,125587.2,-110410.75,15176.45,99200,1.137454459823885,1.2852051858692817,-0.11496275277278914
2022-07-04,1.264,99200,125388.8,-110410.75,14978.05,99200,1.13565753334707,1.2852051858692817,-0.11636091588057301
2022-07-05,1.266,99200,125587.2,-110410.75,15176.45,99200,1.137454459823885,1.2852051858692817,-0.11496275277278914
2022-07-06,1.257,99200,124694.4,-110410.75,14283.65,99200,1.1293682906782174,1.2852051858692817,-0.12125448675781676
2022-07-07,1.251,99200,124099.2,-110410.75,13688.45,99200,1.1239775112477726,1.2852051858692817,-0.1254489760811684
2022-07-08,1.258,99200,124793.6,-110410.75,14382.85,99200,1.1302667539166251,1.2852051858692817,-0.12055540520392466
2022-07-11,1.259,99200,124892.8,-110410.75,14482.05,99200,1.1311652171550324,1.2852051858692817,-0.11985632365003289
2022-07-12,1.271,99200,126083.2,-110410.75,15672.45,99200,1.1419467760159223,1.2852051858692817,-0.11146734500332944
2022-07-13,1.262,99200,125190.4,-110410.75,14779.65,99200,1.1338606068702548,1.2852051858692817,-0.11775907898835707
2022-07-14,1.244,99200,123404.8,-110410.75,12994.05,99200,1.11768826857892,1.2852051858692817,-0.13034254695841216
2022-07-15,1.225,99200,121520.0,-110410.75,11109.25,99200,1.1006174670491777,1.2852051858692817,-0.1436250964823592
2022-07-18,1.243,99200,123305.6,-110410.75,12894.85,99200,1.1167898053405125,1.2852051858692817,-0.13104162851230408
2022-07-19,1.246,99200,123603.2,-110410.75,13192.45,99200,1.119485195055735,1.2852051858692817,-0.12894438385062829
2022-07-20,1.25,99200,124000.0,-110410.75,13589.25,99200,1.123079048009365,1.2852051858692817,-0.12614805763506035
2022-07-21,1.238,99200,122809.6,-110410.75,12398.85,99200,1.1122974891484751,1.2852051858692817,-0.13453703628176378
2022-07-22,1.241,99200,123107.2,-110410.75,12696.45,99200,1.1149928788636976,1.2852051858692817,-0.13243979162008798
2022-07-25,1.233,99200,122313.6,-110410.75,11902.85,99200,1.1078051729564378,1.2852051858692817,-0.1380324440512235
2022-07-26,1.243,99200,123305.6,-110410.75,12894.85,99200,1.1167898053405125,1.2852051858692817,-0.13104162851230408
2022-07-27,1.237,99200,122710.4,-110410.75,12299.65,99200,1.1113990259100677,1.2852051858692817,-0.13523611783565573
2022-07-28,1.237,99200,122710.4,-110410.75,12299.65,99200,1.1113990259100677,1.2852051858692817,-0.13523611783565573
2022-07-29,1.231,99200,122115.2,-110410.75,11704.45,99200,1.1060082464796226,1.2852051858692817,-0.13943060715900754
2022-08-01,1.227,101600,124663.2,-113368.95,11294.25,101600,1.0996238388024233,1.2852051858692817,-0.14439822458492155
2022-08-02,1.207,101600,122631.2,-113368.95,9262.25,101600,1.0817000598488387,1.2852051858692817,-0.15834446379299122
2022-08-03,1.2,101600,121920.0,-113368.95,8551.05,101600,1.075426737215084,1.2852051858692817,-0.16322564751581556
2022-08-04,1.205,101600,122428.0,-113368.95,9059.05,101600,1.0799076819534803,1.2852051858692817,-0.1597390877137981
2022-08-05,1.218,101600,123748.8,-113368.95,10379.85,101600,1.0915581382733104,1.2852051858692817,-0.15067403222855277
2022-08-08,1.222,101600,124155.2,-113368.95,10786.25,101600,1.0951428940640273,1.2852051858692817,-0.14788478438693883
2022-08-09,1.219,101600,123850.4,-113368.95,10481.45,101600,1.0924543272209895,1.2852051858692817,-0.1499767202681494
2022-08-10,1.217,101600,123647.2,-113368.95,10278.25,101600,1.090661949325631,1.2852051858692817,-0.15137134418895629
2022-08-11,1.227,101600,124663.2,-113368.95,11294.25,101600,1.0996238388024233,1.2852051858692817,-0.14439822458492155
2022-08-12,1.234,101600,125374.4,-113368.95,12005.45,101600,1.1058971614361781,1.2852051858692817,-0.139517040862097
2022-08-15,1.231,101600,125069.6,-113368.95,11700.65,101600,1.1032085945931405,1.2852051858692817,-0.1416089767433074
2022-08-16,1.229,101600,124866.4,-113368.95,11497.45,101600,1.101416216697782,1.2852051858692817,-0.1430036006641145
2022-08-17,1.234,101600,125374.4,-113368.95,12005.45,101600,1.1058971614361781,1.2852051858692817,-0.139517040862097
2022-08-18,1.227,101600,124663.2,-113368.95,11294.25,101600,1.0996238388024233,1.2852051858692817,-0.14439822458492155
2022-08-19,1.228,101600,124764.8,-113368.95,11395.85,101600,1.1005200277501026,1.2852051858692817,-0.143700912624518
2022-08-22,1.232,101600,125171.2,-113368.95,11802.25,101600,1.1041047835408195,1.2852051858692817,-0.14091166478290407
2022-08-23,1.229,101600,124866.4,-113368.95,11497.45,101600,1.101416216697782,1.2852051858692817,-0.1430036006641145
2022-08-24,1.221,101600,124053.6,-113368.95,10684.65,101600,1.094246705116348,1.2852051858692817,-0.14858209634734235
2022-08-25,1.234,101600,125374.4,-113368.95,12005.45,101600,1.1058971614361781,1.2852051858692817,-0.139517040862097
2022-08-26,1.233,101600,125272.8,-113368.95,11903.85,101600,1.1050009724884988,1.2852051858692817,-0.14021435282250055
2022-08-29,1.233,101600,125272.8,-113368.95,11903.85,101600,1.1050009724884988,1.2852051858692817,-0.14021435282250055
2022-08-30,1.237,101600,125679.2,-113368.95,12310.25,101600,1.1085857282792158,1.2852051858692817,-0.13742510498088661
2022-08-31,1.238,101600,125780.8,-113368.95,12411.85,101600,1.109481917226895,1.2852051858692817,-0.13672779302048307
2022-09-01,1.24,104000,128960.0,-116343.98,12616.02,104000,1.1084372392967818,1.2852051858692817,-0.1375406421605265
2022-09-02,1.241,104000,129064.0,-116343.98,12720.02,104000,1.1093311402962147,1.2852051858692817,-0.1368451104203334
2022-09-05,1.25,104000,130000.0,-116343.98,13656.02,104000,1.1173762492911108,1.2852051858692817,-0.13058532475859522
2022-09-06,1.255,104000,130520.0,-116343.98,14176.02,104000,1.1218457542882752,1.2852051858692817,-0.12710766605762966
2022-09-07,1.249,104000,129896.0,-116343.98,13552.02,104000,1.116482348291678,1.2852051858692817,-0.13128085649878835
2022-09-08,1.254,104000,130416.0,-116343.98,14072.02,104000,1.1209518532888423,1.2852051858692817,-0.1278031977978228
2022-09-09,1.266,104000,131664.0,-116343.98,15320.02,104000,1.131678665282037,1.2852051858692817,-0.11945681691550526
2022-09-13,1.265,104000,131560.0,-116343.98,15216.02,104000,1.130784764282604,1.2852051858692817,-0.12015234865569838
2022-09-14,1.26,104000,131040.0,-116343.98,14696.02,104000,1.1263152592854397,1.2852051858692817,-0.12363000735666393
2022-09-15,1.263,104000,131352.0,-116343.98,15008.02,104000,1.1289969622837384,1.2852051858692817,-0.1215434121360846
2022-09-16,1.23,104000,127920.0,-116343.98,11576.02,104000,1.099498229302453,1.2852051858692817,-0.1444959595624578
2022-09-19,1.228,104000,127712.0,-116343.98,11368.02,104000,1.0977104273035871,1.2852051858692817,-0.145887023042844
2022-09-20,1.222,104000,127088.0,-116343.98,10744.02,104000,1.09234702130699,1.2852051858692817,-0.1500602134840027
2022-09-21,1.234,104000,128336.0,-116343.98,11992.02,104000,1.1030738333001846,1.2852051858692817,-0.14171383260168519
2022-09-22,1.229,104000,127816.0,-116343.98,11472.02,104000,1.09860432830302,1.2852051858692817,-0.1451914913026509
2022-09-23,1.232,104000,128128.0,-116343.98,11784.02,104000,1.1012860313013189,1.2852051858692817,-0.14310489608207141
2022-09-26,1.208,104000,125632.0,-116343.98,9288.02,104000,1.0798324073149295,1.2852051858692817,-0.15979765784670644
2022-09-27,1.217,104000,126568.0,-116343.98,10224.02,104000,1.0878775163098255,1.2852051858692817,-0.15353787218496825
2022-09-28,1.211,104000,125944.0,-116343.98,9600.02,104000,1.082514110313228,1.2852051858692817,-0.15771106262612708
2022-09-29,1.198,104000,124592.0,-116343.98,8248.02,104000,1.0708933973206005,1.2852051858692817,-0.16675297524863772
2022-09-30,1.207,104000,125528.0,-116343.98,9184.02,104000,1.0789385063154966,1.2852051858692817,-0.16049318958689954
2022-10-10,1.206,106500,128439.0,-119365.36,9073.64,106500,1.0760156883035412,1.2852051858692817,-0.16276739299355514
2022-10-11,1.204,106500,128226.0,-119365.36,8860.64,106500,1.0742312510095056,1.2852051858692817,-0.16415583844464374
2022-10-12,1.216,106500,129504.0,-119365.36,10138.64,106500,1.08493787477372,1.2852051858692817,-0.1558251657381119
2022-10-13,1.208,106500,128652.0,-119365.36,9286.64,106500,1.077800125597577,1.2852051858692817,-0.1613789475424664
2022-10-14,1.219,106500,129823.5,-119365.36,10458.14,106500,1.0876145307147735,1.2852051858692817,-0.15374249756147895
2022-10-17,1.22,106500,129930.0,-119365.36,10564.64,106500,1.0885067493617915,1.2852051858692817,-0.15304827483593456
2022-10-18,1.22,106500,129930.0,-119365.36,10564.64,106500,1.0885067493617915,1.2852051858692817,-0.15304827483593456
2022-10-19,1.208,106500,128652.0,-119365.36,9286.64,106500,1.077800125597577,1.2852051858692817,-0.1613789475424664
2022-10-20,1.204,106500,128226.0,-119365.36,8860.64,106500,1.0742312510095056,1.2852051858692817,-0.16415583844464374
2022-10-21,1.207,106500,128545.5,-119365.36,9180.14,106500,1.0769079069505592,1.2852051858692817,-0.16207317026801077
2022-10-24,1.19,106500,126735.0,-119365.36,7369.64,106500,1.0617401899512555,1.2852051858692817,-0.17387495660226412
2022-10-25,1.186,106500,126309.0,-119365.36,6943.64,106500,1.058171315363184,1.2852051858692817,-0.17665184750444146
2022-10-26,1.185,106500,126202.5,-119365.36,6837.14,106500,1.0572790967161663,1.2852051858692817,-0.17734607022998566
2022-10-27,1.192,106500,126948.0,-119365.36,7582.64,106500,1.0635246272452912,1.2852051858692817,-0.17248651115117555
2022-10-28,1.172,106500,124818.0,-119365.36,5452.64,106500,1.045680254304934,1.2852051858692817,-0.18637096566206188
2022-10-31,1.155,108300,125086.5,-121448.77,3637.73,106500,1.029952794087581,1.2852051858692817,-0.19860828028720887
2022-11-01,1.175,109100,128192.5,-122373.98,5818.52,109100,1.0475470357342305,1.2852051858692817,-0.18491844940254032
2022-11-02,1.18,109100,128738.0,-122373.98,6364.02,109100,1.0520046826948017,1.2852051858692817,-0.1814500172723383
2022-11-03,1.174,109100,128083.4,-122373.98,5709.42,109100,1.0466555063421161,1.2852051858692817,-0.1856121358285808
2022-11-04,1.191,109100,129938.1,-122373.98,7564.12,109100,1.0618115060080584,1.2852051858692817,-0.17381946658589398
2022-11-07,1.193,109100,130156.3,-122373.98,7782.32,109100,1.0635945647922869,1.2852051858692817,-0.1724320937338132
2022-11-08,1.191,109100,129938.1,-122373.98,7564.12,109100,1.0618115060080584,1.2852051858692817,-0.17381946658589398
2022-11-09,1.189,109100,129719.9,-122373.98,7345.92,109100,1.0600284472238297,1.2852051858692817,-0.17520683943797494
2022-11-10,1.189,109100,129719.9,-122373.98,7345.92,109100,1.0600284472238297,1.2852051858692817,-0.17520683943797494
2022-11-11,1.209,109100,131901.9,-122373.98,9527.92,109100,1.0778590350661146,1.2852051858692817,-0.16133311091716704
2022-11-14,1.215,109100,132556.5,-122373.98,10182.52,109100,1.0832082114188,1.2852051858692817,-0.15717099236092472
2022-11-15,1.224,109100,133538.4,-122373.98,11164.42,109100,1.0912319759478282,1.2852051858692817,-0.15092781452656115
2022-11-16,1.222,109100,133320.2,-122373.98,10946.22,109100,1.0894489171635997,1.2852051858692817,-0.15231518737864194
2022-11-17,1.222,109100,133320.2,-122373.98,10946.22,109100,1.0894489171635997,1.2852051858692817,-0.15231518737864194
2022-11-18,1.219,109100,132992.9,-122373.98,10618.92,109100,1.086774328987257,1.2852051858692817,-0.1543962466567632
2022-11-21,1.213,109100,132338.3,-122373.98,9964.32,109100,1.0814251526345715,1.2852051858692817,-0.15855836521300548
2022-11-22,1.229,109100,134083.9,-122373.98,11709.92,109100,1.0956896229083992,1.2852051858692817,-0.1474593823963593
2022-11-23,1.241,109100,135393.1,-122373.98,13019.12,109100,1.1063879756137702,1.2852051858692817,-0.13913514528387452
2022-11-24,1.236,109100,134847.6,-122373.98,12473.62,109100,1.1019303286531992,1.2852051858692817,-0.14260357741407637
2022-11-25,1.255,109100,136920.5,-122373.98,14546.52,109100,1.1188693871033695,1.2852051858692817,-0.1294235353193091
2022-11-28,1.244,109100,135720.4,-122373.98,13346.42,109100,1.1090625637901128,1.2852051858692817,-0.13705408600575344
2022-11-29,1.267,109100,138229.7,-122373.98,15855.72,109100,1.1295677398087405,1.2852051858692817,-0.1210992982068243
2022-11-30,1.274,109100,138993.4,-122373.98,16619.42,109100,1.13580844555354,1.2852051858692817,-0.11624349322454168
2022-12-01,1.267,111500,141270.5,-125435.52,15834.98,111500,1.1262399996428443,1.2852051858692817,-0.12368856582143123
2022-12-02,1.265,111500,141047.5,-125435.52,15611.98,111500,1.1244621938028398,1.2852051858692817,-0.12507185143181565
2022-12-05,1.301,111500,145061.5,-125435.52,19625.98,111500,1.1564626989229208,1.2852051858692817,-0.10017271044489492
2022-12-06,1.297,111500,144615.5,-125435.52,19179.98,111500,1.1529070872429117,1.2852051858692817,-0.10293928166566396
2022-12-07,1.294,111500,144281.0,-125435.52,18845.48,111500,1.150240378482905,1.2852051858692817,-0.10501421008124069
2022-12-08,1.294,111500,144281.0,-125435.52,18845.48,111500,1.150240378482905,1.2852051858692817,-0.10501421008124069
2022-12-09,1.296,111500,144504.0,-125435.52,19068.48,111500,1.1520181843229094,1.2852051858692817,-0.10363092447085626
2022-12-12,1.286,111500,143389.0,-125435.52,17953.48,111500,1.143129155122887,1.2852051858692817,-0.11054735252277857
2022-12-13,1.285,111500,143277.5,-125435.52,17841.98,111500,1.1422402522028847,1.2852051858692817,-0.11123899532797087
2022-12-14,1.276,111500,142274.0,-125435.52,16838.48,111500,1.1342401259228645,1.2852051858692817,-0.11746378057470105
2022-12-15,1.268,111500,141382.0,-125435.52,15946.48,111500,1.1271289025628466,1.2852051858692817,-0.12299692301623893
2022-12-16,1.285,111500,143277.5,-125435.52,17841.98,111500,1.1422402522028847,1.2852051858692817,-0.11123899532797087
2022-12-19,1.262,111500,140713.0,-125435.52,15277.48,111500,1.121795485042833,1.2852051858692817,-0.1271467798473924
2022-12-20,1.248,111500,139152.0,-125435.52,13716.48,111500,1.1093508441628017,1.2852051858692817,-0.13682977912008373
2022-12-21,1.251,111500,139486.5,-125435.52,14050.98,111500,1.1120175529228085,1.2852051858692817,-0.134754850704507
2022-12-22,1.248,111500,139152.0,-125435.52,13716.48,111500,1.1093508441628017,1.2852051858692817,-0.13682977912008373
2022-12-23,1.246,111500,138929.0,-125435.52,13493.48,111500,1.1075730383227973,1.2852051858692817,-0.13821306473046815
2022-12-26,1.242,111500,138483.0,-125435.52,13047.48,111500,1.1040174266427882,1.2852051858692817,-0.14097963595123716
2022-12-27,1.253,111500,139709.5,-125435.52,14273.98,111500,1.1137953587628129,1.2852051858692817,-0.13337156509412257
2022-12-28,1.252,111500,139598.0,-125435.52,14162.48,111500,1.1129064558428108,1.2852051858692817,-0.1340632078993147
2022-12-29,1.243,111500,138594.5,-125435.52,13158.98,111500,1.1049063295627906,1.2852051858692817,-0.14028799314604487
2022-12-30,1.253,111500,139709.5,-125435.52,14273.98,111500,1.1137953587628129,1.2852051858692817,-0.13337156509412257
2023-01-03,1.263,113900,143855.7,-128446.59,15409.11,113900,1.1199651154616095,1.2852051858692817,-0.1285709645622911
2023-01-04,1.269,113900,144539.1,-128446.59,16092.51,113900,1.1252856148224721,1.2852051858692817,-0.12443115916828783
2023-01-05,1.27,113900,144653.0,-128446.59,16206.41,113900,1.1261723647159494,1.2852051858692817,-0.12374119160262051
2023-01-06,1.269,113900,144539.1,-128446.59,16092.51,113900,1.1252856148224721,1.2852051858692817,-0.12443115916828783
2023-01-09,1.266,113900,144197.4,-128446.59,15750.81,113900,1.1226253651420408,1.2852051858692817,-0.12650106186528948
2023-01-10,1.261,113900,143627.9,-128446.59,15181.31,113900,1.1181916156746552,1.2852051858692817,-0.1299508996936256
2023-01-11,1.264,113900,143969.6,-128446.59,15523.01,113900,1.1208518653550865,1.2852051858692817,-0.12788099699662397
2023-01-12,1.263,113900,143855.7,-128446.59,15409.11,113900,1.1199651154616095,1.2852051858692817,-0.1285709645622911
2023-01-13,1.276,113900,145336.4,-128446.59,16889.81,113900,1.131492864076812,1.2852051858692817,-0.11960138620861721
2023-01-16,1.282,113900,146019.8,-128446.59,17573.21,113900,1.1368133634376747,1.2852051858692817,-0.11546158081461393
2023-01-17,1.281,113900,145905.9,-128446.59,17459.31,113900,1.1359266135441977,1.2852051858692817,-0.11615154838028108
2023-01-18,1.285,113900,146361.5,-128446.59,17914.91,113900,1.1394736131181062,1.2852051858692817,-0.11339167811761211
2023-01-19,1.287,113900,146589.3,-128446.59,18142.71,113900,1.1412471129050603,1.2852051858692817,-0.11201174298627779
2023-01-20,1.297,113900,147728.3,-128446.59,19281.71,113900,1.1501146118398315,1.2852051858692817,-0.10511206732960553
2023-01-30,1.295,113900,147500.5,-128446.59,19053.91,113900,1.1483411120528775,1.2852051858692817,-0.10649200246093984
2023-01-31,1.291,113900,147044.9,-128446.59,18598.31,113900,1.144794112478969,1.2852051858692817,-0.10925187272360883
2023-02-01,1.301,116200,151176.2,-131419.71,19756.49,116200,1.150331255486715,1.2852051858692817,-0.10494349996832693
2023-02-02,1.295,116200,150479.0,-131419.71,19059.29,116200,1.145026115184701,1.2852051858692817,-0.10907135469560603
2023-02-03,1.29,116200,149898.0,-131419.71,18478.29,116200,1.1406051649330227,1.2852051858692817,-0.11251123363500518
2023-02-06,1.281,116200,148852.2,-131419.71,17432.49,116200,1.1326474544800016,1.2852051858692817,-0.11870301572592373
2023-02-07,1.283,116200,149084.6,-131419.71,17664.89,116200,1.134415834580673,1.2852051858692817,-0.11732706415016404
2023-02-08,1.278,116200,148503.6,-131419.71,17083.89,116200,1.1299948843289946,1.2852051858692817,-0.12076694308956319
2023-02-09,1.285,116200,149317.0,-131419.71,17897.29,116200,1.1361842146813443,1.2852051858692817,-0.11595111257440434
2023-02-10,1.29,116200,149898.0,-131419.71,18478.29,116200,1.1406051649330227,1.2852051858692817,-0.11251123363500518
2023-02-13,1.3,116200,151060.0,-131419.71,19640.29,116200,1.1494470654363795,1.2852051858692817,-0.1056314757562067
2023-02-14,1.301,116200,151176.2,-131419.71,19756.49,116200,1.150331255486715,1.2852051858692817,-0.10494349996832693
2023-02-15,1.3,116200,151060.0,-131419.71,19640.29,116200,1.1494470654363795,1.2852051858692817,-0.1056314757562067
2023-02-16,1.297,116200,150711.4,-131419.71,19291.69,116200,1.1467944952853724,1.2852051858692817,-0.10769540311984632
2023-02-17,1.287,116200,149549.4,-131419.71,18129.69,116200,1.1379525947820155,1.2852051858692817,-0.11457516099864481
2023-02-20,1.317,116200,153035.4,-131419.71,21615.69,116200,1.1644782962920859,1.2852051858692817,-0.09393588736224952
2023-02-21,1.325,116200,153965.0,-131419.71,22545.29,116200,1.1715518166947714,1.2852051858692817,-0.08843208105921072
2023-02-22,1.316,116200,152919.2,-131419.71,21499.49,116200,1.1635941062417503,1.2852051858692817,-0.09462386315012927
2023-02-23,1.315,116200,152803.0,-131419.71,21383.29,116200,1.1627099161914145,1.2852051858692817,-0.09531183893800921
2023-02-24,1.313,116200,152570.6,-131419.71,21150.89,116200,1.1609415360907434,1.2852051858692817,-0.09668779051376873
2023-02-27,1.309,116200,152105.8,-131419.71,20686.09,116200,1.1574047758894004,1.2852051858692817,-0.0994396936652883
2023-02-28,1.32,116200,153384.0,-131419.71,21964.29,116200,1.167130866443093,1.2852051858692817,-0.09187195999860988
2023-03-01,1.336,118500,158316.0,-134459.62,23856.38,118500,1.1774241218292898,1.2852051858692817,-0.0838629233876701
2023-03-02,1.344,118500,159264.0,-134459.62,24804.38,118500,1.184474565672579,1.2852051858692817,-0.07837707262951238
2023-03-03,1.363,118500,161515.5,-134459.62,27055.88,118500,1.2012193698003906,1.2852051858692817,-0.0653481770788881
2023-03-06,1.359,119400,162264.6,-135673.65,26590.95,118500,1.1959919999203974,1.2852051858692817,-0.06941551973939682
2023-03-07,1.352,119400,161428.8,-135673.65,25755.15,118500,1.18983162905988,1.2852051858692817,-0.07420881728304983
2023-03-08,1.354,120300,162886.2,-136886.21,25999.99,118500,1.18993870894665,1.2852051858692817,-0.07412549993579098
2023-03-09,1.355,120300,163006.5,-136886.21,26120.29,118500,1.1908175410802886,1.2852051858692817,-0.0734416930672059
2023-03-10,1.338,120300,160961.4,-136886.21,24075.19,118500,1.1758773948084325,1.2852051858692817,-0.08506640983315247
2023-03-13,1.363,120300,163968.9,-136886.21,27082.69,118500,1.1978481981493974,1.2852051858692817,-0.06797123811852515
2023-03-14,1.355,120300,163006.5,-136886.21,26120.29,118500,1.1908175410802886,1.2852051858692817,-0.0734416930672059
2023-03-15,1.367,120300,164450.1,-136886.21,27563.89,118500,1.2013635266839517,1.2852051858692817,-0.06523601064418477
2023-03-16,1.363,120300,163968.9,-136886.21,27082.69,118500,1.1978481981493974,1.2852051858692817,-0.06797123811852515
2023-03-17,1.389,120300,167096.7,-136886.21,30210.49,118500,1.2206978336240006,1.2852051858692817,-0.050192259535312894
2023-03-20,1.378,120300,165773.4,-136886.21,28887.19,118500,1.211030680153976,1.2852051858692817,-0.05771413508974892
2023-03-21,1.373,120300,165171.9,-136886.21,28285.69,118500,1.206636519485783,1.2852051858692817,-0.06113316943267439
2023-03-22,1.391,120300,167337.3,-136886.21,30451.09,118500,1.2224554978912776,1.2852051858692817,-0.048824645798142885
2023-03-23,1.398,120300,168179.4,-136886.21,31293.19,118500,1.2286073228267478,1.2852051858692817,-0.04403799771804723
2023-03-24,1.39,120300,167217.0,-136886.21,30330.79,118500,1.2215766657576392,1.2852051858692817,-0.0495084526667278
2023-03-27,1.374,120300,165292.2,-136886.21,28405.99,118500,1.207515351619422,1.2852051858692817,-0.06044936256408912
2023-03-28,1.373,120300,165171.9,-136886.21,28285.69,118500,1.206636519485783,1.2852051858692817,-0.06113316943267439
2023-03-29,1.369,120300,164690.7,-136886.21,27804.49,118500,1.203121190951229,1.2852051858692817,-0.06386839690701458
2023-03-30,1.381,120300,166134.3,-136886.21,29248.09,118500,1.2136671765548919,1.2852051858692817,-0.05566271448399364
2023-03-31,1.384,120300,166495.2,-136886.21,29608.99,118500,1.2163036729558077,1.2852051858692817,-0.05361129387823836
2023-04-03,1.392,120700,168014.4,-137440.58,30573.82,120700,1.2224511858142626,1.2852051858692817,-0.0488280009643548
2023-04-04,1.413,120700,170549.1,-137440.58,33108.52,120700,1.2408933373243916,1.2852051858692817,-0.03447842339269636
2023-04-06,1.415,120700,170790.5,-137440.58,33349.92,120700,1.2426497327063086,1.2852051858692817,-0.0331117969573003
2023-04-07,1.41,120700,170187.0,-137440.58,32746.42,120700,1.2382587442515158,1.2852051858692817,-0.03652836304579055
2023-04-10,1.411,120700,170307.7,-137440.58,32867.12,120700,1.2391369419424745,1.2852051858692817,-0.03584504982809243
2023-04-11,1.418,120700,171152.6,-137440.58,33712.02,120700,1.2452843257791841,1.2852051858692817,-0.031061857304206283
2023-04-12,1.433,120700,172963.1,-137440.58,35522.52,120700,1.258457291143562,1.2852051858692817,-0.020812159038735876
2023-04-13,1.427,120700,172238.9,-137440.58,34798.32,120700,1.2531881049978109,1.2852051858692817,-0.024912038344924073
2023-04-14,1.433,120700,172963.1,-137440.58,35522.52,120700,1.258457291143562,1.2852051858692817,-0.020812159038735876
2023-04-17,1.454,120700,175497.8,-137440.58,38057.22,120700,1.2768994426536908,1.2852051858692817,-0.00646258146707761
2023-04-18,1.463,120700,176584.1,-137440.58,39143.52,120700,1.2848032218723175,1.2852051858692817,-0.0003127625077953983
2023-04-19,1.452,120700,175256.4,-137440.58,37815.82,120700,1.2751430472717737,1.2852051858692817,-0.007829207902473677
2023-04-20,1.469,120700,177308.3,-137440.58,39867.72,120700,1.2900724080180686,1.2900724080180686,0.0
2023-04-21,1.447,120700,174652.9,-137440.58,37212.32,120700,1.2707520588169812,1.2900724080180686,-0.014976174268209592
2023-04-24,1.455,120700,175618.5,-137440.58,38177.92,120700,1.2777776403446495,1.2900724080180686,-0.009530292716133251
2023-04-25,1.462,120700,176463.4,-137440.58,39022.82,120700,1.2839250241813591,1.2900724080180686,-0.00476514635806654
2023-04-26,1.445,120700,174411.5,-137440.58,36970.92,120700,1.268995663435064,1.2900724080180686,-0.016337644656228677
2023-04-27,1.454,120700,175497.8,-137440.58,38057.22,120700,1.2768994426536908,1.2900724080180686,-0.01021102791014288
2023-04-28,1.467,120700,177066.9,-137440.58,39626.32,120700,1.2883160126361517,1.2900724080180686,-0.001361470388018913
2023-05-04,1.489,122700,182700.3,-140378.36,42321.94,122700,1.3014847872563835,1.3014847872563835,0.0
2023-05-05,1.489,122700,182700.3,-140378.36,42321.94,122700,1.3014847872563835,1.3014847872563835,0.0
2023-05-08,1.526,122700,187240.2,-140378.36,46861.84,122700,1.333825242010236,1.333825242010236,0.0
2023-05-09,1.511,122700,185399.7,-140378.36,45021.34,122700,1.3207142468397552,1.333825242010236,-0.009829619921363003
2023-05-10,1.478,122700,181350.6,-140378.36,40972.24,122700,1.2918700574646977,1.333825242010236,-0.03145478374836168
2023-05-11,1.471,122700,180491.7,-140378.36,40113.34,122700,1.2857515930518069,1.333825242010236,-0.03604193971166435
2023-05-12,1.462,122700,179387.4,-140378.36,39009.04,122700,1.2778849959495182,1.333825242010236,-0.04193971166448235
2023-05-15,1.467,122700,180000.9,-140378.36,39622.54,122700,1.2822553276730118,1.333825242010236,-0.03866317169069468
2023-05-16,1.457,122700,178773.9,-140378.36,38395.54,122700,1.2735146642260247,1.333825242010236,-0.04521625163827001
2023-05-17,1.455,122700,178528.5,-140378.36,38150.14,122700,1.2717665315366273,1.333825242010236,-0.04652686762778502
2023-05-18,1.469,122700,180246.3,-140378.36,39867.94,122700,1.284003460362409,1.333825242010236,-0.03735255570117968
2023-05-19,1.451,122700,178037.7,-140378.36,37659.34,122700,1.2682702661578324,1.333825242010236,-0.04914809960681518
2023-05-22,1.45,122700,177915.0,-140378.36,37536.64,122700,1.2673961998131338,1.333825242010236,-0.04980340760157268
2023-05-23,1.432,122700,175706.4,-140378.36,35328.04,122700,1.251663005608557,1.333825242010236,-0.06159895150720835
2023-05-24,1.406,122700,172516.2,-140378.36,32137.84,122700,1.2289372806463905,1.333825242010236,-0.07863695937090419
2023-05-25,1.409,122700,172884.3,-140378.36,32505.94,122700,1.2315594796804865,1.333825242010236,-0.0766710353866317
2023-05-26,1.418,122700,173988.6,-140378.36,33610.24,122700,1.239426076782775,1.333825242010236,-0.07077326343381386
2023-05-29,1.441,122700,176810.7,-140378.36,36432.34,122700,1.2595296027108454,1.333825242010236,-0.055701179554390516
2023-05-30,1.449,122700,177792.3,-140378.36,37413.94,122700,1.266522133468435,1.333825242010236,-0.05045871559633035
2023-05-31,1.447,122700,177546.9,-140378.36,37168.54,122700,1.2647740007790376,1.333825242010236,-0.05176933158584535
2023-06-01,1.443,124800,180086.4,-143420.97,36665.43,124800,1.255649017016131,1.333825242010236,-0.05861054546867317
2023-06-02,1.451,124800,181084.8,-143420.97,37663.83,124800,1.2626103421277934,1.333825242010236,-0.05339147711368319
2023-06-05,1.456,124800,181708.8,-143420.97,38287.83,124800,1.2669611703225825,1.333825242010236,-0.05012955939181445
2023-06-06,1.446,124800,180460.8,-143420.97,37039.83,124800,1.2582595139330042,1.333825242010236,-0.056653394835552096
2023-06-07,1.454,124800,181459.2,-143420.97,38038.23,124800,1.2652208390446669,1.333825242010236,-0.05143432648056195
2023-06-08,1.475,124800,184080.0,-143420.97,40659.03,124800,1.283494317462781,1.333825242010236,-0.03773427204871308
2023-06-09,1.483,124800,185078.4,-143420.97,41657.43,124800,1.2904556425744436,1.333825242010236,-0.0325152036937231
2023-06-12,1.466,124800,182956.8,-143420.97,39535.83,124800,1.2756628267121606,1.333825242010236,-0.04360572394807698
2023-06-13,1.47,124800,183456.0,-143420.97,40035.03,124800,1.279143489267992,1.333825242010236,-0.040996189770581816
2023-06-14,1.467,124800,183081.6,-143420.97,39660.63,124800,1.2765329923511186,1.333825242010236,-0.042953340403703064
2023-06-15,1.47,124800,183456.0,-143420.97,40035.03,124800,1.279143489267992,1.333825242010236,-0.040996189770581816
2023-06-16,1.471,124800,183580.8,-143420.97,40159.83,124800,1.2800136549069496,1.333825242010236,-0.040343806226208236
2023-06-19,1.468,124800,183206.4,-143420.97,39785.43,124800,1.2774031579900762,1.333825242010236,-0.042300956859329476
2023-06-20,1.456,124800,181708.8,-143420.97,38287.83,124800,1.2669611703225825,1.333825242010236,-0.05012955939181445
2023-06-21,1.449,124800,180835.2,-143420.97,37414.23,124800,1.2608700108498778,1.333825242010236,-0.05469624420243068
2023-06-26,1.426,124800,177964.8,-143420.97,34543.83,124800,1.240856201153848,1.333825242010236,-0.06970106572302705
2023-06-27,1.449,124800,180835.2,-143420.97,37414.23,124800,1.2608700108498778,1.333825242010236,-0.05469624420243068
2023-06-28,1.455,124800,181584.0,-143420.97,38163.03,124800,1.2660910046836247,1.333825242010236,-0.0507819429361882
2023-06-29,1.46,124800,182208.0,-143420.97,38787.03,124800,1.2704418328784137,1.333825242010236,-0.04752002521431946
2023-06-30,1.469,124800,183331.2,-143420.97,39910.23,124800,1.2782733236290342,1.333825242010236,-0.04164857331495556
2023-07-03,1.483,126800,188044.4,-146362.75,41681.65,126800,1.2847831842459916,1.333825242010236,-0.03676797845745669
2023-07-04,1.474,126800,186903.2,-146362.75,40540.45,126800,1.2769861183941953,1.333825242010236,-0.0426136212045119
2023-07-05,1.471,126800,186522.8,-146362.75,40160.05,126800,1.2743870964435964,1.333825242010236,-0.04456216878686374
2023-07-06,1.468,126800,186142.4,-146362.75,39779.65,126800,1.2717880744929977,1.333825242010236,-0.04651071636921542
2023-07-07,1.472,126800,186649.6,-146362.75,40286.85,126800,1.275253437093796,1.333825242010236,-0.04391265292607979
2023-07-10,1.474,126800,186903.2,-146362.75,40540.45,126800,1.2769861183941953,1.333825242010236,-0.0426136212045119
2023-07-11,1.478,126800,187410.4,-146362.75,41047.65,126800,1.2804514809949936,1.333825242010236,-0.04001555776137627
2023-07-12,1.467,126800,186015.6,-146362.75,39652.85,126800,1.270921733842798,1.333825242010236,-0.04716023222999937
2023-07-13,1.498,126800,189946.4,-146362.75,43583.65,126800,1.2977782939989853,1.333825242010236,-0.02702524054569812
2023-07-14,1.51,126800,191468.0,-146362.75,45105.25,126800,1.3081743818013805,1.333825242010236,-0.019231050216291064
2023-07-17,1.506,126800,190960.8,-146362.75,44598.05,126800,1.3047090192005821,1.333825242010236,-0.021829113659426694
2023-07-18,1.503,126800,190580.4,-146362.75,44217.65,126800,1.3021099972499832,1.333825242010236,-0.023777661241778544
2023-07-19,1.506,126800,190960.8,-146362.75,44598.05,126800,1.3047090192005821,1.333825242010236,-0.021829113659426694
2023-07-20,1.494,126800,189439.2,-146362.75,43076.45,126800,1.2943129313981871,1.333825242010236,-0.029623303988833585
2023-07-21,1.492,126800,189185.6,-146362.75,42822.85,126800,1.2925802500977879,1.333825242010236,-0.03092233571040148
2023-07-24,1.495,126800,189566.0,-146362.75,43203.25,126800,1.2951792720483866,1.333825242010236,-0.0289737881280498
2023-07-25,1.514,126800,191975.2,-146362.75,45612.45,126800,1.311639744402179,1.333825242010236,-0.01663298677315527
2023-07-26,1.505,126800,190834.0,-146362.75,44471.25,126800,1.3038426785503825,1.333825242010236,-0.022478629520210645
2023-07-27,1.5,126800,190200.0,-146362.75,43837.25,126800,1.2995109752993845,1.333825242010236,-0.025726208824130223
2023-07-28,1.528,126800,193750.4,-146362.75,47387.65,126800,1.323768513504973,1.333825242010236,-0.007539764722180651
2023-07-31,1.534,126800,194511.2,-146362.75,48148.45,126800,1.3289665574061706,1.333825242010236,-0.003642669557477124
2023-08-01,1.529,128800,196935.2,-149434.7,47500.5,128800,1.3178679383034864,1.333825242010236,-0.011963564044342076
2023-08-02,1.517,128800,195389.6,-149434.7,45954.9,128800,1.3075249590623863,1.333825242010236,-0.01971793764242449
2023-08-03,1.524,128800,196291.2,-149434.7,46856.5,128800,1.3135583636196948,1.333825242010236,-0.015194553043542985
2023-08-04,1.524,128800,196291.2,-149434.7,46856.5,128800,1.3135583636196948,1.333825242010236,-0.015194553043542985
2023-08-07,1.512,128800,194745.6,-149434.7,45310.9,128800,1.3032153843785947,1.333825242010236,-0.022948926641625397
2023-08-08,1.511,128800,194616.8,-149434.7,45182.1,128800,1.3023534694418364,1.333825242010236,-0.023595124441465613
2023-08-09,1.512,128800,194745.6,-149434.7,45310.9,128800,1.3032153843785947,1.333825242010236,-0.022948926641625397
2023-08-10,1.513,128800,194874.4,-149434.7,45439.7,128800,1.3040772993153529,1.333825242010236,-0.02230272884178535
2023-08-11,1.49,128800,191912.0,-149434.7,42477.3,128800,1.2842532557699113,1.333825242010236,-0.03716527823810979
2023-08-14,1.485,128800,191268.0,-149434.7,41833.3,128800,1.2799436810861198,1.333825242010236,-0.040396267237310705
2023-08-15,1.498,128800,192942.4,-149434.7,43507.7,128800,1.291148575263978,1.333825242010236,-0.031995695839388244
2023-08-16,1.498,128800,192942.4,-149434.7,43507.7,128800,1.291148575263978,1.333825242010236,-0.031995695839388244
2023-08-17,1.495,128800,192556.0,-149434.7,43121.3,128800,1.2885628304537031,1.333825242010236,-0.03393428923890872
2023-08-18,1.493,128800,192298.4,-149434.7,42863.7,128800,1.2868390005801864,1.333825242010236,-0.03522668483858915
2023-08-21,1.484,128800,191139.2,-149434.7,41704.5,128800,1.2790817661493616,1.333825242010236,-0.041042465037150755
2023-08-22,1.493,128800,192298.4,-149434.7,42863.7,128800,1.2868390005801864,1.333825242010236,-0.03522668483858915
2023-08-23,1.486,128800,191396.8,-149434.7,41962.1,128800,1.2808055960228781,1.333825242010236,-0.03975006943747049
2023-08-24,1.48,128800,190624.0,-149434.7,41189.3,128800,1.2756341064023282,1.333825242010236,-0.04362725623651161
2023-08-25,1.483,128800,191010.4,-149434.7,41575.7,128800,1.278219851212603,1.333825242010236,-0.04168866283699113
2023-08-28,1.495,128800,192556.0,-149434.7,43121.3,128800,1.2885628304537031,1.333825242010236,-0.03393428923890872
2023-08-29,1.488,128800,191654.4,-149434.7,42219.7,128800,1.2825294258963948,1.333825242010236,-0.03845767383779006
2023-08-30,1.482,128800,190881.6,-149434.7,41446.9,128800,1.277357936275845,1.333825242010236,-0.04233486063683118
2023-08-31,1.482,128800,190881.6,-149434.7,41446.9,128800,1.277357936275845,1.333825242010236,-0.04233486063683118
2023-09-01,1.494,130800,195415.2,-152402.51,43012.69,130800,1.2822308503974114,1.333825242010236,-0.038681522877064126
2023-09-04,1.52,130800,198816.0,-152402.51,46413.49,130800,1.3045454435100838,1.333825242010236,-0.021951750182822943
2023-09-05,1.51,130800,197508.0,-152402.51,45105.49,130800,1.2959629076975174,1.333825242010236,-0.028386278142146528
2023-09-06,1.506,130800,196984.8,-152402.51,44582.29,130800,1.292529893372491,1.333825242010236,-0.030960089325875927
2023-09-07,1.497,130800,195807.6,-152402.51,43405.09,130800,1.2848056111411812,1.333825242010236,-0.036751164489267116
2023-09-08,1.492,130800,195153.6,-152402.51,42751.09,130800,1.2805143432348982,1.333825242010236,-0.03996842846892874
2023-09-11,1.506,130800,196984.8,-152402.51,44582.29,130800,1.292529893372491,1.333825242010236,-0.030960089325875927
2023-09-12,1.504,130800,196723.2,-152402.51,44320.69,130800,1.2908133862099778,1.333825242010236,-0.032246994917740544
2023-09-13,1.506,130800,196984.8,-152402.51,44582.29,130800,1.292529893372491,1.333825242010236,-0.030960089325875927
2023-09-14,1.517,130800,198423.6,-152402.51,46021.09,130800,1.301970682766314,1.333825242010236,-0.023882108570619953
2023-09-15,1.51,130800,197508.0,-152402.51,45105.49,130800,1.2959629076975174,1.333825242010236,-0.028386278142146528
2023-09-18,1.509,130800,197377.2,-152402.51,44974.69,130800,1.295104654116261,1.333825242010236,-0.02902973093807875
2023-09-19,1.519,130800,198685.2,-152402.51,46282.69,130800,1.3036871899288274,1.333825242010236,-0.02259520297875517
2023-09-20,1.523,130800,199208.4,-152402.51,46805.89,130800,1.3071202042538537,1.333825242010236,-0.020021391795025937
2023-09-21,1.517,130800,198423.6,-152402.51,46021.09,130800,1.301970682766314,1.333825242010236,-0.023882108570619953
2023-09-22,1.523,130800,199208.4,-152402.51,46805.89,130800,1.3071202042538537,1.333825242010236,-0.020021391795025937
2023-09-25,1.523,130800,199208.4,-152402.51,46805.89,130800,1.3071202042538537,1.333825242010236,-0.020021391795025937
2023-09-26,1.518,130800,198554.4,-152402.51,46151.89,130800,1.3028289363475705,1.333825242010236,-0.023238655774687728
2023-09-27,1.511,130800,197638.8,-152402.51,45236.29,130800,1.2968211612787741,1.333825242010236,-0.027742825346214136
2023-09-28,1.505,130800,196854.0,-152402.51,44451.49,130800,1.2916716397912342,1.333825242010236,-0.03160354212180832
2023-10-09,1.5,132800,199200.0,-155416.38,43783.62,132800,1.2817181818287107,1.333825242010236,-0.03906588250121401
2023-10-10,1.49,132800,197872.0,-155416.38,42455.62,132800,1.2731733939498526,1.333825242010236,-0.045472109951205895
2023-10-11,1.483,132800,196942.4,-155416.38,41526.02,132800,1.2671920424346519,1.333825242010236,-0.0499564691662003
2023-10-12,1.497,132800,198801.6,-155416.38,43385.22,132800,1.2791547454650534,1.333825242010236,-0.0409877507362115
2023-10-13,1.494,132800,198403.2,-155416.38,42986.82,132800,1.2765913091013958,1.333825242010236,-0.042909618971209144
2023-10-16,1.496,132800,198668.8,-155416.38,43252.42,132800,1.2783002666771675,1.333825242010236,-0.04162837348121077
2023-10-17,1.504,132800,199731.2,-155416.38,44314.82,132800,1.2851360969802539,1.333825242010236,-0.03650339152121726
2023-10-18,1.499,132800,199067.2,-155416.38,43650.82,132800,1.280863703040825,1.333825242010236,-0.03970650524621312
2023-10-19,1.467,132800,194817.6,-155416.38,39401.22,132800,1.253520381828479,1.333825242010236,-0.06020643308618731
2023-10-20,1.466,132800,194684.8,-155416.38,39268.42,132800,1.252665903040593,1.333825242010236,-0.06084705583118658
2023-10-23,1.448,132800,192294.4,-155416.38,36878.02,132800,1.2372852848586486,1.333825242010236,-0.07237826524117197
2023-10-24,1.456,132800,193356.8,-155416.38,37940.42,132800,1.244121115161735,1.333825242010236,-0.06725328328117847
2023-10-25,1.463,132800,194286.4,-155416.38,38870.02,132800,1.2501024666769358,1.333825242010236,-0.06276892406618406
2023-10-26,1.472,132800,195481.6,-155416.38,40065.22,132800,1.2577927757679082,1.333825242010236,-0.05700331936119129
2023-10-27,1.48,132800,196544.0,-155416.38,41127.62,132800,1.2646286060709946,1.333825242010236,-0.05187833740119778
2023-10-30,1.46,132800,193888.0,-155416.38,38471.62,132800,1.2475390303132783,1.333825242010236,-0.06469079230118172
2023-10-31,1.457,132800,193489.6,-155416.38,38073.22,132800,1.244975593949621,1.333825242010236,-0.0666126605361792
2023-11-01,1.457,134900,196549.3,-158480.02,38069.28,134900,1.2402150125927547,1.333825242010236,-0.07018177979328032
2023-11-02,1.457,134900,196549.3,-158480.02,38069.28,134900,1.2402150125927547,1.333825242010236,-0.07018177979328032
2023-11-03,1.455,134900,196279.5,-158480.02,37799.48,134900,1.238512589788921,1.333825242010236,-0.07145812601182079
2023-11-06,1.448,134900,195335.2,-158480.02,36855.18,134900,1.2325541099755037,1.333825242010236,-0.07592533777671227
2023-11-07,1.448,134900,195335.2,-158480.02,36855.18,134900,1.2325541099755037,1.333825242010236,-0.07592533777671227
2023-11-08,1.443,134900,194660.7,-158480.02,36180.68,134900,1.2282980529659198,1.333825242010236,-0.07911620332306345
2023-11-09,1.448,134900,195335.2,-158480.02,36855.18,134900,1.2325541099755037,1.333825242010236,-0.07592533777671227
2023-11-10,1.441,134900,194390.9,-158480.02,35910.88,134900,1.2265956301620862,1.333825242010236,-0.08039254954160391
2023-11-13,1.439,134900,194121.1,-158480.02,35641.08,134900,1.2248932073582526,1.333825242010236,-0.08166889576014438
2023-11-14,1.442,134900,194525.8,-158480.02,36045.78,134900,1.2274468415640027,1.333825242010236,-0.07975437643233385
2023-11-15,1.449,134900,195470.1,-158480.02,36990.08,134900,1.2334053213774205,1.333825242010236,-0.07528716466744204
2023-11-16,1.445,134900,194930.5,-158480.02,36450.48,134900,1.2300004757697534,1.333825242010236,-0.07783985710452297
2023-11-17,1.444,134900,194795.6,-158480.02,36315.58,134900,1.2291492643678366,1.333825242010236,-0.07847803021379321
2023-11-20,1.446,134900,195065.4,-158480.02,36585.38,134900,1.23085168717167,1.333825242010236,-0.0772016839952529
2023-11-21,1.453,134900,196009.7,-158480.02,37529.68,134900,1.2368101669850877,1.333825242010236,-0.0727344722303611
2023-11-22,1.448,134900,195335.2,-158480.02,36855.18,134900,1.2325541099755037,1.333825242010236,-0.07592533777671227
2023-11-23,1.452,134900,195874.8,-158480.02,37394.78,134900,1.2359589555831707,1.333825242010236,-0.07337264533963149
2023-11-24,1.454,134900,196144.6,-158480.02,37664.58,134900,1.2376613783870043,1.333825242010236,-0.07209629912109103
2023-11-27,1.451,134900,195739.9,-158480.02,37259.88,134900,1.235107744181254,1.333825242010236,-0.07401081844890173
2023-11-28,1.451,134900,195739.9,-158480.02,37259.88,134900,1.235107744181254,1.333825242010236,-0.07401081844890173
2023-11-29,1.443,134900,194660.7,-158480.02,36180.68,134900,1.2282980529659198,1.333825242010236,-0.07911620332306345
2023-11-30,1.451,134900,195739.9,-158480.02,37259.88,134900,1.235107744181254,1.333825242010236,-0.07401081844890173
2023-12-01,1.45,137000,198650.0,-161531.04,37118.96,137000,1.229794595515512,1.333825242010236,-0.07799421034942858
2023-12-04,1.448,137000,198376.0,-161531.04,36844.96,137000,1.2280983271079045,1.333825242010236,-0.07926594247308455
2023-12-05,1.432,137000,196184.0,-161531.04,34652.96,137000,1.2145281798470435,1.333825242010236,-0.08943979946233231
2023-12-06,1.425,137000,195225.0,-161531.04,33693.96,137000,1.2085912404204169,1.333825242010236,-0.0938908618951282
2023-12-07,1.428,137000,195636.0,-161531.04,34104.96,137000,1.2111356430318283,1.333825242010236,-0.09198326370964424
2023-12-08,1.431,137000,196047.0,-161531.04,34515.96,137000,1.2136800456432397,1.333825242010236,-0.0900756655241603
2023-12-11,1.43,137000,195910.0,-161531.04,34378.96,137000,1.212831911439436,1.333825242010236,-0.09071153158598828
2023-12-12,1.437,137000,196869.0,-161531.04,35337.96,137000,1.2187688508660626,1.333825242010236,-0.08626046915319238
2023-12-13,1.428,137000,195636.0,-161531.04,34104.96,137000,1.2111356430318283,1.333825242010236,-0.09198326370964424
2023-12-14,1.429,137000,195773.0,-161531.04,34241.96,137000,1.211983777235632,1.333825242010236,-0.09134739764781627
2023-12-15,1.42,137000,194540.0,-161531.04,33008.96,137000,1.204350569401398,1.333825242010236,-0.09707019220426796
2023-12-18,1.419,137000,194403.0,-161531.04,32871.96,137000,1.2035024351975943,1.333825242010236,-0.09770605826609595
2023-12-19,1.415,137000,193855.0,-161531.04,32323.96,137000,1.200109898382379,1.333825242010236,-0.10024952251340788
2023-12-20,1.411,137000,193307.0,-161531.04,31775.96,137000,1.1967173615671638,1.333825242010236,-0.10279298676071982
2023-12-21,1.414,137000,193718.0,-161531.04,32186.96,137000,1.1992617641785752,1.333825242010236,-0.10088538857523587
2023-12-22,1.416,137000,193992.0,-161531.04,32460.96,137000,1.2009580325861828,1.333825242010236,-0.09961365645157991
2023-12-25,1.417,137000,194129.0,-161531.04,32597.96,137000,1.2018061667899866,1.333825242010236,-0.09897779038975192
2023-12-26,1.421,137000,194677.0,-161531.04,33145.96,137000,1.2051987036052019,1.333825242010236,-0.09643432614243998
2023-12-27,1.428,137000,195636.0,-161531.04,34104.96,137000,1.2111356430318283,1.333825242010236,-0.09198326370964424
2023-12-28,1.428,137000,195636.0,-161531.04,34104.96,137000,1.2111356430318283,1.333825242010236,-0.09198326370964424
2023-12-29,1.43,137000,195910.0,-161531.04,34378.96,137000,1.212831911439436,1.333825242010236,-0.09071153158598828
2024-01-02,1.436,139100,199747.6,-164537.91,35209.69,139100,1.2139913531173454,1.333825242010236,-0.08984227102516543
2024-01-03,1.446,139100,201138.6,-164537.91,36600.69,139100,1.2224453318994997,1.333825242010236,-0.0835041252802153
2024-01-04,1.448,139100,201416.8,-164537.91,36878.89,139100,1.2241361276559304,1.333825242010236,-0.08223649613122537
2024-01-05,1.451,139100,201834.1,-164537.91,37296.19,139100,1.2266723212905768,1.333825242010236,-0.08033505240774023
2024-01-08,1.441,139100,200443.1,-164537.91,35905.19,139100,1.2182183425084225,1.333825242010236,-0.08667319815269037
2024-01-09,1.448,139100,201416.8,-164537.91,36878.89,139100,1.2241361276559304,1.333825242010236,-0.08223649613122537
2024-01-10,1.448,139100,201416.8,-164537.91,36878.89,139100,1.2241361276559304,1.333825242010236,-0.08223649613122537
2024-01-11,1.444,139100,200860.4,-164537.91,36322.49,139100,1.2207545361430687,1.333825242010236,-0.08477175442920538
2024-01-12,1.45,139100,201695.0,-164537.91,37157.09,139100,1.2258269234123613,1.333825242010236,-0.08096886698223528
2024-01-15,1.461,139100,203225.1,-164537.91,38687.19,139100,1.235126300072731,1.333825242010236,-0.0739969066627901
2024-01-16,1.468,139100,204198.8,-164537.91,39660.89,139100,1.241044085220239,1.333825242010236,-0.0695602046413251
2024-01-17,1.453,139100,202112.3,-164537.91,37574.39,139100,1.2283631170470075,1.333825242010236,-0.0790674232587503
2024-01-18,1.451,139100,201834.1,-164537.91,37296.19,139100,1.2266723212905768,1.333825242010236,-0.08033505240774023
2024-01-19,1.447,139100,201277.7,-164537.91,36739.79,139100,1.2232907297777151,1.333825242010236,-0.08287031070572025
2024-01-22,1.424,139100,198078.4,-164537.91,33540.49,139100,1.2038465785787602,1.333825242010236,-0.09744804591910566
2024-01-23,1.426,139100,198356.6,-164537.91,33818.69,139100,1.2055373743351911,1.333825242010236,-0.09618041677011556
2024-01-24,1.451,139100,201834.1,-164537.91,37296.19,139100,1.2266723212905768,1.333825242010236,-0.08033505240774023
2024-01-25,1.48,139100,205868.0,-164537.91,41330.09,139100,1.2511888597588239,1.333825242010236,-0.06195442974738504
2024-01-26,1.498,139100,208371.8,-164537.91,43833.89,139100,1.2664060215667015,1.333825242010236,-0.050545767406474866
2024-01-29,1.507,139100,209623.7,-164537.91,45085.79,139100,1.2740146024706405,1.333825242010236,-0.04484143623601961
2024-01-30,1.495,139100,207954.5,-164537.91,43416.59,139100,1.2638698279320553,1.333825242010236,-0.05244721112995984
2024-01-31,1.496,139100,208093.6,-164537.91,43555.69,139100,1.2647152258102707,1.333825242010236,-0.0518133965554648
2024-02-01,1.49,141100,210239.0,-167533.76,42705.24,141100,1.254905279986553,1.333825242010236,-0.05916814252573371
2024-02-02,1.49,141100,210239.0,-167533.76,42705.24,141100,1.254905279986553,1.333825242010236,-0.05916814252573371
2024-02-05,1.508,141100,212778.8,-167533.76,45245.04,141100,1.2700652095434375,1.333825242010236,-0.047802388542823135
2024-02-06,1.524,141100,215036.4,-167533.76,47502.64,141100,1.2835407024828904,1.333825242010236,-0.03769949611356926
2024-02-07,1.533,141100,216306.3,-167533.76,48772.54,141100,1.2911206672613327,1.333825242010236,-0.03201661912211397
2024-02-08,1.531,141100,216024.1,-167533.76,48490.34,141100,1.2894362306439013,1.333825242010236,-0.033279480675770495
2024-02-19,1.55,141100,218705.0,-167533.76,51171.24,141100,1.3054383785095016,1.333825242010236,-0.021282295916031577
2024-02-20,1.563,141100,220539.3,-167533.76,53005.54,141100,1.316387216522807,1.333825242010236,-0.013073695817262901
2024-02-21,1.568,141100,221244.8,-167533.76,53711.04,141100,1.320598308066386,1.333825242010236,-0.009916541933121168
2024-02-22,1.573,141100,221950.3,-167533.76,54416.54,141100,1.324809399609965,1.333825242010236,-0.0067593880489792675
2024-02-23,1.566,141100,220962.6,-167533.76,53428.84,141100,1.3189138714489546,1.333825242010236,-0.011179403486777695
2024-02-26,1.544,141100,217858.4,-167533.76,50324.64,141100,1.3003850686572067,1.333825242010236,-0.02507088057700182
2024-02-27,1.548,141100,218422.8,-167533.76,50889.04,141100,1.3037539418920698,1.333825242010236,-0.022545157469688437
2024-02-28,1.548,141100,218422.8,-167533.76,50889.04,141100,1.3037539418920698,1.333825242010236,-0.022545157469688437
2024-02-29,1.557,141100,219692.7,-167533.76,52158.94,141100,1.3113339066705123,1.333825242010236,-0.01686228047823298
2024-03-01,1.559,143000,222937.0,-170495.87,52441.13,143000,1.307580060443693,1.333825242010236,-0.01967662684729847
2024-03-04,1.561,143000,223223.0,-170495.87,52727.13,143000,1.3092575204314334,1.333825242010236,-0.018418995836198125
2024-03-05,1.574,143000,225082.0,-170495.87,54586.13,143000,1.3201610103517465,1.333825242010236,-0.01024439426404598
2024-03-06,1.572,143000,224796.0,-170495.87,54300.13,143000,1.318483550364006,1.333825242010236,-0.011502025275146323
2024-03-07,1.581,143000,226083.0,-170495.87,55587.13,143000,1.326032120308838,1.333825242010236,-0.005842685725194862
2024-03-08,1.584,143000,226512.0,-170495.87,56016.13,143000,1.3285483102904487,1.333825242010236,-0.00395623920854443
2024-03-11,1.575,143000,225225.0,-170495.87,54729.13,143000,1.3209997403456166,1.333825242010236,-0.00961557875849589
2024-03-12,1.549,143000,221507.0,-170495.87,51011.13,143000,1.2991927605049907,1.333825242010236,-0.025964781902800018
2024-03-13,1.545,143000,220935.0,-170495.87,50439.13,143000,1.2958378405295097,1.333825242010236,-0.028480043925000705
2024-03-14,1.549,143000,221507.0,-170495.87,51011.13,143000,1.2991927605049907,1.333825242010236,-0.025964781902800018
2024-03-15,1.553,143000,222079.0,-170495.87,51583.13,143000,1.3025476804804714,1.333825242010236,-0.023449519880599498
2024-03-18,1.553,143000,222079.0,-170495.87,51583.13,143000,1.3025476804804714,1.333825242010236,-0.023449519880599498
2024-03-19,1.548,143000,221364.0,-170495.87,50868.13,143000,1.2983540305111203,1.333825242010236,-0.026593597408350274
2024-03-20,1.547,143000,221221.0,-170495.87,50725.13,143000,1.2975153005172502,1.333825242010236,-0.02722241291390036
2024-03-21,1.547,143000,221221.0,-170495.87,50725.13,143000,1.2975153005172502,1.333825242010236,-0.02722241291390036
2024-03-22,1.541,143000,220363.0,-170495.87,49867.13,143000,1.2924829205540287,1.333825242010236,-0.03099530594720139
2024-03-25,1.547,143000,221221.0,-170495.87,50725.13,143000,1.2975153005172502,1.333825242010236,-0.02722241291390036
2024-03-26,1.552,143000,221936.0,-170495.87,51440.13,143000,1.3017089504866013,1.333825242010236,-0.024078335386149587
2024-03-27,1.552,143000,221936.0,-170495.87,51440.13,143000,1.3017089504866013,1.333825242010236,-0.024078335386149587
2024-03-28,1.544,143000,220792.0,-170495.87,50296.13,143000,1.2949991105356393,1.333825242010236,-0.02910885943055096
2024-03-29,1.56,143000,223080.0,-170495.87,52584.13,143000,1.308418790437563,1.333825242010236,-0.01904781134174838
2024-04-01,1.566,144900,226913.4,-173463.68,53449.72,144900,1.3081320539262167,1.333825242010236,-0.01926278441491816
2024-04-02,1.575,144900,228217.5,-173463.68,54753.82,144900,1.3156500542361376,1.333825242010236,-0.01362636363569347
2024-04-03,1.577,144900,228507.3,-173463.68,55043.62,144900,1.3173207209716755,1.333825242010236,-0.012373825684754671
2024-04-08,1.577,144900,228507.3,-173463.68,55043.62,144900,1.3173207209716755,1.333825242010236,-0.012373825684754671
2024-04-09,1.568,144900,227203.2,-173463.68,53739.52,144900,1.3098027206617548,1.333825242010236,-0.018010246463979192
2024-04-10,1.57,144900,227493.0,-173463.68,54029.32,144900,1.3114733873972926,1.333825242010236,-0.016757708513040558
2024-04-11,1.582,144900,229231.8,-173463.68,55768.12,144900,1.3214973878105203,1.333825242010236,-0.009242480807407751
2024-04-12,1.579,144900,228797.1,-173463.68,55333.42,144900,1.3189913877072135,1.333825242010236,-0.01112128773381587
2024-04-15,1.606,144900,232709.4,-173463.68,59245.72,144900,1.3415453886369757,1.3415453886369757,0.0
2024-04-16,1.611,143100,230534.1,-170553.81,59980.29,144900,1.3516795667009727,1.3516795667009727,0.0
2024-04-17,1.626,144900,235607.4,-173438.54,62168.86,144900,1.3584489352827807,1.3584489352827807,0.0
2024-04-18,1.626,144900,235607.4,-173438.54,62168.86,144900,1.3584489352827807,1.3584489352827807,0.0
2024-04-19,1.636,144900,237056.4,-173438.54,63617.86,144900,1.3668034797802149,1.3668034797802149,0.0
2024-04-22,1.614,144900,233868.6,-173438.54,60430.06,144900,1.34842348188586,1.3668034797802149,-0.013447432762836099
2024-04-23,1.594,144900,230970.6,-173438.54,57532.06,144900,1.3317143928909918,1.3668034797802149,-0.025672371638141775
2024-04-24,1.601,144900,231984.9,-173438.54,58546.36,144900,1.3375625740391957,1.3668034797802149,-0.021393643031784815
2024-04-25,1.605,144900,232564.5,-173438.54,59125.96,144900,1.3409043918381693,1.3668034797802149,-0.018948655256723644
2024-04-26,1.601,144900,231984.9,-173438.54,58546.36,144900,1.3375625740391957,1.3668034797802149,-0.021393643031784815
2024-04-29,1.594,146700,233839.8,-176294.42,57545.38,144900,1.3264163437504146,1.3668034797802149,-0.029548604921824317
2024-04-30,1.602,146700,235013.4,-176294.42,58718.98,144900,1.3330733893903164,1.3668034797802149,-0.024678083491068058
2024-05-06,1.61,146800,236348.0,-176454.91,59893.09,146800,1.3394243322557586,1.3668034797802149,-0.020031517280639993
2024-05-07,1.606,146800,235760.8,-176454.91,59305.89,146800,1.3360965699395952,1.3668034797802149,-0.022466221585532818
2024-05-08,1.606,146800,235760.8,-176454.91,59305.89,146800,1.3360965699395952,1.3668034797802149,-0.022466221585532818
2024-05-09,1.617,146800,237375.6,-176454.91,60920.69,146800,1.3452479163090447,1.3668034797802149,-0.015770784747077424
2024-05-10,1.624,146800,238403.2,-176454.91,61948.29,146800,1.3510715003623306,1.3668034797802149,-0.011510052213515016
2024-05-13,1.635,146800,240018.0,-176454.91,63563.09,146800,1.3602228467317798,1.3668034797802149,-0.004814615375059783
2024-05-14,1.627,146800,238843.6,-176454.91,62388.69,146800,1.353567322099453,1.3668034797802149,-0.009684023984845438
2024-05-15,1.617,146800,237375.6,-176454.91,60920.69,146800,1.3452479163090447,1.3668034797802149,-0.015770784747077424
2024-05-16,1.618,146800,237522.4,-176454.91,61067.49,146800,1.3460798568880854,1.3668034797802149,-0.015162108670854338
2024-05-17,1.63,146800,239284.0,-176454.91,62829.09,146800,1.3560631438365756,1.3668034797802149,-0.007857995756175858
2024-05-20,1.631,146800,239430.8,-176454.91,62975.89,146800,1.3568950844156162,1.3668034797802149,-0.007249319679952773
2024-05-21,1.632,146800,239577.6,-176454.91,63122.69,146800,1.3577270249946574,1.3668034797802149,-0.006640643603729363
2024-05-22,1.634,146800,239871.2,-176454.91,63416.29,146800,1.359390906152739,1.3668034797802149,-0.00542329145128303
2024-05-23,1.62,146800,237816.0,-176454.91,61361.09,146800,1.3477437380461672,1.3668034797802149,-0.013944756518407844
2024-05-24,1.622,146800,238109.6,-176454.91,61654.69,146800,1.3494076192042488,1.3668034797802149,-0.012727404365961512
2024-05-27,1.638,146800,240458.4,-176454.91,64003.49,146800,1.3627186684689023,1.3668034797802149,-0.002988587146390204
2024-05-28,1.633,146800,239724.4,-176454.91,63269.49,146800,1.358558965573698,1.3668034797802149,-0.006031967527506278
2024-05-29,1.63,146800,239284.0,-176454.91,62829.09,146800,1.3560631438365756,1.3668034797802149,-0.007857995756175858
2024-05-30,1.629,146800,239137.2,-176454.91,62682.29,146800,1.3552312032575349,1.3668034797802149,-0.008466671832398942
2024-05-31,1.628,146800,238990.4,-176454.91,62535.49,146800,1.3543992626784938,1.3668034797802149,-0.009075347908622352
2024-06-03,1.618,148600,240434.8,-179389.09,61045.71,148600,1.340297785110566,1.3668034797802149,-0.019392469408924164
2024-06-04,1.626,148600,241623.6,-179389.09,62234.51,148600,1.346924721007281,1.3668034797802149,-0.01454397729228084
2024-06-05,1.613,148600,239691.8,-179389.09,60302.71,148600,1.3361559501751192,1.3668034797802149,-0.022422776981826122
2024-06-06,1.615,148600,239989.0,-179389.09,60599.91,148600,1.337812684149298,1.3668034797802149,-0.02121065395266521
2024-06-07,1.624,148600,241326.4,-179389.09,61937.31,148600,1.3452679870331021,1.3668034797802149,-0.015756100321441754
2024-06-11,1.606,148600,238651.6,-179389.09,59262.51,148600,1.3303573812654939,1.3668034797802149,-0.02666520758388883
2024-06-12,1.613,148600,239691.8,-179389.09,60302.71,148600,1.3361559501751192,1.3668034797802149,-0.022422776981826122
2024-06-13,1.602,148600,238057.2,-179389.09,58668.11,148600,1.3270439133171366,1.3668034797802149,-0.029089453642210328
2024-06-14,1.601,148600,237908.6,-179389.09,58519.51,148600,1.3262155463300471,1.3668034797802149,-0.029695515156790784
2024-06-17,1.588,148600,235976.8,-179389.09,56587.71,148600,1.3154467754978856,1.3668034797802149,-0.0375743148463359
2024-06-18,1.595,148600,237017.0,-179389.09,57627.91,148600,1.3212453444075112,1.3668034797802149,-0.03333188424427303
2024-06-19,1.594,148600,236868.4,-179389.09,57479.31,148600,1.3204169774204217,1.3668034797802149,-0.03393794575885349
2024-06-20,1.593,148600,236719.8,-179389.09,57330.71,148600,1.3195886104333323,1.3668034797802149,-0.034544007273433944
2024-06-21,1.596,148600,237165.6,-179389.09,57776.51,148600,1.3220737113946004,1.3668034797802149,-0.03272582272969274
2024-06-24,1.587,148600,235828.2,-179389.09,56439.11,148600,1.3146184085107964,1.3668034797802149,-0.038180376360916195
2024-06-25,1.595,148600,237017.0,-179389.09,57627.91,148600,1.3212453444075112,1.3668034797802149,-0.03333188424427303
2024-06-26,1.598,148600,237462.8,-179389.09,58073.71,148600,1.323730445368779,1.3668034797802149,-0.03151369970053199
2024-06-27,1.601,148600,237908.6,-179389.09,58519.51,148600,1.3262155463300471,1.3668034797802149,-0.029695515156790784
2024-06-28,1.613,148600,239691.8,-179389.09,60302.71,148600,1.3361559501751192,1.3668034797802149,-0.022422776981826122
2024-07-01,1.629,150500,245164.5,-182457.73,62706.77,150500,1.3436783412793747,1.3668034797802149,-0.01691913932247141
2024-07-02,1.633,150500,245766.5,-182457.73,63308.77,150500,1.3469777356103245,1.3668034797802149,-0.014505190002207473
2024-07-03,1.623,150500,244261.5,-182457.73,61803.77,150500,1.3387292497829497,1.3668034797802149,-0.02054006330286748
2024-07-04,1.621,150500,243960.5,-182457.73,61502.77,150500,1.3370795526174746,1.3668034797802149,-0.02174703796299961
2024-07-05,1.613,150500,242756.5,-182457.73,60298.77,150500,1.3304807639555747,1.3668034797802149,-0.02657493660352765
2024-07-08,1.611,150500,242455.5,-182457.73,59997.77,150500,1.3288310667900998,1.3668034797802149,-0.027781911263659618
2024-07-09,1.625,150500,244562.5,-182457.73,62104.77,150500,1.3403789469484246,1.3668034797802149,-0.019333088642735512
2024-07-10,1.615,150500,243057.5,-182457.73,60599.77,150500,1.3321304611210498,1.3668034797802149,-0.025367961943395516
2024-07-11,1.623,150500,244261.5,-182457.73,61803.77,150500,1.3387292497829497,1.3668034797802149,-0.02054006330286748
2024-07-12,1.624,150500,244412.0,-182457.73,61954.27,150500,1.339554098365687,1.3668034797802149,-0.019936575972801577
2024-07-15,1.632,150500,245616.0,-182457.73,63158.27,150500,1.3461528870275872,1.3668034797802149,-0.015108677332273376
2024-07-16,1.63,150500,245315.0,-182457.73,62857.27,150500,1.344503189862112,1.3668034797802149,-0.01631565199240551
2024-07-17,1.63,150500,245315.0,-182457.73,62857.27,150500,1.344503189862112,1.3668034797802149,-0.01631565199240551
2024-07-18,1.636,150500,246218.0,-182457.73,63760.27,150500,1.349452281358537,1.3668034797802149,-0.01269472801200944
2024-07-19,1.631,150500,245465.5,-182457.73,63007.77,150500,1.3453280384448496,1.3668034797802149,-0.01571216466233944
2024-07-22,1.619,150500,243659.5,-182457.73,61201.77,150500,1.3354298554519997,1.3668034797802149,-0.02295401262313158
2024-07-23,1.608,150500,242004.0,-182457.73,59546.27,150500,1.3263565210418873,1.3668034797802149,-0.029592373253857652
2024-07-24,1.609,150500,242154.5,-182457.73,59696.77,150500,1.3271813696246249,1.3668034797802149,-0.028988885923791587
2024-07-25,1.601,150500,240950.5,-182457.73,58492.77,150500,1.3205825809627247,1.3668034797802149,-0.03381678456431979
2024-07-26,1.6,150500,240800.0,-182457.73,58342.27,150500,1.3197577323799874,1.3668034797802149,-0.034420271894385686
2024-07-29,1.608,150500,242004.0,-182457.73,59546.27,150500,1.3263565210418873,1.3668034797802149,-0.029592373253857652
2024-07-30,1.597,150500,240348.5,-182457.73,57890.77,150500,1.317283186631775,1.3668034797802149,-0.03623073388458373
2024-07-31,1.603,150500,241251.5,-182457.73,58793.77,150500,1.3222322781281999,1.3668034797802149,-0.03260980990418765
2024-08-01,1.605,152400,244602.0,-185507.35,59094.65,152400,1.3185569197123457,1.3668034797802149,-0.035298827360044006
2024-08-02,1.604,152400,244449.6,-185507.35,58942.25,152400,1.3177353889212475,1.3668034797802149,-0.03589988728069204
2024-08-05,1.592,152400,242620.8,-185507.35,57113.45,152400,1.307877019428071,1.3668034797802149,-0.04311260632846741
2024-08-06,1.582,152400,241096.8,-185507.35,55589.45,152400,1.2996617115170908,1.3668034797802149,-0.049123205534946895
2024-08-07,1.586,152400,241706.4,-185507.35,56199.05,152400,1.302947834681483,1.3668034797802149,-0.0467189658523551
2024-08-08,1.594,152400,242925.6,-185507.35,57418.25,152400,1.3095200810102672,1.3668034797802149,-0.041910486487171515
2024-08-09,1.59,152400,242316.0,-185507.35,56808.65,152400,1.306233957845875,1.3668034797802149,-0.044314726169763306
2024-08-12,1.588,152400,242011.2,-185507.35,56503.85,152400,1.304590896263679,1.3668034797802149,-0.0455168460110592
2024-08-13,1.591,152400,242468.4,-185507.35,56961.05,152400,1.307055488636973,1.3668034797802149,-0.04371366624911544
2024-08-14,1.585,152400,241554.0,-185507.35,56046.65,152400,1.302126303890385,1.3668034797802149,-0.04732002577300297
2024-08-15,1.598,152400,243535.2,-185507.35,58027.85,152400,1.3128062041746593,1.3668034797802149,-0.039506246804579724
2024-08-16,1.6,152400,243840.0,-185507.35,58332.65,152400,1.3144492657568554,1.3668034797802149,-0.03830412696328383
2024-08-19,1.613,152400,245821.2,-185507.35,60313.85,152400,1.32512916604113,1.3668034797802149,-0.030490347994860424
2024-08-20,1.606,152400,244754.4,-185507.35,59247.05,152400,1.3193784505034436,1.3668034797802149,-0.03469776743939614
2024-08-21,1.6,152400,243840.0,-185507.35,58332.65,152400,1.3144492657568554,1.3668034797802149,-0.03830412696328383
2024-08-22,1.6,152400,243840.0,-185507.35,58332.65,152400,1.3144492657568554,1.3668034797802149,-0.03830412696328383
2024-08-23,1.609,152400,245211.6,-185507.35,59704.25,152400,1.3218430428767378,1.3668034797802149,-0.032894587677452215
2024-08-26,1.602,152400,244144.8,-185507.35,58637.45,152400,1.3160923273390515,1.3668034797802149,-0.03710200712198793
2024-08-27,1.601,152400,243992.4,-185507.35,58485.05,152400,1.3152707965479533,1.3668034797802149,-0.037703067042635964
2024-08-28,1.591,152400,242468.4,-185507.35,56961.05,152400,1.307055488636973,1.3668034797802149,-0.04371366624911544
2024-08-29,1.573,152400,239725.2,-185507.35,54217.85,152400,1.2922679343972086,1.3668034797802149,-0.05453274482077834
2024-08-30,1.571,154200,242248.2,-188334.67,53913.53,152400,1.2862644992555008,1.3668034797802149,-0.05892506253910397
2024-09-02,1.567,154300,241788.1,-188492.06,53296.04,154300,1.2827495227119912,1.3668034797802149,-0.061496739152097996
2024-09-03,1.563,154300,241170.9,-188492.06,52678.84,154300,1.2794751142302758,1.3668034797802149,-0.06389240797366251
2024-09-04,1.56,154300,240708.0,-188492.06,52215.94,154300,1.2770193078689893,1.3668034797802149,-0.06568915958983589
2024-09-05,1.56,155200,242112.0,-189893.37,52218.63,154300,1.2749892215826177,1.3668034797802149,-0.06717443989267652
2024-09-06,1.552,156100,242267.2,-191291.11,50976.09,154300,1.2664843651124196,1.3668034797802149,-0.07339688269152406
2024-09-09,1.535,157900,242376.5,-194062.17,48314.33,154300,1.2489631544365396,1.3668034797802149,-0.08621599746192062
2024-09-10,1.538,157900,242850.2,-194062.17,48788.03,154300,1.2514041247709433,1.3668034797802149,-0.08443010038855625
2024-09-11,1.522,159700,243063.4,-196805.52,46257.88,154300,1.2350436105653948,1.3668034797802149,-0.0964000100702168
2024-09-12,1.522,159700,243063.4,-196805.52,46257.88,154300,1.2350436105653948,1.3668034797802149,-0.0964000100702168
2024-09-13,1.519,159700,242584.3,-196805.52,45778.78,154300,1.2326092276273553,1.3668034797802149,-0.09818108757993385
2024-09-18,1.531,159700,244500.7,-196805.52,47695.18,154300,1.2423467593795134,1.3668034797802149,-0.09105677754106564
2024-09-19,1.536,159700,245299.2,-196805.52,48493.68,154300,1.246404064276246,1.3668034797802149,-0.0880883150248706
2024-09-20,1.538,159700,245618.6,-196805.52,48813.08,154300,1.2480269862349391,1.3668034797802149,-0.08690093001839247
2024-09-23,1.548,159700,247215.6,-196805.52,50410.08,154300,1.2561415960284041,1.3668034797802149,-0.0809640049860024
2024-09-24,1.591,159700,254082.7,-196805.52,57277.18,154300,1.2910344181403044,1.3668034797802149,-0.05543522734672458
2024-09-25,1.61,159700,257117.0,-196805.52,60311.48,154300,1.306452176747888,1.3668034797802149,-0.044155069785183354
2024-09-26,1.661,159700,265261.7,-196805.52,68456.18,154300,1.3478366866945604,1.3668034797802149,-0.01387675211999345
2024-09-27,1.662,159700,265421.4,-196805.52,68615.88,154300,1.348648147673907,1.3668034797802149,-0.013283059616754378
2024-09-30,1.752,159700,279794.4,-196805.52,82988.88,154300,1.4216796358150932,1.4216796358150932,0.0
2024-10-08,1.791,161500,289246.5,-199997.62,89248.88,159700,1.4462497103715535,1.4462497103715535,0.0
2024-10-09,1.674,166900,279390.6,-209238.71,70151.89,159700,1.3352720440687098,1.4462497103715535,-0.07673478895586613
2024-10-10,1.723,166900,287568.7,-209238.71,78329.99,159700,1.3743570680587738,1.4462497103715535,-0.04970970213318825
2024-10-11,1.699,166900,283563.1,-209238.71,74324.39,159700,1.3552133828391506,1.4462497103715535,-0.06294647935245905
2024-10-14,1.729,166900,288570.1,-209238.71,79331.39,159700,1.3791429893636793,1.4462497103715535,-0.04640050782837074
2024-10-15,1.703,166900,284230.7,-209238.71,74991.99,159700,1.358403997042421,1.4462497103715535,-0.06074034981591394
2024-10-16,1.721,166900,287234.9,-209238.71,77996.19,159700,1.3727617609571385,1.4462497103715535,-0.050812766901460804
2024-10-17,1.704,166900,284397.6,-209238.71,75158.89,159700,1.3592016505932387,1.4462497103715535,-0.06018881743177767
2024-10-18,1.715,166900,286233.5,-209238.71,76994.79,159700,1.3679758396522326,1.4462497103715535,-0.054121961206278615
2024-10-21,1.702,166900,284063.8,-209238.71,74825.09,159700,1.3576063434916035,1.4462497103715535,-0.06129188220005022
2024-10-22,1.707,166900,284898.3,-209238.71,75659.59,159700,1.3615946112456916,1.4462497103715535,-0.05853422027936883
2024-10-23,1.711,166900,285565.9,-209238.71,76327.19,159700,1.3647852254489623,1.4462497103715535,-0.05632809074282357
2024-10-24,1.7,166900,283730.0,-209238.71,74491.29,159700,1.3560110363899682,1.4462497103715535,-0.062394946968322776
2024-10-25,1.701,166900,283896.9,-209238.71,74658.19,159700,1.356808689940786,1.4462497103715535,-0.061843414584186344
2024-10-28,1.703,166900,284230.7,-209238.71,74991.99,159700,1.358403997042421,1.4462497103715535,-0.06074034981591394
2024-10-29,1.69,166900,282061.0,-209238.71,72822.29,159700,1.348034500881792,1.4462497103715535,-0.06791027080968555
2024-10-30,1.68,166900,280392.0,-209238.71,71153.29,159700,1.3400579653736158,1.4462497103715535,-0.07342559465104831
2024-10-31,1.678,166900,280058.2,-209238.71,70819.49,159700,1.3384626582719805,1.4462497103715535,-0.07452865941932087
2024-11-01,1.692,166900,282394.8,-209238.71,73156.09,166900,1.3496298079834272,1.4462497103715535,-0.06680720604141299
2024-11-04,1.699,166900,283563.1,-209238.71,74324.39,166900,1.3552133828391506,1.4462497103715535,-0.06294647935245905
2024-11-05,1.717,166900,286567.3,-209238.71,77328.59,166900,1.3695711467538678,1.4462497103715535,-0.053018896438006065
2024-11-06,1.718,166900,286734.2,-209238.71,77495.49,166900,1.3703688003046857,1.4462497103715535,-0.05246736405386963
2024-11-07,1.751,166900,292241.9,-209238.71,83003.19,166900,1.3966913674816674,1.4462497103715535,-0.03426679537737234
2024-11-08,1.737,166900,289905.3,-209238.71,80666.59,166900,1.3855242177702205,1.4462497103715535,-0.04198824875528037
2024-11-11,1.73,166900,288737.0,-209238.71,79498.29,166900,1.3799406429144971,1.4462497103715535,-0.04584897544423431
2024-11-12,1.733,166900,289237.7,-209238.71,79998.99,166900,1.38233360356695,1.4462497103715535,-0.04419437829182548
2024-11-13,1.74,166900,290406.0,-209238.71,81167.29,166900,1.3879171784226734,1.4462497103715535,-0.040333651602871536
2024-11-14,1.72,166900,287068.0,-209238.71,77829.29,166900,1.371964107406321,1.4462497103715535,-0.051364299285597076
2024-11-15,1.718,166900,286734.2,-209238.71,77495.49,166900,1.3703688003046857,1.4462497103715535,-0.05246736405386963
2024-11-18,1.73,166900,288737.0,-209238.71,79498.29,166900,1.3799406429144971,1.4462497103715535,-0.04584897544423431
2024-11-19,1.727,166900,288236.3,-209238.71,78997.59,166900,1.377547682262044,1.4462497103715535,-0.04750357259664329
2024-11-20,1.729,166900,288570.1,-209238.71,79331.39,166900,1.3791429893636793,1.4462497103715535,-0.04640050782837074
2024-11-21,1.728,166900,288403.2,-209238.71,79164.49,166900,1.378345335812862,1.4462497103715535,-0.04695204021250686
2024-11-22,1.695,166900,282895.5,-209238.71,73656.79,166900,1.3520227686358801,1.4462497103715535,-0.06515260888900416
2024-11-25,1.695,166900,282895.5,-209238.71,73656.79,166900,1.3520227686358801,1.4462497103715535,-0.06515260888900416
2024-11-26,1.698,166900,283396.2,-209238.71,74157.49,166900,1.354415729288333,1.4462497103715535,-0.06349801173659533
2024-11-27,1.713,166900,285899.7,-209238.71,76660.99,166900,1.3663805325505975,1.4462497103715535,-0.05522502597455102
2024-11-28,1.71,166900,285399.0,-209238.71,76160.29,166900,1.3639875718981445,1.4462497103715535,-0.05687962312696
2024-11-29,1.724,166900,287735.6,-209238.71,78496.89,166900,1.3751547216095912,1.4462497103715535,-0.04915816974905213
2024-12-02,1.727,168600,291172.2,-212173.29,78998.91,168600,1.3723320216225143,1.4462497103715535,-0.051109907382487274
2024-12-03,1.743,168600,293869.8,-212173.29,81696.51,168600,1.3850461573179167,1.4462497103715535,-0.042318800560321695
2024-12-04,1.743,168600,293869.8,-212173.29,81696.51,168600,1.3850461573179167,1.4462497103715535,-0.042318800560321695
2024-12-05,1.743,168600,293869.8,-212173.29,81696.51,168600,1.3850461573179167,1.4462497103715535,-0.042318800560321695
2024-12-06,1.765,168600,297579.0,-212173.29,85405.71,168600,1.4025280938990954,1.4462497103715535,-0.03023102867984371
2024-12-09,1.77,168600,298422.0,-212173.29,86248.71,168600,1.4065012613039087,1.4462497103715535,-0.027483807797916888
2024-12-10,1.771,168600,298590.6,-212173.29,86417.31,168600,1.4072958947848713,1.4462497103715535,-0.026934363621531617
2024-12-11,1.771,168600,298590.6,-212173.29,86417.31,168600,1.4072958947848713,1.4462497103715535,-0.026934363621531617
2024-12-12,1.797,168600,302974.2,-212173.29,90800.91,168600,1.4279563652899006,1.4462497103715535,-0.012648815035512236
2024-12-13,1.774,168600,299096.4,-212173.29,86923.11,168600,1.4096797952277593,1.4462497103715535,-0.025286031092375493
2024-12-16,1.788,168600,301456.8,-212173.29,89283.51,168600,1.4208046639612364,1.4462497103715535,-0.01759381262298061
2024-12-17,1.794,168600,302468.4,-212173.29,90295.11,168600,1.4255724648470125,1.4462497103715535,-0.01429714756466836
2024-12-18,1.811,168600,305334.6,-212173.29,93161.31,168600,1.4390812340233776,1.4462497103715535,-0.0049565965661173515
2024-12-19,1.788,168600,301456.8,-212173.29,89283.51,168600,1.4208046639612364,1.4462497103715535,-0.01759381262298061
2024-12-20,1.775,168600,299265.0,-212173.29,87091.71,168600,1.4104744287087219,1.4462497103715535,-0.02473658691599022
2024-12-23,1.78,168600,300108.0,-212173.29,87934.71,168600,1.4144475961135352,1.4462497103715535,-0.021989366034063398
2024-12-24,1.79,168600,301794.0,-212173.29,89620.71,168600,1.422393930923162,1.4462497103715535,-0.016494924270209755
2024-12-25,1.798,168600,303142.8,-212173.29,90969.51,168600,1.428750998770863,1.4462497103715535,-0.012099370859126964
2024-12-26,1.791,168600,301962.6,-212173.29,89789.31,168600,1.4231885644041244,1.4462497103715535,-0.015945480093824484
2024-12-27,1.794,168600,302468.4,-212173.29,90295.11,168600,1.4255724648470125,1.4462497103715535,-0.01429714756466836
2024-12-30,1.801,168600,303648.6,-212173.29,91475.31,168600,1.431134899213751,1.4462497103715535,-0.010451038329970994
2024-12-31,1.793,168600,302299.8,-212173.29,90126.51,168600,1.4247778313660497,1.4462497103715535,-0.014846591741053785
2025-01-02,1.764,170300,300409.2,-215225.31,85183.89,170300,1.3957893706832156,1.4462497103715535,-0.03489047522462368
2025-01-03,1.75,170300,298025.0,-215225.31,82799.69,170300,1.384711677265095,1.4462497103715535,-0.04255007462760282
2025-01-06,1.751,170300,298195.3,-215225.31,82969.99,170300,1.385502941080675,1.4462497103715535,-0.042002960384532884
2025-01-07,1.753,170300,298535.9,-215225.31,83310.59,170300,1.3870854687118352,1.4462497103715535,-0.04090873189839288
2025-01-08,1.757,170300,299217.1,-215225.31,83991.79,170300,1.3902505239741552,1.4462497103715535,-0.038720274926113324
2025-01-09,1.745,170300,297173.5,-215225.31,81948.19,170300,1.3807553581871945,1.4462497103715535,-0.0452856458429526
2025-01-10,1.727,170300,294108.1,-215225.31,78882.79,170300,1.3665126095067535,1.4462497103715535,-0.05513370221821161
2025-01-13,1.71,170300,291213.0,-215225.31,75987.69,170300,1.3530611246418927,1.4462497103715535,-0.06443464435040053
2025-01-14,1.734,170300,295300.2,-215225.31,80074.89,170300,1.3720514562158141,1.4462497103715535,-0.05130390251672181
2025-01-15,1.736,170300,295640.8,-215225.31,80415.49,170300,1.373633983846974,1.4462497103715535,-0.05020967403058211
2025-01-16,1.743,170300,296832.9,-215225.31,81607.59,170300,1.3791728305560347,1.4462497103715535,-0.04637987432909231
2025-01-17,1.743,170300,296832.9,-215225.31,81607.59,170300,1.3791728305560347,1.4462497103715535,-0.04637987432909231
2025-01-20,1.74,170300,296322.0,-215225.31,81096.69,170300,1.3767990391092944,1.4462497103715535,-0.04802121705830224
2025-01-21,1.733,170300,295129.9,-215225.31,79904.59,170300,1.3712601924002341,1.4462497103715535,-0.051851016759791736
2025-01-22,1.719,170300,292745.7,-215225.31,77520.39,170300,1.3601824989821132,1.4462497103715535,-0.05951061616277103
2025-01-23,1.738,170300,295981.4,-215225.31,80756.09,170300,1.3752165114781343,1.4462497103715535,-0.049115445544442096
2025-01-24,1.746,170300,297343.8,-215225.31,82118.49,170300,1.3815466220027746,1.4462497103715535,-0.044738531599882676
2025-01-27,1.76,170300,299728.0,-215225.31,84502.69,170300,1.3926243154208955,1.4462497103715535,-0.037078932196903384
2025-02-05,1.734,172000,298248.0,-218221.16,80026.84,172000,1.3667235569639535,1.4462497103715535,-0.05498784396449007
2025-02-06,1.735,172000,298420.0,-218221.16,80198.84,172000,1.3675117481732753,1.4462497103715535,-0.05444285425512707
2025-02-07,1.739,172000,299108.0,-218221.16,80886.84,172000,1.3706645130105624,1.4462497103715535,-0.052262895417674905
2025-02-10,1.738,172000,298936.0,-218221.16,80714.84,172000,1.3698763218012404,1.4462497103715535,-0.05280788512703806
2025-02-11,1.744,172000,299968.0,-218221.16,81746.84,172000,1.3746054690571712,1.4462497103715535,-0.04953794687085974
2025-02-12,1.741,172000,299452.0,-218221.16,81230.84,172000,1.3722408954292058,1.4462497103715535,-0.051172915998948895
2025-02-13,1.739,172000,299108.0,-218221.16,80886.84,172000,1.3706645130105624,1.4462497103715535,-0.052262895417674905
2025-02-14,1.747,172000,300484.0,-218221.16,82262.84,172000,1.3769700426851366,1.4462497103715535,-0.047902977742770574
2025-02-17,1.744,172000,299968.0,-218221.16,81746.84,172000,1.3746054690571712,1.4462497103715535,-0.04953794687085974
2025-02-18,1.749,172000,300828.0,-218221.16,82606.84,172000,1.37854642510378,1.4462497103715535,-0.046812998324044564
2025-02-19,1.744,172000,299968.0,-218221.16,81746.84,172000,1.3746054690571712,1.4462497103715535,-0.04953794687085974
2025-02-20,1.739,172000,299108.0,-218221.16,80886.84,172000,1.3706645130105624,1.4462497103715535,-0.052262895417674905
2025-02-21,1.732,172000,297904.0,-218221.16,79682.84,172000,1.3651471745453099,1.4462497103715535,-0.056077823383216235
2025-02-24,1.731,172000,297732.0,-218221.16,79510.84,172000,1.3643589833359882,1.4462497103715535,-0.05662281309257924
2025-02-25,1.72,172000,295840.0,-218221.16,77618.84,172000,1.3556888800334486,1.4462497103715535,-0.06261769989557273
2025-02-26,1.73,172000,297560.0,-218221.16,79338.84,172000,1.3635707921266664,1.4462497103715535,-0.05716780280194224
2025-02-27,1.744,172000,299968.0,-218221.16,81746.84,172000,1.3746054690571712,1.4462497103715535,-0.04953794687085974
2025-02-28,1.736,172000,298592.0,-218221.16,80370.84,172000,1.368299939382597,1.4462497103715535,-0.05389786454576407
2025-03-03,1.735,173700,301369.5,-221176.16,80193.34,173700,1.3625767804269682,1.4462497103715535,-0.05785510575700585
2025-03-04,1.732,173700,300848.4,-221176.16,79672.24,173700,1.3602207398844433,1.4462497103715535,-0.05948417473840577
2025-03-05,1.739,173700,302064.3,-221176.16,80888.14,173700,1.3657181678170016,1.4462497103715535,-0.055683013781805804
2025-03-06,1.737,173700,301716.9,-221176.16,80540.74,173700,1.364147474121985,1.4462497103715535,-0.05676905976940575
2025-03-07,1.736,173700,301543.2,-221176.16,80367.04,173700,1.3633621272744767,1.4462497103715535,-0.05731208276320572
2025-03-10,1.73,173700,300501.0,-221176.16,79324.84,173700,1.3586500461894266,1.4462497103715535,-0.060570220726005715
2025-03-11,1.735,173700,301369.5,-221176.16,80193.34,173700,1.3625767804269682,1.4462497103715535,-0.05785510575700585
2025-03-12,1.73,173700,300501.0,-221176.16,79324.84,173700,1.3586500461894266,1.4462497103715535,-0.060570220726005715
2025-03-13,1.735,173700,301369.5,-221176.16,80193.34,173700,1.3625767804269682,1.4462497103715535,-0.05785510575700585
2025-03-14,1.751,173700,304148.7,-221176.16,82972.54,173700,1.3751423299871017,1.4462497103715535,-0.04916673785620581
2025-03-17,1.751,173700,304148.7,-221176.16,82972.54,173700,1.3751423299871017,1.4462497103715535,-0.04916673785620581
2025-03-18,1.748,173700,303627.6,-221176.16,82451.44,173700,1.3727862894445766,1.4462497103715535,-0.050795806837605886
2025-03-19,1.755,173700,304843.5,-221176.16,83667.34,173700,1.378283717377135,1.4462497103715535,-0.046994645881005916
2025-03-20,1.747,173700,303453.9,-221176.16,82277.74,173700,1.3720009425970685,1.4462497103715535,-0.051338829831405704
2025-03-21,1.747,173700,303453.9,-221176.16,82277.74,173700,1.3720009425970685,1.4462497103715535,-0.051338829831405704
2025-03-24,1.756,173700,305017.2,-221176.16,83841.04,173700,1.3790690642246435,1.4462497103715535,-0.046451622887205786
2025-03-25,1.766,173700,306754.2,-221176.16,85578.04,173700,1.3869225326997268,1.4462497103715535,-0.0410213929492059
2025-03-26,1.761,173700,305885.7,-221176.16,84709.54,173700,1.382995798462185,1.4462497103715535,-0.04373650791820592
2025-03-27,1.765,173700,306580.5,-221176.16,85404.34,173700,1.3861371858522185,1.4462497103715535,-0.04156441594300587
2025-03-28,1.764,173700,306406.8,-221176.16,85230.64,173700,1.38535183900471,1.4462497103715535,-0.042107438936806
2025-03-31,1.769,173700,307275.3,-221176.16,86099.14,173700,1.3892785732422517,1.4462497103715535,-0.039392323967805974
2025-04-01,1.774,175400,311159.6,-224187.33,86972.27,175400,1.3879446264871436,1.4462497103715535,-0.04031467281637751
2025-04-02,1.778,175400,311861.2,-224187.33,87673.87,175400,1.3910741521387495,1.4462497103715535,-0.03815078256342669
2025-04-03,1.78,175400,312212.0,-224187.33,88024.67,175400,1.3926389149645522,1.4462497103715535,-0.0370688374369515
2025-04-07,1.717,175400,301161.8,-224187.33,76974.47,175400,1.343348885951762,1.4462497103715535,-0.07115010892092449
2025-04-08,1.747,175400,306423.8,-224187.33,82236.47,175400,1.366820328338805,1.4462497103715535,-0.054920932023794465
2025-04-09,1.743,175400,305722.2,-224187.33,81534.87,175400,1.3636908026871992,1.4462497103715535,-0.057084822276745134
2025-04-10,1.751,175400,307125.4,-224187.33,82938.07,175400,1.3699498539904107,1.4462497103715535,-0.05275704177084379
2025-04-11,1.744,175400,305897.6,-224187.33,81710.27,175400,1.3644731841001005,1.4462497103715535,-0.056543849713507545
2025-04-14,1.749,175400,306774.6,-224187.33,82587.27,175400,1.3683850911646078,1.4462497103715535,-0.05383898689731913
2025-04-15,1.76,175400,308704.0,-224187.33,84516.67,175400,1.3769912867065235,1.4462497103715535,-0.04788828870170486
2025-04-16,1.773,175400,310984.2,-224187.33,86796.87,175400,1.3871622450742422,1.4462497103715535,-0.0408556453796151
2025-04-17,1.773,175400,310984.2,-224187.33,86796.87,175400,1.3871622450742422,1.4462497103715535,-0.0408556453796151
2025-04-18,1.775,175400,311335.0,-224187.33,87147.67,175400,1.388727007900045,1.4462497103715535,-0.03977370025313977
2025-04-21,1.77,175400,310458.0,-224187.33,86270.67,175400,1.3848151008355378,1.4462497103715535,-0.04247856306932818
2025-04-22,1.774,175400,311159.6,-224187.33,86972.27,175400,1.3879446264871436,1.4462497103715535,-0.04031467281637751
2025-04-23,1.766,175400,309756.4,-224187.33,85569.07,175400,1.3816855751839323,1.4462497103715535,-0.044642453322278695
2025-04-24,1.774,175400,311159.6,-224187.33,86972.27,175400,1.3879446264871436,1.4462497103715535,-0.04031467281637751
2025-04-25,1.769,175400,310282.6,-224187.33,86095.27,175400,1.3840327194226363,1.4462497103715535,-0.04301953563256593
2025-04-28,1.781,175400,312387.4,-224187.33,88200.07,175400,1.3934212963774537,1.4462497103715535,-0.03652786487371376
2025-04-29,1.775,175400,311335.0,-224187.33,87147.67,175400,1.388727007900045,1.4462497103715535,-0.03977370025313977
2025-04-30,1.761,175400,308879.4,-224187.33,84692.07,175400,1.377773668119425,1.4462497103715535,-0.04734731613846711
2025-05-06,1.759,177100,311518.9,-227184.88,84334.02,177100,1.3712131722850571,1.4462497103715535,-0.051883528514048136
2025-05-07,1.77,177100,313467.0,-227184.88,86282.12,177100,1.3797881267450545,1.4462497103715535,-0.045954431762288465
2025-05-08,1.774,177100,314175.4,-227184.88,86990.52,177100,1.3829062920032356,1.4462497103715535,-0.043798396579830236
2025-05-09,1.783,177100,315769.3,-227184.88,88584.42,177100,1.3899221638341424,1.4462497103715535,-0.03894731741929968
2025-05-12,1.784,177100,315946.4,-227184.88,88761.52,177100,1.3907017051486879,1.4462497103715535,-0.03840830862368497
2025-05-13,1.792,177100,317363.2,-227184.88,90178.32,177100,1.3969380356650496,1.4462497103715535,-0.03409623825876882
2025-05-14,1.799,177100,318602.9,-227184.88,91418.02,177100,1.4023948248668663,1.4462497103715535,-0.03032317668946707
2025-05-15,1.794,177100,317717.4,-227184.88,90532.52,177100,1.3984971182941401,1.4462497103715535,-0.033018220667539705
2025-05-16,1.787,177100,316477.7,-227184.88,89292.82,177100,1.3930403290923234,1.4462497103715535,-0.03679128223684145
2025-05-19,1.793,177100,317540.3,-227184.88,90355.42,177100,1.3977175769795946,1.4462497103715535,-0.03355722946315441
2025-05-20,1.798,177100,318425.8,-227184.88,91240.92,177100,1.4016152835523208,1.4462497103715535,-0.03086218548508178
2025-05-21,1.807,177100,320019.7,-227184.88,92834.82,177100,1.408631155383228,1.4462497103715535,-0.026011106324550917
2025-05-22,1.81,177100,320551.0,-227184.88,93366.12,177100,1.4109697793268636,1.4462497103715535,-0.0243940799377074
2025-05-23,1.799,177100,318602.9,-227184.88,91418.02,177100,1.4023948248668663,1.4462497103715535,-0.03032317668946707
2025-05-26,1.79,177100,317009.0,-227184.88,89824.12,177100,1.395378953035959,1.4462497103715535,-0.035174255849997935
2025-05-27,1.792,177100,317363.2,-227184.88,90178.32,177100,1.3969380356650496,1.4462497103715535,-0.03409623825876882
2025-05-28,1.795,177100,317894.5,-227184.88,90709.62,177100,1.3992766596086852,1.4462497103715535,-0.0324792118719253
2025-05-29,1.794,177100,317717.4,-227184.88,90532.52,177100,1.3984971182941401,1.4462497103715535,-0.033018220667539705
2025-05-30,1.803,177100,319311.3,-227184.88,92126.42,177100,1.405512990125047,1.4462497103715535,-0.028167141507009146
2025-06-03,1.806,178800,322912.8,-230253.93,92658.87,178800,1.4024203625970684,1.4462497103715535,-0.030305518791236254
2025-06-04,1.811,178800,323806.8,-230253.93,93552.87,178800,1.4063030324824424,1.4462497103715535,-0.0276208718332939
2025-06-05,1.802,178800,322197.6,-230253.93,91943.67,178800,1.3993142266887693,1.4462497103715535,-0.03245323635759008
2025-06-06,1.803,178800,322376.4,-230253.93,92122.47,178800,1.4000907606658441,1.4462497103715535,-0.03191630696600155
2025-06-09,1.805,178800,322734.0,-230253.93,92480.07,178800,1.4016438286199937,1.4462497103715535,-0.030842448182824635
2025-06-10,1.806,178800,322912.8,-230253.93,92658.87,178800,1.4024203625970684,1.4462497103715535,-0.030305518791236254
2025-06-11,1.811,178800,323806.8,-230253.93,93552.87,178800,1.4063030324824424,1.4462497103715535,-0.0276208718332939
2025-06-12,1.81,178800,323628.0,-230253.93,93374.07,178800,1.4055264985053675,1.4462497103715535,-0.028157801224882435
2025-06-13,1.803,178800,322376.4,-230253.93,92122.47,178800,1.4000907606658441,1.4462497103715535,-0.03191630696600155
2025-06-16,1.805,178800,322734.0,-230253.93,92480.07,178800,1.4016438286199937,1.4462497103715535,-0.030842448182824635
2025-06-17,1.805,178800,322734.0,-230253.93,92480.07,178800,1.4016438286199937,1.4462497103715535,-0.030842448182824635
2025-06-18,1.809,178800,323449.2,-230253.93,93195.27,178800,1.4047499645282928,1.4462497103715535,-0.028694730616470814
2025-06-19,1.805,178800,322734.0,-230253.93,92480.07,178800,1.4016438286199937,1.4462497103715535,-0.030842448182824635
2025-06-20,1.816,178800,324700.8,-230253.93,94446.87,178800,1.4101857023678162,1.4462497103715535,-0.0249362248753517
2025-06-23,1.818,178800,325058.4,-230253.93,94804.47,178800,1.411738770321966,1.4462497103715535,-0.023862366092174635
2025-06-24,1.82,178800,325416.0,-230253.93,95162.07,178800,1.4132918382761155,1.4462497103715535,-0.022788507308997726
2025-06-25,1.826,178800,326488.8,-230253.93,96234.87,178800,1.4179510421385642,1.4462497103715535,-0.01956693095946699
2025-06-26,1.831,178800,327382.8,-230253.93,97128.87,178800,1.4218337120239382,1.4462497103715535,-0.01688228400152464
2025-06-27,1.817,178800,324879.6,-230253.93,94625.67,178800,1.410962236344891,1.4462497103715535,-0.02439929548376317
2025-06-30,1.815,178800,324522.0,-230253.93,94268.07,178800,1.4094091683907415,1.4462497103715535,-0.02547315426694008
2025-07-01,1.823,180500,329051.5,-233343.4,95708.1,180500,1.4101598759596372,1.4462497103715535,-0.02495408237810087
2025-07-02,1.836,180500,331398.0,-233343.4,98054.6,180500,1.4202158706867218,1.4462497103715535,-0.018000929921115304
2025-07-03,1.836,180500,331398.0,-233343.4,98054.6,180500,1.4202158706867218,1.4462497103715535,-0.018000929921115304
2025-07-04,1.85,180500,333925.0,-233343.4,100581.6,180500,1.431045403469736,1.4462497103715535,-0.010512919582823218
2025-07-07,1.851,180500,334105.5,-233343.4,100762.1,180500,1.4318189415256657,1.4462497103715535,-0.009978061701516541
2025-07-08,1.847,180500,333383.5,-233343.4,100040.1,180500,1.4287247893019472,1.4462497103715535,-0.012117493226742939
2025-07-09,1.857,180500,335188.5,-233343.4,101845.1,180500,1.4364601698612431,1.4462497103715535,-0.006768914413677097
2025-07-10,1.864,180500,336452.0,-233343.4,103108.6,180500,1.4418749362527503,1.4462497103715535,-0.0030249092445309767
2025-07-11,1.855,180500,334827.5,-233343.4,101484.1,180500,1.434913093749384,1.4462497103715535,-0.007838630176290296
2025-07-14,1.862,180500,336091.0,-233343.4,102747.6,180500,1.440327860140891,1.4462497103715535,-0.004094625007144176
2025-07-15,1.853,180500,334466.5,-233343.4,101123.1,180500,1.433366017637525,1.4462497103715535,-0.008908345938903342
2025-07-16,1.848,180500,333564.0,-233343.4,100220.6,180500,1.429498327357877,1.4462497103715535,-0.011582635345436262
2025-07-17,1.848,180500,333564.0,-233343.4,100220.6,180500,1.429498327357877,1.4462497103715535,-0.011582635345436262
2025-07-18,1.854,180500,334647.0,-233343.4,101303.6,180500,1.4341395556934544,1.4462497103715535,-0.008373488057596818
2025-07-21,1.862,180500,336091.0,-233343.4,102747.6,180500,1.440327860140891,1.4462497103715535,-0.004094625007144176
2025-07-22,1.875,180500,338437.5,-233343.4,105094.1,180500,1.4503838548679757,1.4503838548679757,0.0
2025-07-23,1.871,180500,337715.5,-233343.4,104372.1,180500,1.4472897026442575,1.4503838548679757,-0.00213333333333325
2025-07-24,1.865,180500,336632.5,-233343.4,103289.1,180500,1.4426484743086798,1.4503838548679757,-0.005333333333333355
2025-07-25,1.856,180500,335008.0,-233343.4,101664.6,180500,1.4356866318053136,1.4503838548679757,-0.010133333333333282
2025-07-28,1.85,180500,333925.0,-233343.4,100581.6,180500,1.431045403469736,1.4503838548679757,-0.013333333333333386
2025-07-29,1.842,180500,332481.0,-233343.4,99137.6,180500,1.4248570990222993,1.4503838548679757,-0.01760000000000004
2025-07-30,1.851,180500,334105.5,-233343.4,100762.1,180500,1.4318189415256657,1.4503838548679757,-0.012799999999999959
2025-07-31,1.83,180500,330315.0,-233343.4,96971.6,180500,1.4155746423511444,1.4503838548679757,-0.02399999999999994
2025-08-01,1.828,182100,332878.8,-236275.17,96603.63,182100,1.4088606940797037,1.4503838548679757,-0.02862908370698303
2025-08-04,1.833,182100,333789.3,-236275.17,97514.13,182100,1.4127142517768583,1.4503838548679757,-0.025972161069420067
2025-08-05,1.843,182100,335610.3,-236275.17,99335.13,182100,1.4204213671711672,1.4503838548679757,-0.020658315794294287
2025-08-06,1.845,182100,335974.5,-236275.17,99699.33,182100,1.4219627902500291,1.4503838548679757,-0.01959554673926901
2025-08-07,1.849,182100,336702.9,-236275.17,100427.73,182100,1.4250456364077528,1.4503838548679757,-0.017470008629218606
2025-08-08,1.852,182100,337249.2,-236275.17,100974.03,182100,1.4273577710260457,1.4503838548679757,-0.015875855046680765
2025-08-11,1.842,182100,335428.2,-236275.17,99153.03,182100,1.4196506556317365,1.4503838548679757,-0.021189700321806698
2025-08-12,1.846,182100,336156.6,-236275.17,99881.43,182100,1.42273350178946,1.4503838548679757,-0.019064162211756448
2025-08-13,1.84,182100,335064.0,-236275.17,98788.83,182100,1.4181092325528746,1.4503838548679757,-0.022252469376831976
2025-08-14,1.836,182100,334335.6,-236275.17,98060.43,182100,1.4150263863951509,1.4503838548679757,-0.02437800748688238
2025-08-15,1.832,182100,333607.2,-236275.17,97332.03,182100,1.4119435402374274,1.4503838548679757,-0.026503545596932628
2025-08-18,1.828,182100,332878.8,-236275.17,96603.63,182100,1.4088606940797037,1.4503838548679757,-0.02862908370698303
2025-08-19,1.828,182100,332878.8,-236275.17,96603.63,182100,1.4088606940797037,1.4503838548679757,-0.02862908370698303
2025-08-20,1.837,182100,334517.7,-236275.17,98242.53,182100,1.415797097934582,1.4503838548679757,-0.023846622959369665
2025-08-21,1.845,182100,335974.5,-236275.17,99699.33,182100,1.4219627902500291,1.4503838548679757,-0.01959554673926901
2025-08-22,1.843,182100,335610.3,-236275.17,99335.13,182100,1.4204213671711672,1.4503838548679757,-0.020658315794294287
2025-08-25,1.857,182100,338159.7,-236275.17,101884.53,182100,1.4312113287232002,1.4503838548679757,-0.0132189324091178
2025-08-26,1.851,182100,337067.1,-236275.17,100791.93,182100,1.4265870594866146,1.4503838548679757,-0.01640723957419348
2025-08-27,1.827,182100,332696.7,-236275.17,96421.53,182100,1.4080899825402728,1.4503838548679757,-0.029160468234495595
2025-08-28,1.824,182100,332150.4,-236275.17,95875.23,182100,1.4057778479219802,1.4503838548679757,-0.030754621817033284
2025-08-29,1.823,182100,331968.3,-236275.17,95693.13,182100,1.4050071363825491,1.4503838548679757,-0.031286006344546
2025-09-01,1.818,183700,333966.6,-239195.72,94770.88,183700,1.3962064204158835,1.4503838548679757,-0.03735385930438659
2025-09-02,1.826,183700,335436.2,-239195.72,96240.48,183700,1.4023503430579778,1.4503838548679757,-0.03311779267866318
2025-09-03,1.812,183700,332864.4,-239195.72,93668.68,183700,1.3915984784343132,1.4503838548679757,-0.040530909273678875
2025-09-04,1.815,183700,333415.5,-239195.72,94219.78,183700,1.3939024494250984,1.4503838548679757,-0.038942384289032655
2025-09-05,1.814,183700,333231.8,-239195.72,94036.08,183700,1.3931344590948367,1.4503838548679757,-0.03947189261724806
2025-09-08,1.82,183700,334334.0,-239195.72,95138.28,183700,1.3977424010764072,1.4503838548679757,-0.03629484264795562
2025-09-09,1.823,183700,334885.1,-239195.72,95689.38,183700,1.4000463720671925,1.4503838548679757,-0.0347063176633094
2025-09-10,1.82,183700,334334.0,-239195.72,95138.28,183700,1.3977424010764072,1.4503838548679757,-0.03629484264795562
2025-09-11,1.827,183700,335619.9,-239195.72,96424.18,183700,1.4031183333882395,1.4503838548679757,-0.03258828435044778
2025-09-12,1.817,183700,333782.9,-239195.72,94587.18,183700,1.395438430085622,1.4503838548679757,-0.03788336763260184
2025-09-15,1.807,183700,331945.9,-239195.72,92750.18,183700,1.3877585267830044,1.4503838548679757,-0.0431784509147559
2025-09-16,1.8,183700,330660.0,-239195.72,91464.28,183700,1.382382594471172,1.4503838548679757,-0.046885009212263754
2025-09-17,1.805,183700,331578.5,-239195.72,92382.78,183700,1.3862225461224809,1.4503838548679757,-0.04423746757118672
2025-09-18,1.785,183700,327904.5,-239195.72,88708.78,183700,1.3708627395172455,1.4503838548679757,-0.054827634135495004
2025-09-19,1.789,183700,328639.3,-239195.72,89443.58,183700,1.3739347008382925,1.4503838548679757,-0.05270960082263337
2025-09-22,1.779,183700,326802.3,-239195.72,87606.58,183700,1.366254797535675,1.4503838548679757,-0.05800468410478744
2025-09-23,1.785,183700,327904.5,-239195.72,88708.78,183700,1.3708627395172455,1.4503838548679757,-0.054827634135495004
2025-09-24,1.794,183700,329557.8,-239195.72,90362.08,183700,1.3777746524896013,1.4503838548679757,-0.050062059181556345
2025-09-25,1.795,183700,329741.5,-239195.72,90545.78,183700,1.378542642819863,1.4503838548679757,-0.049532550853340934
2025-09-26,1.796,183700,329925.2,-239195.72,90729.48,183700,1.379310633150125,1.4503838548679757,-0.04900304252512538
2025-09-29,1.795,183700,329741.5,-239195.72,90545.78,183700,1.378542642819863,1.4503838548679757,-0.049532550853340934
2025-09-30,1.787,183700,328271.9,-239195.72,89076.18,183700,1.3723987201777692,1.4503838548679757,-0.053768617479064036
2025-10-09,1.801,185400,333905.4,-242237.53,91667.87,185400,1.3784214196701892,1.4503838548679757,-0.04961613089959353
2025-10-10,1.818,185400,337057.2,-242237.53,94819.67,185400,1.3914326157470316,1.4503838548679757,-0.04064526706022269
2025-10-13,1.813,185400,336130.2,-242237.53,93892.67,185400,1.3876057933714896,1.4503838548679757,-0.043283756424743594
2025-10-14,1.826,185400,338540.4,-242237.53,96302.87,185400,1.3975555315478985,1.4503838548679757,-0.03642368407698944
2025-10-15,1.831,185400,339467.4,-242237.53,97229.87,185400,1.4013823539234405,1.4503838548679757,-0.03378519471246853
2025-10-16,1.84,185400,341136.0,-242237.53,98898.47,185400,1.4082706341994158,1.4503838548679757,-0.029035913856331075
2025-10-17,1.834,185400,340023.6,-242237.53,97786.07,185400,1.4036784473487653,1.4503838548679757,-0.0322021010937562
2025-10-20,1.837,185400,340579.8,-242237.53,98342.27,185400,1.4059745407740907,1.4503838548679757,-0.03061900747504356
2025-10-21,1.834,185400,340023.6,-242237.53,97786.07,185400,1.4036784473487653,1.4503838548679757,-0.0322021010937562
2025-10-22,1.844,185400,341877.6,-242237.53,99640.07,185400,1.4113320920998491,1.4503838548679757,-0.026925122364714532
2025-10-23,1.85,185400,342990.0,-242237.53,100752.47,185400,1.4159242789504995,1.4503838548679757,-0.023758935127289407
2025-10-24,1.845,185400,342063.0,-242237.53,99825.47,185400,1.4120974565749576,1.4503838548679757,-0.026397424491810317
2025-10-27,1.854,185400,343731.6,-242237.53,101494.07,185400,1.4189857368509329,1.4503838548679757,-0.021648143635672863
2025-10-28,1.845,185400,342063.0,-242237.53,99825.47,185400,1.4120974565749576,1.4503838548679757,-0.026397424491810317
2025-10-29,1.841,185400,341321.4,-242237.53,99083.87,185400,1.4090359986745242,1.4503838548679757,-0.028508215983426864
2025-10-30,1.851,185400,343175.4,-242237.53,100937.87,185400,1.416689643425608,1.4503838548679757,-0.023231237254385195
2025-10-31,1.847,185400,342433.8,-242237.53,100196.27,185400,1.4136281855251744,1.4503838548679757,-0.02534202874600189
2025-11-03,1.859,187000,347633.0,-245196.53,102436.47,187000,1.4177729187276835,1.4503838548679757,-0.02248434856113362
2025-11-04,1.864,187000,348568.0,-245196.53,103371.47,187000,1.421586186395052,1.4503838548679757,-0.019855204797177648
2025-11-05,1.86,187000,347820.0,-245196.53,102623.47,187000,1.4185355722611572,1.4503838548679757,-0.021958519808342424
2025-11-06,1.871,187000,349877.0,-245196.53,104680.47,187000,1.4269247611293683,1.4503838548679757,-0.016174403527639138
2025-11-07,1.872,187000,350064.0,-245196.53,104867.47,187000,1.427687414662842,1.4503838548679757,-0.015648574774847945
2025-11-10,1.885,187000,352495.0,-245196.53,107298.47,187000,1.4376019105980007,1.4503838548679757,-0.008812800988562118
2025-11-11,1.881,187000,351747.0,-245196.53,106550.47,187000,1.4345512964641058,1.4503838548679757,-0.010916115999726894
2025-11-12,1.89,187000,353430.0,-245196.53,108233.47,187000,1.4414151782653695,1.4503838548679757,-0.006183657224605996
2025-11-13,1.885,187000,352495.0,-245196.53,107298.47,187000,1.4376019105980007,1.4503838548679757,-0.008812800988562118
2025-11-14,1.88,187000,351560.0,-245196.53,106363.47,187000,1.4337886429306321,1.4503838548679757,-0.011441944752518087
2025-11-17,1.867,187000,349129.0,-245196.53,103932.47,187000,1.4238741469954734,1.4503838548679757,-0.018277718538803913
2025-11-18,1.861,187000,348007.0,-245196.53,102810.47,187000,1.419298225794631,1.4503838548679757,-0.02143269105555123
2025-11-19,1.87,187000,349690.0,-245196.53,104493.47,187000,1.4261621075958946,1.4503838548679757,-0.016700232280430334
2025-11-20,1.874,187000,350438.0,-245196.53,105241.47,187000,1.4292127217297896,1.4503838548679757,-0.014596917269265404
2025-11-21,1.855,187000,346885.0,-245196.53,101688.47,187000,1.4147223045937884,1.4503838548679757,-0.024587663572298548
2025-11-24,1.846,187000,345202.0,-245196.53,100005.47,187000,1.4078584227925248,1.4503838548679757,-0.029320122347419444
2025-11-25,1.854,187000,346698.0,-245196.53,101501.47,187000,1.4139596510603147,1.4503838548679757,-0.02511349232508974
2025-11-26,1.849,187000,345763.0,-245196.53,100566.47,187000,1.410146383392946,1.4503838548679757,-0.027742636089045866
2025-11-27,1.853,187000,346511.0,-245196.53,101314.47,187000,1.413196997526841,1.4503838548679757,-0.025639321077880934
2025-11-28,1.848,187000,345576.0,-245196.53,100379.47,187000,1.4093837298594722,1.4503838548679757,-0.02826846484183706
2025-12-01,1.857,188600,350230.2,-248157.14,102073.06,188600,1.4113242923415381,1.4503838548679757,-0.026930500084746935
2025-12-02,1.859,188600,350607.4,-248157.14,102450.26,188600,1.4128442969644155,1.4503838548679757,-0.025882498469329242
2025-12-03,1.862,188600,351173.2,-248157.14,103016.06,188600,1.4151243038987313,1.4503838548679757,-0.024310496046202855
2025-12-04,1.855,188600,349853.0,-248157.14,101695.86,188600,1.4098042877186607,1.4503838548679757,-0.02797850170016463
2025-12-05,1.853,188600,349475.8,-248157.14,101318.66,188600,1.4082842830957834,1.4503838548679757,-0.029026503315582323
2025-12-08,1.846,188600,348155.6,-248157.14,99998.46,188600,1.402964266915713,1.4503838548679757,-0.03269450896954394
2025-12-09,1.835,188600,346081.0,-248157.14,97923.86,188600,1.394604241489888,1.4503838548679757,-0.0384585178543408
2025-12-10,1.831,188600,345326.6,-248157.14,97169.46,188600,1.3915642322441335,1.4503838548679757,-0.040554521085176036
2025-12-11,1.825,188600,344195.0,-248157.14,96037.86,188600,1.3870042183755018,1.4503838548679757,-0.043698525931428804
2025-12-12,1.823,188600,343817.8,-248157.14,95660.66,188600,1.3854842137526244,1.4503838548679757,-0.0447465275468465
2025-12-15,1.825,188600,344195.0,-248157.14,96037.86,188600,1.3870042183755018,1.4503838548679757,-0.043698525931428804
2025-12-16,1.82,188600,343252.0,-248157.14,95094.86,188600,1.3832042068183086,1.4503838548679757,-0.046318529969972884
2025-12-17,1.827,188600,344572.2,-248157.14,96415.06,188600,1.3885242229983792,1.4503838548679757,-0.042650524316011115
2025-12-18,1.835,188600,346081.0,-248157.14,97923.86,188600,1.394604241489888,1.4503838548679757,-0.0384585178543408
2025-12-19,1.836,188600,346269.6,-248157.14,98112.46,188600,1.3953642438013267,1.4503838548679757,-0.03793451704663195
2025-12-22,1.831,188600,345326.6,-248157.14,97169.46,188600,1.3915642322441335,1.4503838548679757,-0.040554521085176036
2025-12-23,1.832,188600,345515.2,-248157.14,97358.06,188600,1.3923242345555722,1.4503838548679757,-0.04003052027746719
2025-12-24,1.832,188600,345515.2,-248157.14,97358.06,188600,1.3923242345555722,1.4503838548679757,-0.04003052027746719
2025-12-25,1.833,188600,345703.8,-248157.14,97546.66,188600,1.3930842368670109,1.4503838548679757,-0.03950651946975834
2025-12-26,1.831,188600,345326.6,-248157.14,97169.46,188600,1.3915642322441335,1.4503838548679757,-0.040554521085176036
2025-12-29,1.828,188600,344760.8,-248157.14,96603.66,188600,1.3892842253098177,1.4503838548679757,-0.04212652350830242
2025-12-30,1.825,188600,344195.0,-248157.14,96037.86,188600,1.3870042183755018,1.4503838548679757,-0.043698525931428804
2025-12-31,1.831,188600,345326.6,-248157.14,97169.46,188600,1.3915642322441335,1.4503838548679757,-0.040554521085176036
2026-01-05,1.828,190200,347685.6,-251090.51,96595.09,190200,1.3847022732957928,1.4503838548679757,-0.04528565410579654
2026-01-06,1.838,190200,349587.6,-251090.51,98497.09,190200,1.39227723102717,1.4503838548679757,-0.04006292792475613
2026-01-07,1.842,190200,350348.4,-251090.51,99257.89,190200,1.3953072141197214,1.4503838548679757,-0.0379738374523397
2026-01-08,1.838,190200,349587.6,-251090.51,98497.09,190200,1.39227723102717,1.4503838548679757,-0.04006292792475613
2026-01-09,1.844,190200,350728.8,-251090.51,99638.29,190200,1.3968222056659967,1.4503838548679757,-0.036929292216131705
2026-01-12,1.843,190200,350538.6,-251090.51,99448.09,190200,1.396064709892859,1.4503838548679757,-0.03745156483423578
2026-01-13,1.842,190200,350348.4,-251090.51,99257.89,190200,1.3953072141197214,1.4503838548679757,-0.0379738374523397
2026-01-14,1.832,190200,348446.4,-251090.51,97355.89,190200,1.3877322563883439,1.4503838548679757,-0.04319656363338025
2026-01-15,1.825,190200,347115.0,-251090.51,96024.49,190200,1.3824297859763794,1.4503838548679757,-0.046852471960108756
2026-01-16,1.82,190200,346164.0,-251090.51,95073.49,190200,1.3786423071106908,1.4503838548679757,-0.04946383505062896
2026-01-19,1.822,190200,346544.4,-251090.51,95453.89,190200,1.3801572986569663,1.4503838548679757,-0.04841928981442081
2026-01-20,1.845,190200,350919.0,-251090.51,99828.49,190200,1.3975797014391345,1.4503838548679757,-0.03640701959802763
2026-01-21,1.834,190200,348826.8,-251090.51,97736.29,190200,1.3892472479346192,1.4503838548679757,-0.04215201839717227
2026-01-22,1.835,190200,349017.0,-251090.51,97926.49,190200,1.390004743707757,1.4503838548679757,-0.041629745779068195
2026-01-23,1.829,190200,347875.8,-251090.51,96785.29,190200,1.3854597690689305,1.4503838548679757,-0.04476338148769247
2026-01-26,1.834,190200,348826.8,-251090.51,97736.29,190200,1.3892472479346192,1.4503838548679757,-0.04215201839717227
2026-01-27,1.821,190200,346354.2,-251090.51,95263.69,190200,1.3793998028838286,1.4503838548679757,-0.048941562432524885
2026-01-28,1.835,190200,349017.0,-251090.51,97926.49,190200,1.390004743707757,1.4503838548679757,-0.041629745779068195
2026-01-29,1.855,190200,352821.0,-251090.51,101730.49,190200,1.4051546591705117,1.4503838548679757,-0.031184293416987228
2026-01-30,1.842,190200,350348.4,-251090.51,99257.89,190200,1.3953072141197214,1.4503838548679757,-0.0379738374523397
2026-02-02,1.829,191800,350802.2,-254041.5,96760.7,191800,1.3808854065182263,1.4503838548679757,-0.047917279357798444
2026-02-03,1.822,191800,349459.6,-254041.5,95418.1,191800,1.3756004432346682,1.4503838548679757,-0.051561116998309946
2026-02-04,1.843,191800,353487.4,-254041.5,99445.9,191800,1.3914553330853425,1.4503838548679757,-0.04062960407677545
2026-02-05,1.852,191800,355213.6,-254041.5,101172.1,191800,1.3982502858784882,1.4503838548679757,-0.03594466996754668
2026-02-06,1.848,191800,354446.4,-254041.5,100404.9,191800,1.3952303068593124,1.4503838548679757,-0.03802686290498167
2026-02-09,1.857,191800,356172.6,-254041.5,102131.1,191800,1.4020252596524583,1.4503838548679757,-0.033341928795752755
2026-02-10,1.858,191800,356364.4,-254041.5,102322.9,191800,1.4027802544072525,1.4503838548679757,-0.03282138056139382
2026-02-11,1.861,191800,356939.8,-254041.5,102898.3,191800,1.4050452386716343,1.4503838548679757,-0.03125973585831761
2026-02-12,1.851,191800,355021.8,-254041.5,100980.3,191800,1.3974952911236944,1.4503838548679757,-0.03646521820190531
2026-02-13,1.84,191800,352912.0,-254041.5,98870.5,191800,1.3891903488209603,1.4503838548679757,-0.042191248779851954
2026-02-24,1.846,191800,354062.8,-254041.5,100021.3,191800,1.3937203173497243,1.4503838548679757,-0.039067959373699244
2026-02-25,1.84,191800,352912.0,-254041.5,98870.5,191800,1.3891903488209603,1.4503838548679757,-0.042191248779851954
2026-02-26,1.841,191800,353103.8,-254041.5,99062.3,191800,1.3899453435757543,1.4503838548679757,-0.04167070054549317
2026-02-27,1.847,191800,354254.6,-254041.5,100213.1,191800,1.3944753121045184,1.4503838548679757,-0.03854741113934045
2026-03-02,1.859,193400,359530.6,-257000.5,102530.1,193400,1.3989490292820441,1.4503838548679757,-0.035462905501394706
2026-03-03,1.866,193400,360884.4,-257000.5,103883.9,193400,1.404216723313768,1.4503838548679757,-0.03183097453770973
2026-03-04,1.85,193400,357790.0,-257000.5,100789.5,193400,1.392176279812685,1.4503838548679757,-0.04013253102613245
2026-03-05,1.853,193400,358370.2,-257000.5,101369.7,193400,1.3944338629691382,1.4503838548679757,-0.03857598918455315
2026-03-06,1.862,193400,360110.8,-257000.5,103110.3,193400,1.4012066124384972,1.4503838548679757,-0.033906363659815406
2026-03-09,1.86,193400,359724.0,-257000.5,102723.5,193400,1.399701557000862,1.4503838548679757,-0.03494405822086817
2026-03-10,1.858,193400,359337.2,-257000.5,102336.7,193400,1.3981965015632265,1.4503838548679757,-0.03598175278192109
2026-03-11,1.876,193400,362818.4,-257000.5,105817.9,193400,1.4117420005019445,1.4503838548679757,-0.026642501732445607
2026-03-12,1.885,193400,364559.0,-257000.5,107558.5,193400,1.4185147499713036,1.4503838548679757,-0.021972876207707867
2026-03-13,1.887,193400,364945.8,-257000.5,107945.3,193400,1.4200198054089388,1.4503838548679757,-0.0209351816466551
2026-03-16,1.891,193400,365719.4,-257000.5,108718.9,193400,1.4230299162842097,1.4503838548679757,-0.01885979252454927
2026-03-17,1.896,193400,366686.4,-257000.5,109685.9,193400,1.426792554878298,1.4503838548679757,-0.01626555612191721
2026-03-18,1.887,193400,364945.8,-257000.5,107945.3,193400,1.4200198054089388,1.4503838548679757,-0.0209351816466551
2026-03-19,1.886,193400,364752.4,-257000.5,107751.9,193400,1.4192672776901214,1.4503838548679757,-0.02145402892718133
2026-03-20,1.873,193400,362238.2,-257000.5,105237.7,193400,1.4094844173454917,1.4503838548679757,-0.02819904357402475
2026-03-23,1.831,193400,354115.4,-257000.5,97114.9,193400,1.3778782531551497,1.4503838548679757,-0.04999062935613416
2026-03-24,1.859,193400,359530.6,-257000.5,102530.1,193400,1.3989490292820441,1.4503838548679757,-0.035462905501394706
2026-03-25,1.865,193400,360691.0,-257000.5,103690.5,193400,1.4034641955949503,1.4503838548679757,-0.03234982181823611
2026-03-26,1.866,193400,360884.4,-257000.5,103883.9,193400,1.404216723313768,1.4503838548679757,-0.03183097453770973
2026-03-27,1.865,193400,360691.0,-257000.5,103690.5,193400,1.4034641955949503,1.4503838548679757,-0.03234982181823611
2026-03-30,1.867,193400,361077.8,-257000.5,104077.3,193400,1.4049692510325855,1.4503838548679757,-0.031312127257183346
2026-03-31,1.867,193400,361077.8,-257000.5,104077.3,193400,1.4049692510325855,1.4503838548679757,-0.031312127257183346
2026-04-01,1.87,195000,364650.0,-259991.55,104658.45,195000,1.4025455827314388,1.4503838548679757,-0.032983180263607866
2026-04-02,1.875,195000,365625.0,-259991.55,105633.45,195000,1.4062957046103999,1.4503838548679757,-0.030397573793724462
2026-04-03,1.858,195000,362310.0,-259991.55,102318.45,195000,1.3935452902219323,1.4503838548679757,-0.039188635791327996
2026-04-07,1.849,195000,360555.0,-259991.55,100563.45,195000,1.3867950708398022,1.4503838548679757,-0.04384272743711821
2026-04-08,1.86,195000,362700.0,-259991.55,102708.45,195000,1.3950453389735167,1.4503838548679757,-0.038154393203374666
2026-04-09,1.849,195000,360555.0,-259991.55,100563.45,195000,1.3867950708398022,1.4503838548679757,-0.04384272743711821
2026-04-10,1.848,195000,360360.0,-259991.55,100368.45,195000,1.3860450464640102,1.4503838548679757,-0.044359848731094796
2026-04-13,1.841,195000,358995.0,-259991.55,99003.45,195000,1.3807948758334647,1.4503838548679757,-0.047979697788931526
2026-04-14,1.845,195000,359775.0,-259991.55,99783.45,195000,1.3837949733366335,1.4503838548679757,-0.04591121261302487
2026-04-15,1.854,195000,361530.0,-259991.55,101538.45,195000,1.3905451927187633,1.4503838548679757,-0.04125712096723481
2026-04-16,1.856,195000,361920.0,-259991.55,101928.45,195000,1.392045241470348,1.4503838548679757,-0.040222878379281325
2026-04-17,1.849,195000,360555.0,-259991.55,100563.45,195000,1.3867950708398022,1.4503838548679757,-0.04384272743711821
2026-04-20,1.853,195000,361335.0,-259991.55,101343.45,195000,1.3897951683429712,1.4503838548679757,-0.041774242261211396
2026-04-21,1.867,195000,364065.0,-259991.55,104073.45,195000,1.4002955096040621,1.4503838548679757,-0.034534544145537936
2026-04-22,1.86,195000,362700.0,-259991.55,102708.45,195000,1.3950453389735167,1.4503838548679757,-0.038154393203374666
2026-04-23,1.869,195000,364455.0,-259991.55,104463.45,195000,1.4017955583556467,1.4503838548679757,-0.033500301557584454
2026-04-24,1.869,195000,364455.0,-259991.55,104463.45,195000,1.4017955583556467,1.4503838548679757,-0.033500301557584454
2026-04-27,1.863,195000,363285.0,-259991.55,103293.45,195000,1.3972954121008934,1.4503838548679757,-0.036603029321444595
