日期,开盘,收盘,最高,最低,成交量,成交额,振幅,涨跌幅,涨跌额,换手率
2020-02-26,0.97,0.994,0.999,0.97,477947,47247530.0,2.94,0.71,0.007,0.4
2020-02-27,0.991,0.995,1.001,0.991,170934,17041550.0,1.01,0.1,0.001,0.14
2020-02-28,0.993,0.973,0.993,0.967,181642,17797705.0,2.61,-2.21,-0.022,0.15
2020-03-02,0.973,0.998,1.001,0.973,223791,22296159.0,2.88,2.57,0.025,0.19
2020-03-03,1.003,1.002,1.008,0.999,299508,30036075.0,0.9,0.4,0.004,0.25
2020-03-04,0.999,1.005,1.006,0.999,151231,15167806.0,0.7,0.3,0.003,0.13
2020-03-05,1.007,1.019,1.021,1.006,466181,47334039.0,1.49,1.39,0.014,0.39
2020-03-06,1.01,1.011,1.015,1.008,61429,6211252.0,0.69,-0.79,-0.008,0.05
2020-03-09,1.004,0.997,1.01,0.993,62949,6280059.0,1.68,-1.38,-0.014,0.05
2020-03-10,0.994,1.008,1.013,0.99,108142,10869638.0,2.31,1.1,0.011,0.09
2020-03-11,1.002,1.0,1.008,1.0,29017,2914685.0,0.79,-0.79,-0.008,0.02
2020-03-12,1.0,0.986,1.0,0.983,43939,4343160.0,1.7,-1.4,-0.014,0.04
2020-03-13,0.973,0.972,0.976,0.888,45864,4400514.0,8.92,-1.42,-0.014,0.04
2020-03-16,0.972,0.96,0.98,0.958,44212,4277421.0,2.26,-1.23,-0.012,0.04
2020-03-17,0.96,0.955,0.975,0.942,38170,3650515.0,3.44,-0.52,-0.005,0.03
2020-03-18,0.954,0.941,0.961,0.941,17695,1688186.0,2.09,-1.47,-0.014,0.01
2020-03-19,0.935,0.925,0.941,0.914,33383,3081693.0,2.87,-1.7,-0.016,0.03
2020-03-20,0.925,0.937,0.937,0.923,38325,3566097.0,1.51,1.3,0.012,0.03
2020-03-23,0.93,0.911,0.93,0.91,29904,2730372.0,2.13,-2.77,-0.026,0.03
2020-03-24,0.92,0.929,0.93,0.918,83191,7706160.0,1.32,1.98,0.018,0.07
2020-03-25,0.932,0.947,0.947,0.932,40885,3863769.0,1.61,1.94,0.018,0.03
2020-03-26,0.938,0.94,0.944,0.938,24047,2263472.0,0.63,-0.74,-0.007,0.02
2020-03-27,0.944,0.947,0.954,0.944,60237,5711239.0,1.06,0.74,0.007,0.05
2020-03-30,0.938,0.943,0.947,0.937,35864,3379930.0,1.06,-0.42,-0.004,0.03
2020-03-31,0.942,0.937,0.949,0.937,28350,2670812.0,1.27,-0.64,-0.006,0.02
2020-04-01,0.937,0.932,0.942,0.931,15336,1441074.0,1.17,-0.53,-0.005,0.01
2020-04-02,0.931,0.941,0.941,0.928,18458,1724542.0,1.39,0.97,0.009,0.02
2020-04-03,0.941,0.938,0.941,0.935,70835,6644788.0,0.64,-0.32,-0.003,0.06
2020-04-07,0.94,0.947,0.948,0.94,80211,7583020.0,0.85,0.96,0.009,0.07
2020-04-08,0.945,0.945,0.947,0.941,86298,8163163.0,0.63,-0.21,-0.002,0.07
2020-04-09,0.948,0.948,0.949,0.945,6622,626949.0,0.42,0.32,0.003,0.01
2020-04-10,0.948,0.941,0.948,0.938,30914,2909875.0,1.05,-0.74,-0.007,0.03
2020-04-13,0.937,0.937,0.938,0.936,30881,2893218.0,0.21,-0.43,-0.004,0.03
2020-04-14,0.939,0.945,0.946,0.939,34863,3290182.0,0.75,0.85,0.008,0.03
2020-04-15,0.945,0.941,0.946,0.941,65399,6167882.0,0.53,-0.42,-0.004,0.05
2020-04-16,0.939,0.944,0.945,0.937,16023,1508359.0,0.85,0.32,0.003,0.01
2020-04-17,0.948,0.947,0.949,0.945,36754,3478172.0,0.42,0.32,0.003,0.03
2020-04-20,0.947,0.944,0.947,0.942,34400,3247330.0,0.53,-0.32,-0.003,0.03
2020-04-21,0.943,0.936,0.943,0.933,36270,3399035.0,1.06,-0.85,-0.008,0.03
2020-04-22,0.931,0.938,0.938,0.91,73861,6900948.0,2.99,0.21,0.002,0.06
2020-04-23,0.937,0.935,0.94,0.935,26406,2472554.0,0.53,-0.32,-0.003,0.02
2020-04-24,0.935,0.929,0.935,0.928,34906,3248077.0,0.75,-0.64,-0.006,0.03
2020-04-27,0.93,0.934,0.938,0.93,25463,2383863.0,0.86,0.54,0.005,0.02
2020-04-28,0.933,0.929,0.933,0.919,22449,2086192.0,1.5,-0.54,-0.005,0.02
2020-04-29,0.93,0.939,0.94,0.93,80780,7580555.0,1.08,1.08,0.01,0.07
2020-04-30,0.942,0.951,0.952,0.942,100582,9548723.0,1.06,1.28,0.012,0.08
2020-05-06,0.95,0.948,0.95,0.94,40387,3815319.0,1.05,-0.32,-0.003,0.03
2020-05-07,0.948,0.942,0.948,0.941,68398,6436626.0,0.74,-0.63,-0.006,0.06
2020-05-08,0.943,0.949,0.949,0.943,79785,7561732.0,0.64,0.74,0.007,0.07
2020-05-11,0.949,0.95,0.952,0.947,88770,8433365.0,0.53,0.11,0.001,0.07
2020-05-12,0.954,0.945,0.954,0.943,11332,1071065.0,1.16,-0.53,-0.005,0.01
2020-05-13,0.945,0.945,0.945,0.939,64704,6104991.0,0.63,0.0,0.0,0.05
2020-05-14,0.945,0.936,0.945,0.927,81794,7678784.0,1.9,-0.95,-0.009,0.07
2020-05-15,0.938,0.933,0.939,0.933,102815,9618374.0,0.64,-0.32,-0.003,0.09
2020-05-18,0.934,0.936,0.939,0.934,19694,1845827.0,0.54,0.32,0.003,0.02
2020-05-19,0.936,0.939,0.944,0.936,22380,2104893.0,0.85,0.32,0.003,0.02
2020-05-20,0.939,0.935,0.939,0.933,61911,5793472.0,0.64,-0.43,-0.004,0.05
2020-05-21,0.936,0.931,0.937,0.93,11580,1078403.0,0.75,-0.43,-0.004,0.01
2020-05-22,0.928,0.918,0.928,0.917,21467,1980547.0,1.18,-1.4,-0.013,0.02
2020-05-25,0.919,0.917,0.92,0.915,11109,1018909.0,0.54,-0.11,-0.001,0.01
2020-05-26,0.918,0.921,0.921,0.918,31483,2894980.0,0.33,0.44,0.004,0.03
2020-05-27,0.92,0.923,0.924,0.92,32235,2975205.0,0.43,0.22,0.002,0.03
2020-05-28,0.924,0.926,0.93,0.923,125765,11640915.0,0.76,0.33,0.003,0.11
2020-05-29,0.926,0.922,0.926,0.92,122227,11287541.0,0.65,-0.43,-0.004,0.1
2020-06-01,0.927,0.933,0.934,0.926,133672,12415590.0,0.87,1.19,0.011,0.11
2020-06-02,0.933,0.937,0.937,0.933,135861,12692268.0,0.43,0.43,0.004,0.11
2020-06-03,0.94,0.939,0.946,0.937,133873,12592373.0,0.96,0.21,0.002,0.11
2020-06-04,0.939,0.933,0.939,0.932,89417,8353681.0,0.75,-0.64,-0.006,0.08
2020-06-05,0.927,0.934,0.934,0.927,140344,13064191.0,0.75,0.11,0.001,0.12
2020-06-08,0.933,0.937,0.939,0.933,91128,8538835.0,0.64,0.32,0.003,0.08
2020-06-09,0.935,0.94,0.941,0.935,125070,11739508.0,0.64,0.32,0.003,0.1
2020-06-10,0.941,0.936,0.941,0.934,136405,12785916.0,0.74,-0.43,-0.004,0.11
2020-06-11,0.933,0.927,0.934,0.927,145886,13583295.0,0.75,-0.96,-0.009,0.12
2020-06-12,0.92,0.925,0.925,0.918,145978,13451153.0,0.76,-0.22,-0.002,0.12
2020-06-15,0.919,0.917,0.924,0.916,149575,13780174.0,0.86,-0.86,-0.008,0.13
2020-06-16,0.92,0.926,0.926,0.919,128103,11813834.0,0.76,0.98,0.009,0.11
2020-06-17,0.924,0.929,0.93,0.924,122969,11392790.0,0.65,0.32,0.003,0.1
2020-06-18,0.929,0.936,0.937,0.925,110292,10284286.0,1.29,0.75,0.007,0.09
2020-06-19,0.953,0.937,0.953,0.93,101462,9494057.0,2.46,0.11,0.001,0.09
2020-06-22,0.935,0.934,0.938,0.933,120449,11266851.0,0.53,-0.32,-0.003,0.1
2020-06-23,0.932,0.93,0.932,0.929,45483,4232001.0,0.32,-0.43,-0.004,0.04
2020-06-24,0.932,0.936,0.936,0.932,82083,7677308.0,0.43,0.65,0.006,0.07
2020-06-29,0.936,0.928,0.936,0.927,103967,9668971.0,0.96,-0.85,-0.008,0.09
2020-06-30,0.927,0.932,0.935,0.927,130680,12171923.0,0.86,0.43,0.004,0.11
2020-07-01,0.933,0.946,0.947,0.933,75939,7145658.0,1.5,1.5,0.014,0.06
2020-07-02,0.946,0.969,0.97,0.946,115933,11116199.0,2.54,2.43,0.023,0.1
2020-07-03,0.969,0.989,0.99,0.969,124731,12271870.0,2.17,2.06,0.02,0.1
2020-07-06,0.991,1.056,1.056,0.991,420335,43339437.0,6.57,6.77,0.067,0.35
2020-07-07,1.07,1.041,1.081,1.041,210054,22187335.0,3.79,-1.42,-0.015,0.18
2020-07-08,1.041,1.052,1.068,1.036,211464,22171579.0,3.07,1.06,0.011,0.18
2020-07-09,1.052,1.058,1.062,1.043,174024,18385881.0,1.81,0.57,0.006,0.15
2020-07-10,1.058,1.035,1.058,1.034,103662,10819249.0,2.27,-2.17,-0.023,0.09
2020-07-13,1.031,1.051,1.056,1.029,103287,10793857.0,2.61,1.55,0.016,0.09
2020-07-14,1.045,1.044,1.058,1.032,110562,11575774.0,2.47,-0.67,-0.007,0.09
2020-07-15,1.048,1.028,1.048,1.027,74693,7763962.0,2.01,-1.53,-0.016,0.06
2020-07-16,1.028,1.014,1.048,1.013,91024,9435831.0,3.4,-1.36,-0.014,0.08
2020-07-17,1.013,1.011,1.023,1.004,125835,12772905.0,1.87,-0.3,-0.003,0.11
2020-07-20,1.016,1.042,1.042,1.015,110743,11409758.0,2.67,3.07,0.031,0.09
2020-07-21,1.04,1.039,1.049,1.038,108404,11298785.0,1.06,-0.29,-0.003,0.09
2020-07-22,1.049,1.043,1.058,1.04,150129,15756422.0,1.73,0.38,0.004,0.13
2020-07-23,1.04,1.037,1.043,1.024,70919,7345438.0,1.82,-0.58,-0.006,0.06
2020-07-24,1.037,1.012,1.037,1.008,82370,8466018.0,2.8,-2.41,-0.025,0.07
2020-07-27,1.012,1.01,1.015,1.006,119826,12114186.0,0.89,-0.2,-0.002,0.1
2020-07-28,1.008,1.013,1.018,1.008,60189,6113080.0,0.99,0.3,0.003,0.05
2020-07-29,1.005,1.022,1.023,1.004,70774,7138652.0,1.88,0.89,0.009,0.06
2020-07-30,1.023,1.02,1.026,1.019,87359,8940868.0,0.68,-0.2,-0.002,0.07
2020-07-31,1.02,1.021,1.031,1.015,41016,4207580.0,1.57,0.1,0.001,0.03
2020-08-03,1.02,1.031,1.032,1.02,98343,10106075.0,1.18,0.98,0.01,0.08
2020-08-04,1.035,1.043,1.045,1.027,166162,17187549.0,1.75,1.16,0.012,0.14
2020-08-05,1.035,1.032,1.035,1.025,73859,7609406.0,0.96,-1.05,-0.011,0.06
2020-08-06,1.032,1.032,1.036,1.025,124539,12850571.0,1.07,0.0,0.0,0.1
2020-08-07,1.025,1.029,1.035,1.023,69278,7122636.0,1.16,-0.29,-0.003,0.06
2020-08-10,1.029,1.043,1.045,1.025,28460,2957474.0,1.94,1.36,0.014,0.02
2020-08-11,1.04,1.039,1.057,1.038,68203,7184061.0,1.82,-0.38,-0.004,0.06
2020-08-12,1.021,1.047,1.047,1.021,64314,6713726.0,2.5,0.77,0.008,0.05
2020-08-13,1.047,1.05,1.056,1.047,67410,7087787.0,0.86,0.29,0.003,0.06
2020-08-14,1.055,1.06,1.067,1.049,56609,5970671.0,1.71,0.95,0.01,0.05
2020-08-17,1.059,1.083,1.089,1.041,79443,8548204.0,4.53,2.17,0.023,0.07
2020-08-18,1.082,1.08,1.085,1.075,81918,8860787.0,0.92,-0.28,-0.003,0.07
2020-08-19,1.074,1.083,1.091,1.074,82555,8939382.0,1.57,0.28,0.003,0.07
2020-08-20,1.083,1.071,1.083,1.07,33392,3586696.0,1.2,-1.11,-0.012,0.03
2020-08-21,1.072,1.074,1.081,1.072,18495,1986310.0,0.84,0.28,0.003,0.02
2020-08-24,1.077,1.073,1.079,1.072,55041,5915334.0,0.65,-0.09,-0.001,0.05
2020-08-25,1.074,1.068,1.077,1.065,15196,1623435.0,1.12,-0.47,-0.005,0.01
2020-08-26,1.069,1.061,1.071,1.057,109645,11664492.0,1.31,-0.66,-0.007,0.09
2020-08-27,1.061,1.062,1.064,1.06,74090,7865661.0,0.38,0.09,0.001,0.06
2020-08-28,1.06,1.077,1.077,1.06,12970,1385996.0,1.6,1.41,0.015,0.01
2020-08-31,1.077,1.074,1.087,1.074,70138,7595546.0,1.21,-0.28,-0.003,0.06
2020-09-01,1.075,1.08,1.08,1.072,77859,8369333.0,0.74,0.56,0.006,0.07
2020-09-02,1.081,1.072,1.081,1.067,85090,9132257.0,1.3,-0.74,-0.008,0.07
2020-09-03,1.07,1.072,1.081,1.058,90520,9710588.0,2.15,0.0,0.0,0.08
2020-09-04,1.069,1.067,1.069,1.059,123999,13187721.0,0.93,-0.47,-0.005,0.1
2020-09-07,1.065,1.06,1.071,1.06,40826,4350563.0,1.03,-0.66,-0.007,0.03
2020-09-08,1.06,1.074,1.076,1.06,35303,3766797.0,1.51,1.32,0.014,0.03
2020-09-09,1.074,1.065,1.076,1.065,56556,6060159.0,1.02,-0.84,-0.009,0.05
2020-09-10,1.065,1.06,1.07,1.06,33831,3611187.0,0.94,-0.47,-0.005,0.03
2020-09-11,1.055,1.061,1.061,1.055,56196,5943083.0,0.57,0.09,0.001,0.05
2020-09-14,1.061,1.063,1.063,1.058,51962,5503969.0,0.47,0.19,0.002,0.04
2020-09-15,1.062,1.065,1.065,1.059,44502,4722463.0,0.56,0.19,0.002,0.04
2020-09-16,1.065,1.068,1.073,1.063,46795,5001683.0,0.94,0.28,0.003,0.04
2020-09-17,1.068,1.065,1.069,1.064,42926,4587486.0,0.47,-0.28,-0.003,0.04
2020-09-18,1.07,1.081,1.082,1.07,19805,2128914.0,1.13,1.5,0.016,0.02
2020-09-21,1.079,1.075,1.081,1.074,13172,1416620.0,0.65,-0.56,-0.006,0.01
2020-09-22,1.073,1.061,1.073,1.061,25296,2697081.0,1.12,-1.3,-0.014,0.02
2020-09-23,1.062,1.058,1.062,1.058,4265,451723.0,0.38,-0.28,-0.003,0.0
2020-09-24,1.055,1.041,1.055,1.041,5412,565641.0,1.32,-1.61,-0.017,0.0
2020-09-25,1.045,1.038,1.045,1.037,1970,204867.0,0.77,-0.29,-0.003,0.0
2020-09-28,1.044,1.041,1.044,1.039,15404,1604901.0,0.48,0.29,0.003,0.01
2020-09-29,1.044,1.042,1.045,1.041,6183,645646.0,0.38,0.1,0.001,0.01
2020-09-30,1.043,1.036,1.044,1.032,7272,755130.0,1.15,-0.58,-0.006,0.01
2020-10-09,1.036,1.046,1.058,1.036,2056,215282.0,2.12,0.97,0.01,0.0
2020-10-12,1.047,1.06,1.061,1.047,14907,1577619.0,1.34,1.34,0.014,0.01
2020-10-13,1.06,1.061,1.062,1.056,17077,1808790.0,0.57,0.09,0.001,0.01
2020-10-14,1.056,1.058,1.06,1.056,42793,4528081.0,0.38,-0.28,-0.003,0.04
2020-10-15,1.058,1.062,1.066,1.057,49107,5225911.0,0.85,0.38,0.004,0.04
2020-10-16,1.063,1.069,1.073,1.061,44598,4770222.0,1.13,0.66,0.007,0.04
2020-10-19,1.07,1.066,1.084,1.066,32623,3497546.0,1.68,-0.28,-0.003,0.03
2020-10-20,1.065,1.063,1.065,1.058,20944,2220917.0,0.66,-0.28,-0.003,0.02
2020-10-21,1.064,1.068,1.068,1.059,28457,3025353.0,0.85,0.47,0.005,0.02
2020-10-22,1.065,1.066,1.066,1.062,13867,1475845.0,0.37,-0.19,-0.002,0.01
2020-10-23,1.07,1.068,1.075,1.067,34812,3725942.0,0.75,0.19,0.002,0.03
2020-10-26,1.067,1.06,1.067,1.059,19928,2112565.0,0.75,-0.75,-0.008,0.02
2020-10-27,1.062,1.058,1.062,1.056,18689,1977519.0,0.57,-0.19,-0.002,0.02
2020-10-28,1.063,1.054,1.063,1.05,30615,3223877.0,1.23,-0.38,-0.004,0.03
2020-10-29,1.054,1.055,1.057,1.045,41850,4389440.0,1.14,0.09,0.001,0.04
2020-10-30,1.055,1.049,1.064,1.049,30746,3248521.0,1.42,-0.57,-0.006,0.03
2020-11-02,1.05,1.055,1.055,1.05,65695,6913022.0,0.48,0.57,0.006,0.06
2020-11-03,1.058,1.063,1.065,1.058,51650,5481373.0,0.66,0.76,0.008,0.04
2020-11-04,1.063,1.07,1.07,1.061,51107,5443058.0,0.85,0.66,0.007,0.04
2020-11-05,1.07,1.078,1.08,1.07,42370,4561425.0,0.93,0.75,0.008,0.04
2020-11-06,1.079,1.086,1.086,1.077,83539,9041989.0,0.83,0.74,0.008,0.07
2020-11-09,1.083,1.095,1.099,1.083,54660,5988901.0,1.47,0.83,0.009,0.05
2020-11-10,1.095,1.095,1.105,1.093,31175,3425421.0,1.1,0.0,0.0,0.03
2020-11-11,1.096,1.103,1.109,1.094,49957,5489847.0,1.37,0.73,0.008,0.04
2020-11-12,1.102,1.095,1.102,1.094,47694,5235027.0,0.73,-0.73,-0.008,0.04
2020-11-13,1.095,1.085,1.095,1.08,50602,5473987.0,1.37,-0.91,-0.01,0.04
2020-11-16,1.086,1.095,1.095,1.086,58476,6385704.0,0.83,0.92,0.01,0.05
2020-11-17,1.095,1.096,1.1,1.095,87585,9600119.0,0.46,0.09,0.001,0.07
2020-11-18,1.096,1.101,1.109,1.094,62321,6850112.0,1.37,0.46,0.005,0.05
2020-11-19,1.101,1.104,1.107,1.1,55428,6107909.0,0.64,0.27,0.003,0.05
2020-11-20,1.102,1.106,1.107,1.1,42875,4728524.0,0.63,0.18,0.002,0.04
2020-11-23,1.11,1.121,1.127,1.11,52909,5924692.0,1.54,1.36,0.015,0.04
2020-11-24,1.12,1.121,1.122,1.118,36818,4121274.0,0.36,0.0,0.0,0.03
2020-11-25,1.129,1.116,1.131,1.113,54160,6078014.0,1.61,-0.45,-0.005,0.05
2020-11-26,1.118,1.124,1.125,1.115,47655,5345466.0,0.9,0.72,0.008,0.04
2020-11-27,1.126,1.137,1.138,1.125,57367,6485619.0,1.16,1.16,0.013,0.05
2020-11-30,1.154,1.137,1.165,1.136,61067,7021216.0,2.55,0.0,0.0,0.05
2020-12-01,1.14,1.145,1.147,1.132,55433,6311266.0,1.32,0.7,0.008,0.05
2020-12-02,1.148,1.144,1.152,1.138,63167,7244460.0,1.22,-0.09,-0.001,0.05
2020-12-03,1.142,1.133,1.143,1.133,63720,7244757.0,0.87,-0.96,-0.011,0.05
2020-12-04,1.136,1.127,1.136,1.12,52620,5909075.0,1.41,-0.53,-0.006,0.04
2020-12-07,1.135,1.11,1.135,1.109,65024,7238356.0,2.31,-1.51,-0.017,0.05
2020-12-08,1.11,1.103,1.115,1.103,50878,5637687.0,1.08,-0.63,-0.007,0.04
2020-12-09,1.11,1.1,1.112,1.1,56578,6275318.0,1.09,-0.27,-0.003,0.05
2020-12-10,1.104,1.097,1.106,1.097,69091,7601012.0,0.82,-0.27,-0.003,0.06
2020-12-11,1.1,1.091,1.102,1.087,48693,5323954.0,1.37,-0.55,-0.006,0.04
2020-12-14,1.09,1.085,1.091,1.081,55217,5993417.0,0.92,-0.55,-0.006,0.05
2020-12-15,1.085,1.079,1.092,0.984,45567,4906301.0,9.95,-0.55,-0.006,0.04
2020-12-16,1.078,1.083,1.086,1.077,32295,3495040.0,0.83,0.37,0.004,0.03
2020-12-17,1.083,1.091,1.101,1.072,56119,6089123.0,2.68,0.74,0.008,0.05
2020-12-18,1.107,1.095,1.107,1.088,40939,4497444.0,1.74,0.37,0.004,0.03
2020-12-21,1.095,1.1,1.1,1.092,47121,5164786.0,0.73,0.46,0.005,0.04
2020-12-22,1.089,1.072,1.095,1.071,69889,7559325.0,2.18,-2.55,-0.028,0.06
2020-12-23,1.075,1.078,1.08,1.071,62201,6704971.0,0.84,0.56,0.006,0.05
2020-12-24,1.079,1.08,1.084,1.074,45182,4878031.0,0.93,0.19,0.002,0.04
2020-12-25,1.081,1.088,1.091,1.076,62468,6779094.0,1.39,0.74,0.008,0.05
2020-12-28,1.088,1.091,1.094,1.087,57165,6232255.0,0.64,0.28,0.003,0.05
2020-12-29,1.092,1.084,1.093,1.081,27676,3004940.0,1.1,-0.64,-0.007,0.02
2020-12-30,1.084,1.083,1.089,1.081,51763,5616949.0,0.74,-0.09,-0.001,0.04
2020-12-31,1.084,1.09,1.091,1.081,44413,4830375.0,0.92,0.65,0.007,0.04
2021-01-04,1.086,1.088,1.09,1.081,52354,5687871.0,0.83,-0.18,-0.002,0.04
2021-01-05,1.082,1.079,1.082,1.071,40468,4359667.0,1.01,-0.83,-0.009,0.03
2021-01-06,1.081,1.092,1.093,1.081,37452,4071201.0,1.11,1.2,0.013,0.03
2021-01-07,1.093,1.098,1.099,1.089,45103,4946273.0,0.92,0.55,0.006,0.04
2021-01-08,1.098,1.106,1.108,1.098,43633,4816581.0,0.91,0.73,0.008,0.04
2021-01-11,1.108,1.098,1.114,1.097,42060,4662527.0,1.54,-0.72,-0.008,0.04
2021-01-12,1.098,1.108,1.108,1.095,55829,6133085.0,1.18,0.91,0.01,0.05
2021-01-13,1.108,1.118,1.123,1.102,66929,7439153.0,1.9,0.9,0.01,0.06
2021-01-14,1.118,1.117,1.127,1.11,60506,6768976.0,1.52,-0.09,-0.001,0.05
2021-01-15,1.115,1.122,1.133,1.111,58310,6567937.0,1.97,0.45,0.005,0.05
2021-01-18,1.125,1.126,1.13,1.12,57413,6458133.0,0.89,0.36,0.004,0.05
2021-01-19,1.125,1.13,1.136,1.122,62616,7068533.0,1.24,0.36,0.004,0.05
2021-01-20,1.13,1.126,1.137,1.125,57932,6548763.0,1.06,-0.35,-0.004,0.05
2021-01-21,1.133,1.134,1.139,1.129,41525,4716461.0,0.89,0.71,0.008,0.03
2021-01-22,1.13,1.121,1.13,1.117,42951,4816969.0,1.15,-1.15,-0.013,0.04
2021-01-25,1.11,1.116,1.116,1.105,60330,6704865.0,0.98,-0.45,-0.005,0.05
2021-01-26,1.103,1.11,1.119,1.103,39129,4355625.0,1.43,-0.54,-0.006,0.03
2021-01-27,1.11,1.115,1.123,1.11,54976,6152006.0,1.17,0.45,0.005,0.05
2021-01-28,1.108,1.109,1.11,1.103,55826,6175268.0,0.63,-0.54,-0.006,0.05
2021-01-29,1.105,1.096,1.108,1.091,60396,6675165.0,1.53,-1.17,-0.013,0.05
2021-02-01,1.098,1.099,1.099,1.092,44011,4828936.0,0.64,0.27,0.003,0.04
2021-02-02,1.105,1.096,1.105,1.094,45377,4988653.0,1.0,-0.27,-0.003,0.04
2021-02-03,1.096,1.088,1.096,1.087,79577,8670837.0,0.82,-0.73,-0.008,0.07
2021-02-04,1.09,1.085,1.09,1.078,33588,3639260.0,1.1,-0.28,-0.003,0.03
2021-02-05,1.094,1.101,1.102,1.091,56919,6237010.0,1.01,1.47,0.016,0.05
2021-02-08,1.098,1.101,1.104,1.095,52956,5829159.0,0.82,0.0,0.0,0.04
2021-02-09,1.1,1.105,1.105,1.096,33418,3674910.0,0.82,0.36,0.004,0.03
2021-02-10,1.106,1.108,1.113,1.105,28349,3145660.0,0.72,0.27,0.003,0.02
2021-02-18,1.11,1.13,1.136,1.11,39589,4476298.0,2.35,1.99,0.022,0.03
2021-02-19,1.13,1.148,1.152,1.13,62991,7206737.0,1.95,1.59,0.018,0.05
2021-02-22,1.148,1.168,1.177,1.148,62268,7266871.0,2.53,1.74,0.02,0.05
2021-02-23,1.18,1.156,1.18,1.151,52057,6052895.0,2.48,-1.03,-0.012,0.04
2021-02-24,1.156,1.144,1.163,1.141,50664,5854076.0,1.9,-1.04,-0.012,0.04
2021-02-25,1.131,1.169,1.175,1.131,22243,2594749.0,3.85,2.19,0.025,0.02
2021-02-26,1.2,1.148,1.2,1.145,31223,3602478.0,4.7,-1.8,-0.021,0.03
2021-03-01,1.133,1.152,1.152,1.131,24937,2866063.0,1.83,0.35,0.004,0.02
2021-03-02,1.152,1.146,1.16,1.139,17792,2047610.0,1.82,-0.52,-0.006,0.01
2021-03-03,1.149,1.168,1.169,1.148,66717,7734642.0,1.83,1.92,0.022,0.06
2021-03-04,1.165,1.172,1.173,1.157,45931,5365068.0,1.37,0.34,0.004,0.04
2021-03-05,1.17,1.164,1.17,1.155,30127,3498011.0,1.28,-0.68,-0.008,0.03
2021-03-08,1.163,1.164,1.179,1.163,52897,6202344.0,1.37,0.0,0.0,0.04
2021-03-09,1.164,1.162,1.176,1.151,49969,5826761.0,2.15,-0.17,-0.002,0.04
2021-03-10,1.156,1.154,1.164,1.152,31190,3616266.0,1.03,-0.69,-0.008,0.03
2021-03-11,1.162,1.176,1.176,1.162,49956,5846566.0,1.21,1.91,0.022,0.04
2021-03-12,1.176,1.208,1.211,1.175,92020,10992643.0,3.06,2.72,0.032,0.08
2021-03-15,1.199,1.216,1.218,1.199,165032,20024219.0,1.57,0.66,0.008,0.14
2021-03-16,1.218,1.22,1.222,1.204,73358,8905578.0,1.48,0.33,0.004,0.06
2021-03-17,1.22,1.206,1.22,1.194,64437,7747307.0,2.13,-1.15,-0.014,0.05
2021-03-18,1.209,1.212,1.214,1.199,64508,7764301.0,1.24,0.5,0.006,0.05
2021-03-19,1.214,1.2,1.214,1.179,60306,7216122.0,2.89,-0.99,-0.012,0.05
2021-03-22,1.198,1.216,1.216,1.198,46374,5611152.0,1.5,1.33,0.016,0.04
2021-03-23,1.216,1.204,1.216,1.192,51317,6181777.0,1.97,-0.99,-0.012,0.04
2021-03-24,1.199,1.188,1.199,1.183,37306,4436507.0,1.33,-1.33,-0.016,0.03
2021-03-25,1.182,1.189,1.189,1.177,75761,8943396.0,1.01,0.08,0.001,0.06
2021-03-26,1.176,1.189,1.194,1.176,34140,4063001.0,1.51,0.0,0.0,0.03
2021-03-29,1.191,1.21,1.21,1.191,51337,6186914.0,1.6,1.77,0.021,0.04
2021-03-30,1.211,1.211,1.216,1.196,66988,8056895.0,1.65,0.08,0.001,0.06
2021-03-31,1.211,1.212,1.215,1.195,46456,5618012.0,1.65,0.08,0.001,0.04
2021-04-01,1.212,1.212,1.213,1.207,29382,3554109.0,0.5,0.0,0.0,0.02
2021-04-02,1.207,1.199,1.207,1.197,27528,3304493.0,0.83,-1.07,-0.013,0.02
2021-04-06,1.191,1.199,1.203,1.191,49837,5957948.0,1.0,0.0,0.0,0.04
2021-04-07,1.172,1.202,1.208,1.165,24114,2902305.0,3.59,0.25,0.003,0.02
2021-04-08,1.202,1.201,1.212,1.196,43844,5264333.0,1.33,-0.08,-0.001,0.04
2021-04-09,1.201,1.204,1.204,1.195,29998,3597164.0,0.75,0.25,0.003,0.03
2021-04-12,1.204,1.207,1.208,1.197,56942,6860940.0,0.91,0.25,0.003,0.05
2021-04-13,1.21,1.189,1.21,1.188,28393,3387924.0,1.82,-1.49,-0.018,0.02
2021-04-14,1.188,1.188,1.19,1.18,44544,5288344.0,0.84,-0.08,-0.001,0.04
2021-04-15,1.188,1.182,1.188,1.18,36763,4345948.0,0.67,-0.51,-0.006,0.03
2021-04-16,1.182,1.194,1.196,1.182,53128,6332904.0,1.18,1.02,0.012,0.04
2021-04-19,1.195,1.197,1.2,1.195,59279,7094710.0,0.42,0.25,0.003,0.05
2021-04-20,1.196,1.194,1.197,1.193,58188,6949071.0,0.33,-0.25,-0.003,0.05
2021-04-21,1.192,1.191,1.192,1.186,72391,8601816.0,0.5,-0.25,-0.003,0.06
2021-04-22,1.188,1.188,1.196,1.186,67957,8099173.0,0.84,-0.25,-0.003,0.06
2021-04-23,1.185,1.181,1.185,1.178,154495,18245213.0,0.59,-0.59,-0.007,0.13
2021-04-26,1.181,1.173,1.186,1.173,118292,13962509.0,1.1,-0.68,-0.008,0.1
2021-04-27,1.173,1.169,1.173,1.164,108237,12640617.0,0.77,-0.34,-0.004,0.09
2021-04-28,1.169,1.174,1.174,1.169,112169,13136285.0,0.43,0.43,0.005,0.09
2021-04-29,1.174,1.184,1.187,1.174,161602,19116044.0,1.11,0.85,0.01,0.14
2021-04-30,1.187,1.175,1.187,1.169,124304,14604674.0,1.52,-0.76,-0.009,0.1
2021-05-06,1.17,1.182,1.187,1.17,135727,16082067.0,1.45,0.6,0.007,0.11
2021-05-07,1.194,1.196,1.2,1.188,135483,16169356.0,1.02,1.18,0.014,0.11
2021-05-10,1.193,1.203,1.205,1.193,119507,14316808.0,1.0,0.59,0.007,0.1
2021-05-11,1.2,1.206,1.206,1.192,128783,15469014.0,1.16,0.25,0.003,0.11
2021-05-12,1.206,1.207,1.207,1.201,114354,13769202.0,0.5,0.08,0.001,0.1
2021-05-13,1.207,1.196,1.207,1.192,146733,17541886.0,1.24,-0.91,-0.011,0.12
2021-05-14,1.197,1.197,1.197,1.19,138380,16521521.0,0.59,0.08,0.001,0.12
2021-05-17,1.197,1.2,1.205,1.195,124108,14899568.0,0.84,0.25,0.003,0.1
2021-05-18,1.2,1.207,1.208,1.2,82240,9905081.0,0.67,0.58,0.007,0.07
2021-05-19,1.198,1.194,1.201,1.192,106493,12724350.0,0.75,-1.08,-0.013,0.09
2021-05-20,1.194,1.187,1.194,1.179,153691,18177328.0,1.26,-0.59,-0.007,0.13
2021-05-21,1.189,1.188,1.193,1.186,140337,16679028.0,0.59,0.08,0.001,0.12
2021-05-24,1.194,1.189,1.197,1.186,143179,17075167.0,0.93,0.08,0.001,0.12
2021-05-25,1.185,1.201,1.203,1.182,141580,16888756.0,1.77,1.01,0.012,0.12
2021-05-26,1.201,1.207,1.209,1.2,133618,16093232.0,0.75,0.5,0.006,0.11
2021-05-27,1.202,1.205,1.208,1.202,152510,18385623.0,0.5,-0.17,-0.002,0.13
2021-05-28,1.205,1.202,1.21,1.198,165093,19885808.0,1.0,-0.25,-0.003,0.14
2021-05-31,1.202,1.199,1.202,1.193,154128,18426046.0,0.75,-0.25,-0.003,0.13
2021-06-01,1.196,1.198,1.2,1.19,148999,17786498.0,0.83,-0.08,-0.001,0.13
2021-06-02,1.198,1.204,1.204,1.197,174265,20911610.0,0.58,0.5,0.006,0.15
2021-06-03,1.2,1.212,1.217,1.2,157971,19140443.0,1.41,0.66,0.008,0.13
2021-06-04,1.208,1.21,1.213,1.204,160226,19336779.0,0.74,-0.17,-0.002,0.13
2021-06-07,1.213,1.203,1.213,1.199,167937,20188281.0,1.16,-0.58,-0.007,0.14
2021-06-08,1.201,1.206,1.208,1.201,160917,19379447.0,0.58,0.25,0.003,0.14
2021-06-09,1.208,1.213,1.216,1.205,175448,21218420.0,0.91,0.58,0.007,0.15
2021-06-10,1.213,1.211,1.218,1.211,179237,21779279.0,0.58,-0.16,-0.002,0.15
2021-06-11,1.215,1.212,1.217,1.211,169942,20653274.0,0.5,0.08,0.001,0.14
2021-06-15,1.216,1.202,1.216,1.199,149488,18009324.0,1.4,-0.83,-0.01,0.13
2021-06-16,1.201,1.204,1.209,1.197,172976,20834412.0,1.0,0.17,0.002,0.15
2021-06-17,1.194,1.198,1.207,1.194,147896,17771574.0,1.08,-0.5,-0.006,0.12
2021-06-18,1.197,1.188,1.197,1.186,171790,20469787.0,0.92,-0.83,-0.01,0.14
2021-06-21,1.19,1.187,1.19,1.182,174322,20640793.0,0.67,-0.08,-0.001,0.15
2021-06-22,1.19,1.192,1.196,1.188,162249,19343434.0,0.67,0.42,0.005,0.14
2021-06-23,1.192,1.201,1.202,1.192,173702,20783435.0,0.84,0.76,0.009,0.15
2021-06-24,1.202,1.207,1.21,1.201,161449,19478949.0,0.75,0.5,0.006,0.14
2021-06-25,1.211,1.216,1.217,1.208,186951,22668863.0,0.75,0.75,0.009,0.16
2021-06-28,1.218,1.213,1.219,1.212,154531,18765636.0,0.58,-0.25,-0.003,0.13
2021-06-29,1.21,1.202,1.21,1.202,156499,18854790.0,0.66,-0.91,-0.011,0.13
2021-06-30,1.203,1.205,1.207,1.202,147784,17802066.0,0.42,0.25,0.003,0.12
2021-07-01,1.21,1.207,1.215,1.205,188689,22821174.0,0.83,0.17,0.002,0.16
2021-07-02,1.212,1.199,1.213,1.198,120150,14488566.0,1.24,-0.66,-0.008,0.1
2021-07-05,1.196,1.202,1.205,1.196,137499,16506749.0,0.75,0.25,0.003,0.12
2021-07-06,1.203,1.213,1.214,1.203,212048,25652743.0,0.92,0.92,0.011,0.18
2021-07-07,1.21,1.207,1.212,1.202,183796,22192325.0,0.82,-0.49,-0.006,0.15
2021-07-08,1.21,1.193,1.21,1.191,194629,23293391.0,1.57,-1.16,-0.014,0.16
2021-07-09,1.195,1.193,1.197,1.191,166076,19823033.0,0.5,0.0,0.0,0.14
2021-07-12,1.2,1.189,1.202,1.186,161548,19266662.0,1.34,-0.34,-0.004,0.14
2021-07-13,1.189,1.201,1.202,1.188,134845,16132604.0,1.18,1.01,0.012,0.11
2021-07-14,1.2,1.193,1.2,1.19,174954,20932982.0,0.83,-0.67,-0.008,0.15
2021-07-15,1.193,1.201,1.203,1.189,164282,19649079.0,1.17,0.67,0.008,0.14
2021-07-16,1.202,1.201,1.207,1.2,170080,20477347.0,0.58,0.0,0.0,0.14
2021-07-19,1.2,1.192,1.2,1.187,166393,19813060.0,1.08,-0.75,-0.009,0.14
2021-07-20,1.192,1.191,1.192,1.18,190123,22488364.0,1.01,-0.08,-0.001,0.16
2021-07-21,1.183,1.178,1.19,1.177,168247,19866619.0,1.09,-1.09,-0.013,0.14
2021-07-22,1.18,1.188,1.19,1.18,157845,18744181.0,0.85,0.85,0.01,0.13
2021-07-23,1.188,1.182,1.193,1.182,133492,15854595.0,0.93,-0.51,-0.006,0.11
2021-07-26,1.181,1.164,1.181,1.16,177876,20824786.0,1.78,-1.52,-0.018,0.15
2021-07-27,1.164,1.138,1.166,1.137,216466,25036347.0,2.49,-2.23,-0.026,0.18
2021-07-28,1.134,1.139,1.145,1.133,144069,16411440.0,1.05,0.09,0.001,0.12
2021-07-29,1.143,1.134,1.145,1.131,152752,17390643.0,1.23,-0.44,-0.005,0.13
2021-07-30,1.135,1.136,1.142,1.128,192220,21806845.0,1.23,0.18,0.002,0.16
2021-08-02,1.13,1.15,1.154,1.127,184777,20989015.0,2.38,1.23,0.014,0.16
2021-08-03,1.144,1.149,1.15,1.144,188804,21660832.0,0.52,-0.09,-0.001,0.16
2021-08-04,1.148,1.145,1.149,1.143,199320,22846625.0,0.52,-0.35,-0.004,0.17
2021-08-05,1.147,1.152,1.159,1.147,180842,20873370.0,1.05,0.61,0.007,0.15
2021-08-06,1.161,1.153,1.161,1.143,159334,18280107.0,1.56,0.09,0.001,0.13
2021-08-09,1.149,1.169,1.175,1.149,148192,17268215.0,2.25,1.39,0.016,0.12
2021-08-10,1.169,1.174,1.176,1.162,166116,19371982.0,1.2,0.43,0.005,0.14
2021-08-11,1.179,1.185,1.192,1.177,129093,15334440.0,1.28,0.94,0.011,0.11
2021-08-12,1.187,1.182,1.187,1.181,158525,18755403.0,0.51,-0.25,-0.003,0.13
2021-08-13,1.181,1.177,1.181,1.175,152522,17970098.0,0.51,-0.42,-0.005,0.13
2021-08-16,1.176,1.187,1.19,1.176,178229,21146111.0,1.19,0.85,0.01,0.15
2021-08-17,1.187,1.184,1.199,1.182,179743,21401631.0,1.43,-0.25,-0.003,0.15
2021-08-18,1.182,1.198,1.198,1.18,150829,17915092.0,1.52,1.18,0.014,0.13
2021-08-19,1.194,1.186,1.194,1.185,199567,23718987.0,0.75,-1.0,-0.012,0.17
2021-08-20,1.187,1.184,1.189,1.178,167044,19760553.0,0.93,-0.17,-0.002,0.14
2021-08-23,1.186,1.191,1.193,1.185,167001,19872435.0,0.68,0.59,0.007,0.14
2021-08-24,1.192,1.194,1.202,1.191,177124,21153029.0,0.92,0.25,0.003,0.15
2021-08-25,1.192,1.195,1.197,1.191,185572,22162605.0,0.5,0.08,0.001,0.16
2021-08-26,1.195,1.192,1.197,1.191,150798,18013950.0,0.5,-0.25,-0.003,0.13
2021-08-27,1.191,1.192,1.195,1.188,164563,19611902.0,0.59,0.0,0.0,0.14
2021-08-30,1.192,1.182,1.192,1.179,141735,16768805.0,1.09,-0.84,-0.01,0.12
2021-08-31,1.18,1.202,1.202,1.18,157988,18835664.0,1.86,1.69,0.02,0.13
2021-09-01,1.204,1.232,1.238,1.204,199099,24399512.0,2.83,2.5,0.03,0.17
2021-09-02,1.232,1.251,1.251,1.228,205723,25496079.0,1.87,1.54,0.019,0.17
2021-09-03,1.253,1.26,1.268,1.248,190019,23950966.0,1.6,0.72,0.009,0.16
2021-09-06,1.261,1.273,1.276,1.261,165444,21042037.0,1.19,1.03,0.013,0.14
2021-09-07,1.274,1.283,1.285,1.264,223688,28513169.0,1.65,0.79,0.01,0.19
2021-09-08,1.281,1.305,1.308,1.281,196895,25516225.0,2.1,1.71,0.022,0.17
2021-09-09,1.318,1.322,1.325,1.291,234689,30579443.0,2.61,1.3,0.017,0.2
2021-09-10,1.322,1.312,1.333,1.309,191734,25318239.0,1.82,-0.76,-0.01,0.16
2021-09-13,1.309,1.333,1.333,1.309,236870,31275263.0,1.83,1.6,0.021,0.2
2021-09-14,1.333,1.3,1.333,1.295,268956,35366395.0,2.85,-2.48,-0.033,0.23
2021-09-15,1.296,1.289,1.301,1.284,186255,24120313.0,1.31,-0.85,-0.011,0.16
2021-09-16,1.29,1.276,1.299,1.276,186093,24018847.0,1.78,-1.01,-0.013,0.16
2021-09-17,1.276,1.283,1.294,1.271,178115,22904293.0,1.8,0.55,0.007,0.15
2021-09-22,1.282,1.33,1.33,1.272,212478,27705532.0,4.52,3.66,0.047,0.18
2021-09-23,1.346,1.338,1.361,1.331,196867,26543643.0,2.26,0.6,0.008,0.17
2021-09-24,1.338,1.308,1.338,1.308,177737,23554121.0,2.24,-2.24,-0.03,0.15
2021-09-27,1.308,1.291,1.325,1.28,236331,30731180.0,3.44,-1.3,-0.017,0.2
2021-09-28,1.291,1.322,1.324,1.291,196892,25772486.0,2.56,2.4,0.031,0.17
2021-09-29,1.33,1.301,1.33,1.295,217836,28500135.0,2.65,-1.59,-0.021,0.18
2021-09-30,1.307,1.309,1.313,1.29,372978,48461243.0,1.77,0.61,0.008,0.31
2021-10-08,1.301,1.302,1.323,1.292,183086,23776462.0,2.37,-0.53,-0.007,0.15
2021-10-11,1.315,1.302,1.315,1.299,197487,25847105.0,1.23,0.0,0.0,0.17
2021-10-12,1.302,1.283,1.304,1.275,218523,28199667.0,2.23,-1.46,-0.019,0.18
2021-10-13,1.281,1.265,1.281,1.253,202346,25545572.0,2.18,-1.4,-0.018,0.17
2021-10-14,1.264,1.258,1.265,1.253,239535,30186625.0,0.95,-0.55,-0.007,0.2
2021-10-15,1.253,1.264,1.264,1.251,264858,33253420.0,1.03,0.48,0.006,0.22
2021-10-18,1.266,1.266,1.269,1.253,237192,29885515.0,1.27,0.16,0.002,0.2
2021-10-19,1.266,1.266,1.271,1.256,212564,26875348.0,1.18,0.0,0.0,0.18
2021-10-20,1.264,1.268,1.272,1.262,202915,25711530.0,0.79,0.16,0.002,0.17
2021-10-21,1.273,1.281,1.284,1.268,201921,25780151.0,1.26,1.03,0.013,0.17
2021-10-22,1.292,1.266,1.292,1.265,210913,26942966.0,2.11,-1.17,-0.015,0.18
2021-10-25,1.253,1.271,1.275,1.25,245775,31152638.0,1.97,0.39,0.005,0.21
2021-10-26,1.277,1.26,1.277,1.259,212632,26966421.0,1.42,-0.87,-0.011,0.18
2021-10-27,1.256,1.253,1.259,1.249,206083,25870473.0,0.79,-0.56,-0.007,0.17
2021-10-28,1.252,1.239,1.252,1.236,246251,30599089.0,1.28,-1.12,-0.014,0.21
2021-10-29,1.238,1.229,1.239,1.218,230279,28227158.0,1.69,-0.81,-0.01,0.19
2021-11-01,1.229,1.234,1.235,1.223,372658,45854562.0,0.98,0.41,0.005,0.31
2021-11-02,1.229,1.208,1.234,1.201,223598,27311116.0,2.67,-2.11,-0.026,0.19
2021-11-03,1.207,1.215,1.221,1.207,218295,26516939.0,1.16,0.58,0.007,0.18
2021-11-04,1.216,1.216,1.217,1.207,200126,24246136.0,0.82,0.08,0.001,0.17
2021-11-05,1.211,1.194,1.211,1.192,232371,27885052.0,1.56,-1.81,-0.022,0.2
2021-11-08,1.194,1.19,1.197,1.189,200461,23928572.0,0.67,-0.34,-0.004,0.17
2021-11-09,1.185,1.189,1.196,1.185,227362,27089091.0,0.92,-0.08,-0.001,0.19
2021-11-10,1.191,1.188,1.191,1.173,232014,27317215.0,1.51,-0.08,-0.001,0.19
2021-11-11,1.185,1.213,1.215,1.185,226290,27291187.0,2.53,2.1,0.025,0.19
2021-11-12,1.212,1.208,1.215,1.202,162750,19666612.0,1.07,-0.41,-0.005,0.14
2021-11-15,1.23,1.217,1.23,1.203,204886,23489581.0,2.24,0.75,0.009,0.17
2021-11-16,1.213,1.207,1.215,1.203,211105,24272663.0,0.99,-0.82,-0.01,0.18
2021-11-17,1.207,1.205,1.207,1.2,142886,16333112.0,0.58,-0.17,-0.002,0.12
2021-11-18,1.205,1.2,1.206,1.2,210246,24018618.0,0.5,-0.41,-0.005,0.18
2021-11-19,1.205,1.214,1.217,1.197,218147,24972113.0,1.67,1.17,0.014,0.18
2021-11-22,1.214,1.207,1.214,1.206,182083,20905374.0,0.66,-0.58,-0.007,0.15
2021-11-23,1.207,1.215,1.218,1.206,221553,25545969.0,0.99,0.66,0.008,0.19
2021-11-24,1.217,1.22,1.222,1.214,218782,25303518.0,0.66,0.41,0.005,0.18
2021-11-25,1.223,1.219,1.225,1.219,221980,25790708.0,0.49,-0.08,-0.001,0.19
2021-11-26,1.218,1.21,1.218,1.208,185172,21300254.0,0.82,-0.74,-0.009,0.16
2021-11-29,1.201,1.211,1.212,1.199,198515,22732465.0,1.07,0.08,0.001,0.17
2021-11-30,1.21,1.211,1.218,1.203,200226,23081787.0,1.24,0.0,0.0,0.17
2021-12-01,1.205,1.221,1.222,1.205,207135,23865021.0,1.4,0.83,0.01,0.17
2021-12-02,1.218,1.23,1.23,1.218,211380,24647047.0,0.98,0.74,0.009,0.18
2021-12-03,1.228,1.247,1.25,1.228,243309,28683533.0,1.79,1.38,0.017,0.2
2021-12-06,1.255,1.249,1.264,1.249,192981,23101988.0,1.2,0.16,0.002,0.16
2021-12-07,1.249,1.27,1.27,1.249,228728,27443475.0,1.68,1.68,0.021,0.19
2021-12-08,1.261,1.263,1.265,1.254,238345,28568956.0,0.87,-0.55,-0.007,0.2
2021-12-09,1.259,1.275,1.28,1.259,228672,27705644.0,1.66,0.95,0.012,0.19
2021-12-10,1.27,1.268,1.278,1.262,234227,28337642.0,1.25,-0.55,-0.007,0.2
2021-12-13,1.268,1.262,1.279,1.261,228727,27712385.0,1.42,-0.47,-0.006,0.19
2021-12-14,1.258,1.256,1.259,1.25,237543,28354292.0,0.71,-0.48,-0.006,0.2
2021-12-15,1.252,1.267,1.269,1.25,224050,26921869.0,1.51,0.88,0.011,0.19
2021-12-16,1.265,1.276,1.276,1.264,203466,24658854.0,0.95,0.71,0.009,0.17
2021-12-17,1.277,1.276,1.282,1.27,252333,30679194.0,0.94,0.0,0.0,0.21
2021-12-20,1.272,1.268,1.276,1.264,220288,26602223.0,0.94,-0.63,-0.008,0.18
2021-12-21,1.265,1.284,1.285,1.265,226089,27566879.0,1.58,1.26,0.016,0.19
2021-12-22,1.291,1.278,1.291,1.275,225449,27480412.0,1.25,-0.47,-0.006,0.19
2021-12-23,1.272,1.29,1.293,1.272,262799,32177217.0,1.64,0.94,0.012,0.22
2021-12-24,1.29,1.287,1.293,1.284,227170,27912607.0,0.7,-0.23,-0.003,0.19
2021-12-27,1.288,1.295,1.303,1.288,182509,22556323.0,1.17,0.62,0.008,0.15
2021-12-28,1.295,1.286,1.295,1.28,198824,24337114.0,1.16,-0.69,-0.009,0.17
2021-12-29,1.282,1.275,1.282,1.274,238389,29027344.0,0.62,-0.86,-0.011,0.2
2021-12-30,1.275,1.282,1.285,1.275,280598,34257601.0,0.78,0.55,0.007,0.24
2021-12-31,1.284,1.301,1.302,1.284,292950,36208177.0,1.4,1.48,0.019,0.25
2022-01-04,1.301,1.294,1.301,1.29,420680,51966490.0,0.85,-0.54,-0.007,0.35
2022-01-05,1.29,1.296,1.302,1.288,250682,30942108.0,1.08,0.15,0.002,0.21
2022-01-06,1.296,1.292,1.297,1.288,232381,28670592.0,0.69,-0.31,-0.004,0.2
2022-01-07,1.298,1.307,1.313,1.294,226194,28222588.0,1.47,1.16,0.015,0.19
2022-01-10,1.306,1.309,1.313,1.3,200130,24949905.0,0.99,0.15,0.002,0.17
2022-01-11,1.313,1.314,1.326,1.3,232908,29205189.0,1.99,0.38,0.005,0.2
2022-01-12,1.318,1.303,1.318,1.293,214716,26647321.0,1.9,-0.84,-0.011,0.18
2022-01-13,1.308,1.297,1.311,1.297,219580,27302451.0,1.07,-0.46,-0.006,0.18
2022-01-14,1.303,1.276,1.303,1.273,212655,25982710.0,2.31,-1.62,-0.021,0.18
2022-01-17,1.278,1.273,1.282,1.273,244477,29779123.0,0.71,-0.24,-0.003,0.21
2022-01-18,1.275,1.308,1.31,1.274,226118,27821047.0,2.83,2.75,0.035,0.19
2022-01-19,1.302,1.313,1.316,1.302,206474,25857552.0,1.07,0.38,0.005,0.17
2022-01-20,1.313,1.319,1.325,1.31,217105,27292073.0,1.14,0.46,0.006,0.18
2022-01-21,1.325,1.315,1.325,1.306,199947,24999209.0,1.44,-0.3,-0.004,0.17
2022-01-24,1.315,1.307,1.318,1.301,228177,28490501.0,1.29,-0.61,-0.008,0.19
2022-01-25,1.295,1.281,1.31,1.281,195286,24154637.0,2.22,-1.99,-0.026,0.16
2022-01-26,1.277,1.289,1.291,1.277,214077,26233912.0,1.09,0.62,0.008,0.18
2022-01-27,1.282,1.285,1.295,1.278,246802,30239093.0,1.32,-0.31,-0.004,0.21
2022-01-28,1.291,1.274,1.291,1.266,270505,32949428.0,1.95,-0.86,-0.011,0.23
2022-02-07,1.289,1.304,1.304,1.276,215882,26666595.0,2.2,2.35,0.03,0.18
2022-02-08,1.303,1.325,1.325,1.302,224396,28107895.0,1.76,1.61,0.021,0.19
2022-02-09,1.328,1.325,1.331,1.321,193234,24462559.0,0.75,0.0,0.0,0.16
2022-02-10,1.331,1.339,1.339,1.318,204596,26030120.0,1.58,1.06,0.014,0.17
2022-02-11,1.339,1.341,1.35,1.339,242374,31125002.0,0.82,0.15,0.002,0.2
2022-02-14,1.341,1.323,1.341,1.315,220406,27827397.0,1.94,-1.34,-0.018,0.19
2022-02-15,1.312,1.314,1.329,1.303,239253,29941222.0,1.97,-0.68,-0.009,0.2
2022-02-16,1.314,1.317,1.321,1.309,217988,27423012.0,0.91,0.23,0.003,0.18
2022-02-17,1.317,1.312,1.317,1.309,226660,28414183.0,0.61,-0.38,-0.005,0.19
2022-02-18,1.312,1.325,1.327,1.307,208557,26204805.0,1.52,0.99,0.013,0.18
2022-02-21,1.325,1.325,1.325,1.313,242190,30451231.0,0.91,0.0,0.0,0.2
2022-02-22,1.316,1.314,1.319,1.308,251741,31593299.0,0.83,-0.83,-0.011,0.21
2022-02-23,1.314,1.308,1.314,1.302,223441,27834648.0,0.91,-0.46,-0.006,0.19
2022-02-24,1.31,1.286,1.31,1.284,191334,23647122.0,1.99,-1.68,-0.022,0.16
2022-02-25,1.292,1.285,1.294,1.281,224279,27524670.0,1.01,-0.08,-0.001,0.19
2022-02-28,1.285,1.285,1.289,1.279,209308,25581412.0,0.78,0.0,0.0,0.18
2022-03-01,1.287,1.294,1.295,1.282,217574,26703615.0,1.01,0.7,0.009,0.18
2022-03-02,1.289,1.297,1.297,1.289,229190,28293076.0,0.62,0.23,0.003,0.19
2022-03-03,1.297,1.315,1.315,1.297,220136,27509791.0,1.39,1.39,0.018,0.18
2022-03-04,1.315,1.301,1.315,1.292,205517,25470597.0,1.75,-1.06,-0.014,0.17
2022-03-07,1.307,1.286,1.307,1.285,206914,25614898.0,1.69,-1.15,-0.015,0.17
2022-03-08,1.263,1.26,1.288,1.259,234686,28466729.0,2.26,-2.02,-0.026,0.2
2022-03-09,1.259,1.24,1.267,1.211,291958,34867250.0,4.44,-1.59,-0.02,0.25
2022-03-10,1.249,1.253,1.256,1.244,239653,28548368.0,0.97,1.05,0.013,0.2
2022-03-11,1.242,1.254,1.255,1.224,255486,29920392.0,2.47,0.08,0.001,0.21
2022-03-14,1.242,1.233,1.254,1.231,302317,35897969.0,1.83,-1.67,-0.021,0.25
2022-03-15,1.225,1.176,1.225,1.17,285100,32546912.0,4.46,-4.62,-0.057,0.24
2022-03-16,1.176,1.195,1.203,1.159,237911,26463925.0,3.74,1.62,0.019,0.2
2022-03-17,1.191,1.208,1.219,1.191,280989,32361925.0,2.34,1.09,0.013,0.24
2022-03-18,1.208,1.23,1.232,1.204,277399,32077240.0,2.32,1.82,0.022,0.23
2022-03-21,1.231,1.22,1.231,1.214,248827,28844194.0,1.38,-0.81,-0.01,0.21
2022-03-22,1.221,1.238,1.244,1.221,231040,27118411.0,1.89,1.48,0.018,0.19
2022-03-23,1.251,1.246,1.251,1.23,219742,25860114.0,1.7,0.65,0.008,0.18
2022-03-24,1.24,1.242,1.25,1.237,233397,27643095.0,1.04,-0.32,-0.004,0.2
2022-03-25,1.24,1.24,1.249,1.236,231196,27321640.0,1.05,-0.16,-0.002,0.19
2022-03-28,1.225,1.255,1.256,1.225,224846,26610479.0,2.5,1.21,0.015,0.19
2022-03-29,1.257,1.248,1.257,1.245,251412,29901394.0,0.96,-0.56,-0.007,0.21
2022-03-30,1.254,1.269,1.27,1.25,239996,28741906.0,1.6,1.68,0.021,0.2
2022-03-31,1.267,1.28,1.288,1.267,303337,37044644.0,1.65,0.87,0.011,0.25
2022-04-01,1.28,1.298,1.301,1.274,271975,33350935.0,2.11,1.41,0.018,0.23
2022-04-06,1.301,1.318,1.324,1.297,208437,26079400.0,2.08,1.54,0.02,0.17
2022-04-07,1.317,1.301,1.319,1.3,192878,24144902.0,1.44,-1.29,-0.017,0.16
2022-04-08,1.307,1.317,1.318,1.294,194841,24208952.0,1.84,1.23,0.016,0.16
2022-04-11,1.311,1.297,1.313,1.295,245540,30617139.0,1.37,-1.52,-0.02,0.21
2022-04-12,1.296,1.304,1.307,1.285,335829,41397985.0,1.7,0.54,0.007,0.28
2022-04-13,1.3,1.295,1.307,1.291,226739,28101399.0,1.23,-0.69,-0.009,0.19
2022-04-14,1.289,1.301,1.308,1.289,238891,29599956.0,1.47,0.46,0.006,0.2
2022-04-15,1.298,1.303,1.312,1.297,222603,27723564.0,1.15,0.15,0.002,0.19
2022-04-18,1.297,1.286,1.297,1.283,308089,37961467.0,1.07,-1.3,-0.017,0.26
2022-04-19,1.286,1.294,1.298,1.28,217383,26718358.0,1.4,0.62,0.008,0.18
2022-04-20,1.292,1.276,1.294,1.269,320440,39170099.0,1.93,-1.39,-0.018,0.27
2022-04-21,1.27,1.254,1.275,1.25,251959,30421841.0,1.96,-1.72,-0.022,0.21
2022-04-22,1.251,1.279,1.28,1.247,393104,47411238.0,2.63,1.99,0.025,0.33
2022-04-25,1.27,1.246,1.272,1.23,386486,46272379.0,3.28,-2.58,-0.033,0.32
2022-04-26,1.24,1.223,1.249,1.222,389895,45868482.0,2.17,-1.85,-0.023,0.33
2022-04-27,1.214,1.226,1.234,1.214,297289,34644417.0,1.64,0.25,0.003,0.25
2022-04-28,1.221,1.24,1.246,1.221,314564,37097040.0,2.04,1.14,0.014,0.26
2022-04-29,1.231,1.264,1.267,1.231,273091,32375427.0,2.9,1.94,0.024,0.23
2022-05-05,1.259,1.27,1.273,1.259,210155,25325493.0,1.11,0.47,0.006,0.18
2022-05-06,1.264,1.24,1.264,1.238,218230,25903915.0,2.05,-2.36,-0.03,0.18
2022-05-09,1.24,1.241,1.247,1.235,189111,22345690.0,0.97,0.08,0.001,0.16
2022-05-10,1.227,1.246,1.249,1.221,308220,36217000.0,2.26,0.4,0.005,0.26
2022-05-11,1.237,1.245,1.25,1.237,206355,24437804.0,1.04,-0.08,-0.001,0.17
2022-05-12,1.231,1.236,1.243,1.23,222531,26227413.0,1.04,-0.72,-0.009,0.19
2022-05-13,1.24,1.252,1.255,1.24,266022,31602948.0,1.21,1.29,0.016,0.22
2022-05-16,1.253,1.253,1.26,1.246,374125,44559564.0,1.12,0.08,0.001,0.31
2022-05-17,1.24,1.249,1.255,1.24,230867,27407046.0,1.2,-0.32,-0.004,0.19
2022-05-18,1.243,1.242,1.252,1.237,244569,28871877.0,1.2,-0.56,-0.007,0.21
2022-05-19,1.233,1.242,1.242,1.231,254277,29910045.0,0.89,0.0,0.0,0.21
2022-05-20,1.235,1.249,1.252,1.235,258229,30683164.0,1.37,0.56,0.007,0.22
2022-05-23,1.249,1.242,1.249,1.24,241997,28634131.0,0.72,-0.56,-0.007,0.2
2022-05-24,1.237,1.229,1.244,1.225,264302,31079392.0,1.53,-1.05,-0.013,0.22
2022-05-25,1.229,1.237,1.238,1.223,201210,23587631.0,1.22,0.65,0.008,0.17
2022-05-26,1.237,1.247,1.248,1.237,272349,32219386.0,0.89,0.81,0.01,0.23
2022-05-27,1.238,1.247,1.251,1.238,253280,30050623.0,1.04,0.0,0.0,0.21
2022-05-30,1.245,1.247,1.253,1.243,229905,27283681.0,0.8,0.0,0.0,0.19
2022-05-31,1.243,1.247,1.248,1.241,281461,33343115.0,0.56,0.0,0.0,0.24
2022-06-01,1.24,1.247,1.249,1.24,237454,28152729.0,0.72,0.0,0.0,0.2
2022-06-02,1.244,1.239,1.244,1.238,293127,34598920.0,0.48,-0.64,-0.008,0.25
2022-06-06,1.237,1.236,1.24,1.229,255832,30010627.0,0.89,-0.24,-0.003,0.21
2022-06-07,1.235,1.238,1.241,1.232,290265,34162537.0,0.73,0.16,0.002,0.24
2022-06-08,1.233,1.243,1.243,1.232,286585,33785918.0,0.89,0.4,0.005,0.24
2022-06-09,1.239,1.245,1.251,1.239,311344,36971627.0,0.97,0.16,0.002,0.26
2022-06-10,1.24,1.252,1.253,1.238,304421,36051714.0,1.2,0.56,0.007,0.26
2022-06-13,1.252,1.239,1.252,1.232,285010,33574944.0,1.6,-1.04,-0.013,0.24
2022-06-14,1.236,1.258,1.258,1.233,311233,36808574.0,2.02,1.53,0.019,0.26
2022-06-15,1.257,1.271,1.284,1.257,271750,32939648.0,2.15,1.03,0.013,0.23
2022-06-16,1.271,1.25,1.274,1.249,361795,43388954.0,1.97,-1.65,-0.021,0.3
2022-06-17,1.25,1.257,1.259,1.245,321052,38248464.0,1.12,0.56,0.007,0.27
2022-06-20,1.251,1.257,1.257,1.251,254319,30370865.0,0.48,0.0,0.0,0.21
2022-06-21,1.257,1.255,1.26,1.249,283212,33888516.0,0.88,-0.16,-0.002,0.24
2022-06-22,1.249,1.244,1.256,1.242,298585,35543457.0,1.12,-0.88,-0.011,0.25
2022-06-23,1.243,1.253,1.253,1.239,241624,28631693.0,1.13,0.72,0.009,0.2
2022-06-24,1.247,1.256,1.256,1.247,301895,35956966.0,0.72,0.24,0.003,0.25
2022-06-27,1.252,1.253,1.255,1.25,244024,29119980.0,0.4,-0.24,-0.003,0.2
2022-06-28,1.253,1.256,1.26,1.251,277353,33113033.0,0.72,0.24,0.003,0.23
2022-06-29,1.255,1.263,1.266,1.255,309754,37266353.0,0.88,0.56,0.007,0.26
2022-06-30,1.264,1.268,1.269,1.258,330894,39765976.0,0.87,0.4,0.005,0.28
2022-07-01,1.265,1.266,1.269,1.262,252419,30428314.0,0.55,-0.16,-0.002,0.21
2022-07-04,1.264,1.264,1.267,1.26,294698,35469154.0,0.55,-0.16,-0.002,0.25
2022-07-05,1.268,1.266,1.272,1.262,242744,29282530.0,0.79,0.16,0.002,0.2
2022-07-06,1.266,1.257,1.266,1.251,234383,28014322.0,1.18,-0.71,-0.009,0.2
2022-07-07,1.257,1.251,1.259,1.251,211547,25295199.0,0.64,-0.48,-0.006,0.18
2022-07-08,1.257,1.258,1.262,1.254,272327,32672348.0,0.64,0.56,0.007,0.23
2022-07-11,1.262,1.259,1.262,1.256,253366,30357881.0,0.48,0.08,0.001,0.21
2022-07-12,1.259,1.271,1.272,1.259,261979,31658376.0,1.03,0.95,0.012,0.22
2022-07-13,1.272,1.262,1.272,1.26,251398,30324223.0,0.94,-0.71,-0.009,0.21
2022-07-14,1.26,1.244,1.26,1.244,190436,22617033.0,1.27,-1.43,-0.018,0.16
2022-07-15,1.24,1.225,1.248,1.224,264292,31127324.0,1.93,-1.53,-0.019,0.22
2022-07-18,1.228,1.243,1.244,1.228,289979,34226534.0,1.31,1.47,0.018,0.24
2022-07-19,1.243,1.246,1.247,1.24,221017,26141135.0,0.56,0.24,0.003,0.19
2022-07-20,1.246,1.25,1.251,1.246,258377,30724295.0,0.4,0.32,0.004,0.22
2022-07-21,1.248,1.238,1.248,1.236,246706,29101633.0,0.96,-0.96,-0.012,0.21
2022-07-22,1.244,1.241,1.244,1.232,260836,30674336.0,0.97,0.24,0.003,0.22
2022-07-25,1.235,1.233,1.239,1.232,272133,31996312.0,0.56,-0.64,-0.008,0.23
2022-07-26,1.231,1.243,1.248,1.231,274690,32463487.0,1.38,0.81,0.01,0.23
2022-07-27,1.247,1.237,1.247,1.237,230875,27241684.0,0.8,-0.48,-0.006,0.19
2022-07-28,1.241,1.237,1.243,1.235,292549,34555522.0,0.65,0.0,0.0,0.25
2022-07-29,1.233,1.231,1.243,1.229,298289,35094070.0,1.13,-0.49,-0.006,0.25
2022-08-01,1.231,1.227,1.231,1.225,246183,28759722.0,0.49,-0.32,-0.004,0.21
2022-08-02,1.227,1.207,1.227,1.198,264655,30294709.0,2.36,-1.63,-0.02,0.22
2022-08-03,1.209,1.2,1.213,1.199,204948,23490581.0,1.16,-0.58,-0.007,0.17
2022-08-04,1.203,1.205,1.205,1.199,201477,22999107.0,0.5,0.42,0.005,0.17
2022-08-05,1.206,1.218,1.22,1.203,244440,28051349.0,1.41,1.08,0.013,0.21
2022-08-08,1.221,1.222,1.222,1.217,237311,27496360.0,0.41,0.33,0.004,0.2
2022-08-09,1.221,1.219,1.221,1.215,256322,29645470.0,0.49,-0.25,-0.003,0.22
2022-08-10,1.216,1.217,1.22,1.212,263537,30411156.0,0.66,-0.16,-0.002,0.22
2022-08-11,1.216,1.227,1.229,1.216,191253,22251584.0,1.07,0.82,0.01,0.16
2022-08-12,1.227,1.234,1.237,1.227,225026,26402570.0,0.81,0.57,0.007,0.19
2022-08-15,1.234,1.231,1.234,1.228,254146,29742965.0,0.49,-0.24,-0.003,0.21
2022-08-16,1.231,1.229,1.231,1.227,259254,30302930.0,0.32,-0.16,-0.002,0.22
2022-08-17,1.229,1.234,1.234,1.223,254907,29812690.0,0.9,0.41,0.005,0.21
2022-08-18,1.232,1.227,1.232,1.222,256977,29965467.0,0.81,-0.57,-0.007,0.22
2022-08-19,1.224,1.228,1.23,1.224,236943,27696617.0,0.49,0.08,0.001,0.2
2022-08-22,1.228,1.232,1.235,1.228,222330,26080073.0,0.57,0.33,0.004,0.19
2022-08-23,1.232,1.229,1.232,1.225,265811,31057390.0,0.57,-0.24,-0.003,0.22
2022-08-24,1.229,1.221,1.232,1.22,215915,25183488.0,0.98,-0.65,-0.008,0.18
2022-08-25,1.221,1.234,1.234,1.221,267437,31185735.0,1.06,1.06,0.013,0.22
2022-08-26,1.232,1.233,1.235,1.227,235999,27657454.0,0.65,-0.08,-0.001,0.2
2022-08-29,1.227,1.233,1.234,1.218,214116,25033472.0,1.3,0.0,0.0,0.18
2022-08-30,1.228,1.237,1.239,1.228,220664,25923603.0,0.89,0.32,0.004,0.19
2022-08-31,1.239,1.238,1.245,1.236,234421,27614767.0,0.73,0.08,0.001,0.2
2022-09-01,1.239,1.24,1.247,1.238,265562,31486135.0,0.73,0.16,0.002,0.22
2022-09-02,1.237,1.241,1.244,1.237,248521,29371632.0,0.56,0.08,0.001,0.21
2022-09-05,1.241,1.25,1.251,1.238,208601,24727924.0,1.05,0.73,0.009,0.18
2022-09-06,1.252,1.255,1.257,1.252,300403,35894676.0,0.4,0.4,0.005,0.25
2022-09-07,1.264,1.249,1.264,1.248,276571,32924983.0,1.27,-0.48,-0.006,0.23
2022-09-08,1.253,1.254,1.256,1.249,258819,30876082.0,0.56,0.4,0.005,0.22
2022-09-09,1.264,1.266,1.268,1.255,267934,32254614.0,1.04,0.96,0.012,0.22
2022-09-13,1.275,1.265,1.275,1.262,255630,30896641.0,1.03,-0.08,-0.001,0.21
2022-09-14,1.258,1.26,1.262,1.255,268821,32203557.0,0.55,-0.4,-0.005,0.23
2022-09-15,1.26,1.263,1.267,1.253,274590,33067037.0,1.11,0.24,0.003,0.23
2022-09-16,1.257,1.23,1.257,1.23,234469,27786990.0,2.14,-2.61,-0.033,0.2
2022-09-19,1.23,1.228,1.231,1.224,283718,33126621.0,0.57,-0.16,-0.002,0.24
2022-09-20,1.224,1.222,1.234,1.222,246604,28815421.0,0.98,-0.49,-0.006,0.21
2022-09-21,1.221,1.234,1.235,1.216,281494,32838296.0,1.55,0.98,0.012,0.24
2022-09-22,1.228,1.229,1.229,1.225,260548,30393065.0,0.32,-0.41,-0.005,0.22
2022-09-23,1.227,1.232,1.238,1.226,207501,24306037.0,0.98,0.24,0.003,0.17
2022-09-26,1.225,1.208,1.229,1.206,279024,32390916.0,1.87,-1.95,-0.024,0.23
2022-09-27,1.208,1.217,1.219,1.203,276490,31788097.0,1.32,0.75,0.009,0.23
2022-09-28,1.212,1.211,1.218,1.208,287825,33172404.0,0.82,-0.49,-0.006,0.24
2022-09-29,1.201,1.198,1.217,1.197,260896,29971692.0,1.65,-1.07,-0.013,0.22
2022-09-30,1.193,1.207,1.211,1.193,189387,21700666.0,1.5,0.75,0.009,0.16
2022-10-10,1.191,1.206,1.217,1.191,259354,29891851.0,2.15,-0.08,-0.001,0.22
2022-10-11,1.192,1.204,1.207,1.192,357410,40813762.0,1.24,-0.17,-0.002,0.3
2022-10-12,1.194,1.216,1.217,1.194,260706,29794326.0,1.91,1.0,0.012,0.22
2022-10-13,1.207,1.208,1.213,1.204,206291,23661526.0,0.74,-0.66,-0.008,0.17
2022-10-14,1.205,1.219,1.221,1.205,253208,29344351.0,1.32,0.91,0.011,0.21
2022-10-17,1.209,1.22,1.223,1.209,241555,27963050.0,1.15,0.08,0.001,0.2
2022-10-18,1.213,1.22,1.226,1.213,194993,22657426.0,1.07,0.0,0.0,0.16
2022-10-19,1.214,1.208,1.221,1.208,240381,27766106.0,1.07,-0.98,-0.012,0.2
2022-10-20,1.211,1.204,1.212,1.204,211595,24278632.0,0.66,-0.33,-0.004,0.18
2022-10-21,1.203,1.207,1.214,1.203,177140,20396813.0,0.91,0.25,0.003,0.15
2022-10-24,1.206,1.19,1.212,1.187,205680,23441221.0,2.07,-1.41,-0.017,0.17
2022-10-25,1.177,1.186,1.194,1.177,229125,25796464.0,1.43,-0.34,-0.004,0.19
2022-10-26,1.185,1.185,1.196,1.182,194471,21976671.0,1.18,-0.08,-0.001,0.16
2022-10-27,1.181,1.192,1.195,1.181,223463,25311630.0,1.18,0.59,0.007,0.19
2022-10-28,1.183,1.172,1.189,1.17,231029,25939641.0,1.59,-1.68,-0.02,0.19
2022-10-31,1.181,1.155,1.181,1.155,238688,26312585.0,2.22,-1.45,-0.017,0.2
2022-11-01,1.155,1.175,1.175,1.155,218349,24143947.0,1.73,1.73,0.02,0.18
2022-11-02,1.156,1.18,1.181,1.156,221487,24700312.0,2.13,0.43,0.005,0.19
2022-11-03,1.17,1.174,1.178,1.17,255610,28449721.0,0.68,-0.51,-0.006,0.21
2022-11-04,1.165,1.191,1.193,1.165,260305,29268767.0,2.39,1.45,0.017,0.22
2022-11-07,1.186,1.193,1.195,1.186,234226,26481522.0,0.76,0.17,0.002,0.2
2022-11-08,1.183,1.191,1.193,1.183,200616,22675060.0,0.84,-0.17,-0.002,0.17
2022-11-09,1.182,1.189,1.197,1.182,217088,24589392.0,1.26,-0.17,-0.002,0.18
2022-11-10,1.183,1.189,1.191,1.181,257623,29036469.0,0.84,0.0,0.0,0.22
2022-11-11,1.193,1.209,1.216,1.193,249003,28504218.0,1.93,1.68,0.02,0.21
2022-11-14,1.205,1.215,1.224,1.205,222547,25810430.0,1.57,0.5,0.006,0.19
2022-11-15,1.213,1.224,1.226,1.212,242228,28092535.0,1.15,0.74,0.009,0.2
2022-11-16,1.219,1.222,1.228,1.219,207300,24154252.0,0.74,-0.16,-0.002,0.17
2022-11-17,1.218,1.222,1.224,1.214,237180,27551939.0,0.82,0.0,0.0,0.2
2022-11-18,1.219,1.219,1.226,1.219,234378,27225107.0,0.57,-0.25,-0.003,0.2
2022-11-21,1.214,1.213,1.214,1.207,235699,27094394.0,0.57,-0.49,-0.006,0.2
2022-11-22,1.207,1.229,1.24,1.207,295902,34464393.0,2.72,1.32,0.016,0.25
2022-11-23,1.225,1.241,1.248,1.225,219620,25915814.0,1.87,0.98,0.012,0.18
2022-11-24,1.245,1.236,1.247,1.235,238652,28128777.0,0.97,-0.4,-0.005,0.2
2022-11-25,1.23,1.255,1.257,1.23,260318,30937907.0,2.18,1.54,0.019,0.22
2022-11-28,1.252,1.244,1.252,1.231,242030,28529136.0,1.67,-0.88,-0.011,0.2
2022-11-29,1.235,1.267,1.272,1.235,252859,30393245.0,2.97,1.85,0.023,0.21
2022-11-30,1.253,1.274,1.275,1.253,241647,29269813.0,1.74,0.55,0.007,0.2
2022-12-01,1.272,1.267,1.283,1.266,253001,30699627.0,1.33,-0.55,-0.007,0.21
2022-12-02,1.268,1.265,1.268,1.262,235993,28411254.0,0.47,-0.16,-0.002,0.2
2022-12-05,1.262,1.301,1.305,1.262,274064,33697537.0,3.4,2.85,0.036,0.23
2022-12-06,1.291,1.297,1.306,1.291,248269,30785594.0,1.15,-0.31,-0.004,0.21
2022-12-07,1.292,1.294,1.304,1.288,240044,29639913.0,1.23,-0.23,-0.003,0.2
2022-12-08,1.289,1.294,1.297,1.289,229665,28282913.0,0.62,0.0,0.0,0.19
2022-12-09,1.289,1.296,1.3,1.287,210974,25993928.0,1.0,0.15,0.002,0.18
2022-12-12,1.314,1.286,1.314,1.284,207328,24453906.0,2.31,-0.77,-0.01,0.17
2022-12-13,1.283,1.285,1.289,1.282,271450,31908416.0,0.54,-0.08,-0.001,0.23
2022-12-14,1.28,1.276,1.283,1.275,332937,38943530.0,0.62,-0.7,-0.009,0.28
2022-12-15,1.274,1.268,1.28,1.268,226650,26337167.0,0.94,-0.63,-0.008,0.19
2022-12-16,1.268,1.285,1.285,1.265,235762,27551669.0,1.58,1.34,0.017,0.2
2022-12-19,1.279,1.262,1.286,1.257,236312,27479367.0,2.26,-1.79,-0.023,0.2
2022-12-20,1.255,1.248,1.262,1.247,191592,21978375.0,1.19,-1.11,-0.014,0.16
2022-12-21,1.245,1.251,1.256,1.244,204492,23339582.0,0.96,0.24,0.003,0.17
2022-12-22,1.247,1.248,1.26,1.246,199243,22818418.0,1.12,-0.24,-0.003,0.17
2022-12-23,1.244,1.246,1.252,1.242,211881,24093836.0,0.8,-0.16,-0.002,0.18
2022-12-26,1.245,1.242,1.246,1.242,216450,24534076.0,0.32,-0.32,-0.004,0.18
2022-12-27,1.241,1.253,1.256,1.241,205964,23522894.0,1.21,0.89,0.011,0.17
2022-12-28,1.247,1.252,1.257,1.247,216487,24740901.0,0.8,-0.08,-0.001,0.18
2022-12-29,1.245,1.243,1.248,1.241,212843,24132807.0,0.56,-0.72,-0.009,0.18
2022-12-30,1.24,1.253,1.255,1.24,230006,26213454.0,1.21,0.8,0.01,0.19
2023-01-03,1.243,1.263,1.263,1.243,223559,25584241.0,1.6,0.8,0.01,0.19
2023-01-04,1.256,1.269,1.269,1.256,193308,22323854.0,1.03,0.48,0.006,0.16
2023-01-05,1.263,1.27,1.274,1.263,196344,22780263.0,0.87,0.08,0.001,0.16
2023-01-06,1.264,1.269,1.271,1.264,205514,23792845.0,0.55,-0.08,-0.001,0.17
2023-01-09,1.261,1.266,1.271,1.261,201496,23351199.0,0.79,-0.24,-0.003,0.17
2023-01-10,1.261,1.261,1.267,1.261,193871,22388581.0,0.47,-0.39,-0.005,0.16
2023-01-11,1.26,1.264,1.269,1.26,197422,22832875.0,0.71,0.24,0.003,0.17
2023-01-12,1.26,1.263,1.266,1.259,192816,22228430.0,0.55,-0.08,-0.001,0.16
2023-01-13,1.26,1.276,1.276,1.26,198380,22983885.0,1.27,1.03,0.013,0.17
2023-01-16,1.276,1.282,1.29,1.276,210731,24742618.0,1.1,0.47,0.006,0.18
2023-01-17,1.282,1.281,1.284,1.278,194680,22787407.0,0.47,-0.08,-0.001,0.16
2023-01-18,1.276,1.285,1.287,1.276,184176,21621871.0,0.86,0.31,0.004,0.15
2023-01-19,1.278,1.287,1.289,1.278,184066,21590649.0,0.86,0.16,0.002,0.15
2023-01-20,1.282,1.297,1.298,1.282,192756,22829581.0,1.24,0.78,0.01,0.16
2023-01-30,1.301,1.295,1.357,1.295,164453,19575581.0,4.78,-0.15,-0.002,0.14
2023-01-31,1.292,1.291,1.298,1.291,204473,24222282.0,0.54,-0.31,-0.004,0.17
2023-02-01,1.29,1.301,1.301,1.29,218740,25900879.0,0.85,0.77,0.01,0.18
2023-02-02,1.297,1.295,1.301,1.294,238231,28258610.0,0.54,-0.46,-0.006,0.2
2023-02-03,1.291,1.29,1.293,1.283,233950,27534927.0,0.77,-0.39,-0.005,0.2
2023-02-06,1.285,1.281,1.285,1.28,218220,25580079.0,0.39,-0.7,-0.009,0.18
2023-02-07,1.278,1.283,1.284,1.278,212267,24888799.0,0.47,0.16,0.002,0.18
2023-02-08,1.28,1.278,1.286,1.277,200505,23494028.0,0.7,-0.39,-0.005,0.17
2023-02-09,1.276,1.285,1.288,1.276,296145,34717008.0,0.94,0.55,0.007,0.25
2023-02-10,1.28,1.29,1.292,1.28,223803,26386106.0,0.93,0.39,0.005,0.19
2023-02-13,1.291,1.3,1.3,1.289,189534,22472692.0,0.85,0.78,0.01,0.16
2023-02-14,1.295,1.301,1.301,1.295,211015,25099578.0,0.46,0.08,0.001,0.18
2023-02-15,1.291,1.3,1.303,1.291,223431,26580590.0,0.92,-0.08,-0.001,0.19
2023-02-16,1.295,1.297,1.313,1.293,351970,42093904.0,1.54,-0.23,-0.003,0.3
2023-02-17,1.292,1.287,1.302,1.286,248371,29439669.0,1.23,-0.77,-0.01,0.21
2023-02-20,1.287,1.317,1.317,1.287,483250,57836556.0,2.33,2.33,0.03,0.41
2023-02-21,1.312,1.325,1.325,1.312,245538,29743850.0,0.99,0.61,0.008,0.21
2023-02-22,1.319,1.316,1.321,1.316,255474,30894991.0,0.38,-0.68,-0.009,0.21
2023-02-23,1.315,1.315,1.322,1.312,376724,45506976.0,0.76,-0.08,-0.001,0.32
2023-02-24,1.317,1.313,1.317,1.308,255769,30762155.0,0.68,-0.15,-0.002,0.21
2023-02-27,1.309,1.309,1.313,1.307,191692,23030213.0,0.46,-0.3,-0.004,0.16
2023-02-28,1.306,1.32,1.321,1.306,242983,29261416.0,1.15,0.84,0.011,0.2
2023-03-01,1.322,1.336,1.342,1.319,265934,32532427.0,1.74,1.21,0.016,0.22
2023-03-02,1.34,1.344,1.348,1.336,221719,27348785.0,0.9,0.6,0.008,0.19
2023-03-03,1.346,1.363,1.363,1.346,281588,34998374.0,1.26,1.41,0.019,0.24
2023-03-06,1.362,1.359,1.41,1.358,229923,28845362.0,3.82,-0.29,-0.004,0.19
2023-03-07,1.359,1.352,1.377,1.35,313798,39519838.0,1.99,-0.52,-0.007,0.26
2023-03-08,1.348,1.354,1.356,1.344,253974,31512232.0,0.89,0.15,0.002,0.21
2023-03-09,1.349,1.355,1.365,1.349,246215,30637190.0,1.18,0.07,0.001,0.21
2023-03-10,1.353,1.338,1.37,1.337,241962,29940569.0,2.44,-1.25,-0.017,0.2
2023-03-13,1.336,1.363,1.363,1.336,319742,39721965.0,2.02,1.87,0.025,0.27
2023-03-14,1.37,1.355,1.37,1.348,217355,27092571.0,1.61,-0.59,-0.008,0.18
2023-03-15,1.36,1.367,1.37,1.354,250349,31293119.0,1.18,0.89,0.012,0.21
2023-03-16,1.37,1.363,1.374,1.36,266926,33575770.0,1.02,-0.29,-0.004,0.22
2023-03-17,1.375,1.389,1.39,1.372,488781,62244686.0,1.32,1.91,0.026,0.41
2023-03-20,1.4,1.378,1.405,1.378,296083,37963046.0,1.94,-0.79,-0.011,0.25
2023-03-21,1.38,1.373,1.39,1.371,242603,30734153.0,1.38,-0.36,-0.005,0.2
2023-03-22,1.369,1.391,1.391,1.369,287940,36703287.0,1.6,1.31,0.018,0.24
2023-03-23,1.385,1.398,1.399,1.384,242321,31005571.0,1.08,0.5,0.007,0.2
2023-03-24,1.407,1.39,1.407,1.384,214176,27375087.0,1.65,-0.57,-0.008,0.18
2023-03-27,1.401,1.374,1.401,1.365,259435,32747803.0,2.59,-1.15,-0.016,0.22
2023-03-28,1.387,1.373,1.387,1.371,205757,26012719.0,1.16,-0.07,-0.001,0.17
2023-03-29,1.39,1.369,1.39,1.364,188762,23740051.0,1.89,-0.29,-0.004,0.16
2023-03-30,1.374,1.381,1.383,1.363,222492,28069645.0,1.46,0.88,0.012,0.19
2023-03-31,1.389,1.384,1.389,1.371,171292,21812159.0,1.3,0.22,0.003,0.14
2023-04-03,1.389,1.392,1.394,1.385,159720,20435550.0,0.65,0.58,0.008,0.13
2023-04-04,1.397,1.413,1.415,1.39,251023,32549505.0,1.8,1.51,0.021,0.21
2023-04-06,1.421,1.415,1.421,1.406,201563,26218176.0,1.06,0.14,0.002,0.17
2023-04-07,1.424,1.41,1.424,1.407,249151,32407393.0,1.2,-0.35,-0.005,0.21
2023-04-10,1.418,1.411,1.418,1.409,177726,23162726.0,0.64,0.07,0.001,0.15
2023-04-11,1.419,1.418,1.419,1.407,179769,23391056.0,0.85,0.5,0.007,0.15
2023-04-12,1.43,1.433,1.435,1.416,158118,20886119.0,1.34,1.06,0.015,0.13
2023-04-13,1.441,1.427,1.441,1.422,210832,27811746.0,1.33,-0.42,-0.006,0.18
2023-04-14,1.438,1.433,1.438,1.423,165522,21834738.0,1.05,0.42,0.006,0.14
2023-04-17,1.44,1.454,1.456,1.428,224268,29906392.0,1.95,1.47,0.021,0.19
2023-04-18,1.46,1.463,1.465,1.45,161283,21700852.0,1.03,0.62,0.009,0.14
2023-04-19,1.469,1.452,1.469,1.448,187126,25229404.0,1.44,-0.75,-0.011,0.16
2023-04-20,1.455,1.469,1.469,1.449,196147,26420166.0,1.38,1.17,0.017,0.16
2023-04-21,1.468,1.447,1.479,1.446,238368,32287980.0,2.25,-1.5,-0.022,0.2
2023-04-24,1.453,1.455,1.464,1.447,220090,29615528.0,1.17,0.55,0.008,0.18
2023-04-25,1.456,1.462,1.467,1.449,222112,29922776.0,1.24,0.48,0.007,0.19
2023-04-26,1.465,1.445,1.465,1.433,216760,28992933.0,2.19,-1.16,-0.017,0.18
2023-04-27,1.446,1.454,1.457,1.437,188622,25216465.0,1.38,0.62,0.009,0.16
2023-04-28,1.456,1.467,1.471,1.454,178364,24084860.0,1.17,0.89,0.013,0.15
2023-05-04,1.468,1.489,1.494,1.452,192002,26185690.0,2.86,1.5,0.022,0.16
2023-05-05,1.489,1.489,1.505,1.482,179017,24754154.0,1.54,0.0,0.0,0.15
2023-05-08,1.486,1.526,1.536,1.486,267503,37654047.0,3.36,2.48,0.037,0.22
2023-05-09,1.526,1.511,1.542,1.509,214263,30369108.0,2.16,-0.98,-0.015,0.18
2023-05-10,1.508,1.478,1.509,1.473,173523,23969846.0,2.38,-2.18,-0.033,0.15
2023-05-11,1.486,1.471,1.489,1.47,201274,27507177.0,1.29,-0.47,-0.007,0.17
2023-05-12,1.486,1.462,1.486,1.462,179003,24358760.0,1.63,-0.61,-0.009,0.15
2023-05-15,1.455,1.467,1.469,1.434,200018,26779993.0,2.39,0.34,0.005,0.17
2023-05-16,1.467,1.457,1.473,1.455,164136,22242175.0,1.23,-0.68,-0.01,0.14
2023-05-17,1.457,1.455,1.462,1.447,178073,23901873.0,1.03,-0.14,-0.002,0.15
2023-05-18,1.462,1.469,1.48,1.459,278304,37895670.0,1.44,0.96,0.014,0.23
2023-05-19,1.468,1.451,1.468,1.449,200606,27014974.0,1.29,-1.23,-0.018,0.17
2023-05-22,1.462,1.45,1.462,1.446,170134,22843826.0,1.1,-0.07,-0.001,0.14
2023-05-23,1.46,1.432,1.46,1.432,204808,27326778.0,1.93,-1.24,-0.018,0.17
2023-05-24,1.438,1.406,1.438,1.405,179448,23465164.0,2.3,-1.82,-0.026,0.15
2023-05-25,1.407,1.409,1.411,1.394,261319,33837574.0,1.21,0.21,0.003,0.22
2023-05-26,1.41,1.418,1.423,1.405,148073,19296652.0,1.28,0.64,0.009,0.12
2023-05-29,1.426,1.441,1.445,1.418,161742,21419804.0,1.9,1.62,0.023,0.14
2023-05-30,1.44,1.449,1.451,1.433,195184,25984443.0,1.25,0.56,0.008,0.16
2023-05-31,1.452,1.447,1.452,1.442,230536,30806753.0,0.69,-0.14,-0.002,0.19
2023-06-01,1.447,1.443,1.454,1.437,163806,21866139.0,1.17,-0.28,-0.004,0.14
2023-06-02,1.45,1.451,1.452,1.444,235551,31516049.0,0.55,0.55,0.008,0.2
2023-06-05,1.466,1.456,1.466,1.445,158563,21281618.0,1.45,0.34,0.005,0.13
2023-06-06,1.458,1.446,1.467,1.441,167462,22529227.0,1.79,-0.69,-0.01,0.14
2023-06-07,1.439,1.454,1.456,1.439,155608,20882536.0,1.18,0.55,0.008,0.13
2023-06-08,1.456,1.475,1.475,1.446,180150,24304642.0,1.99,1.44,0.021,0.15
2023-06-09,1.475,1.483,1.483,1.468,227463,31015746.0,1.02,0.54,0.008,0.19
2023-06-12,1.485,1.466,1.485,1.466,308525,42089838.0,1.28,-1.15,-0.017,0.26
2023-06-13,1.473,1.47,1.473,1.464,169150,22970259.0,0.61,0.27,0.004,0.14
2023-06-14,1.475,1.467,1.481,1.466,164397,22418390.0,1.02,-0.2,-0.003,0.14
2023-06-15,1.474,1.47,1.475,1.464,156603,21268950.0,0.75,0.2,0.003,0.13
2023-06-16,1.47,1.471,1.477,1.469,175060,23859221.0,0.54,0.07,0.001,0.15
2023-06-19,1.477,1.468,1.477,1.459,155553,21081870.0,1.22,-0.2,-0.003,0.13
2023-06-20,1.471,1.456,1.471,1.454,137283,18543621.0,1.16,-0.82,-0.012,0.12
2023-06-21,1.456,1.449,1.461,1.445,194400,26092847.0,1.1,-0.48,-0.007,0.16
2023-06-26,1.449,1.426,1.449,1.425,175999,23305193.0,1.66,-1.59,-0.023,0.15
2023-06-27,1.431,1.449,1.452,1.426,194500,25840884.0,1.82,1.61,0.023,0.16
2023-06-28,1.449,1.455,1.457,1.442,185161,24785481.0,1.04,0.41,0.006,0.16
2023-06-29,1.455,1.46,1.462,1.452,141989,19123381.0,0.69,0.34,0.005,0.12
2023-06-30,1.46,1.469,1.47,1.457,157859,21346764.0,0.89,0.62,0.009,0.13
2023-07-03,1.472,1.483,1.483,1.47,140211,19135025.0,0.88,0.95,0.014,0.12
2023-07-04,1.483,1.474,1.483,1.469,222131,30348900.0,0.94,-0.61,-0.009,0.19
2023-07-05,1.475,1.471,1.477,1.468,217632,29642265.0,0.61,-0.2,-0.003,0.18
2023-07-06,1.474,1.468,1.477,1.466,138043,18806254.0,0.75,-0.2,-0.003,0.12
2023-07-07,1.467,1.472,1.475,1.465,116098,15764823.0,0.68,0.27,0.004,0.1
2023-07-10,1.472,1.474,1.477,1.466,126943,17267431.0,0.75,0.14,0.002,0.11
2023-07-11,1.472,1.478,1.479,1.47,116634,15916839.0,0.61,0.27,0.004,0.1
2023-07-12,1.485,1.467,1.486,1.455,126904,17343922.0,2.1,-0.74,-0.011,0.11
2023-07-13,1.474,1.498,1.498,1.473,226030,31131781.0,1.7,2.11,0.031,0.19
2023-07-14,1.499,1.51,1.515,1.497,126096,17571182.0,1.2,0.8,0.012,0.11
2023-07-17,1.51,1.506,1.51,1.497,151869,21125108.0,0.86,-0.26,-0.004,0.13
2023-07-18,1.506,1.503,1.506,1.497,156230,21753115.0,0.6,-0.2,-0.003,0.13
2023-07-19,1.505,1.506,1.508,1.498,152663,21245912.0,0.67,0.2,0.003,0.13
2023-07-20,1.513,1.494,1.513,1.49,172650,24049668.0,1.53,-0.8,-0.012,0.14
2023-07-21,1.492,1.492,1.496,1.487,161149,22268367.0,0.6,-0.13,-0.002,0.14
2023-07-24,1.499,1.495,1.5,1.485,149889,20721732.0,1.01,0.2,0.003,0.13
2023-07-25,1.496,1.514,1.514,1.496,174530,24396763.0,1.2,1.27,0.019,0.15
2023-07-26,1.521,1.505,1.521,1.502,195093,27277566.0,1.25,-0.59,-0.009,0.16
2023-07-27,1.512,1.5,1.514,1.498,159548,22288430.0,1.06,-0.33,-0.005,0.13
2023-07-28,1.502,1.528,1.529,1.499,145486,20342380.0,2.0,1.87,0.028,0.12
2023-07-31,1.535,1.534,1.541,1.525,211158,30060554.0,1.05,0.39,0.006,0.18
2023-08-01,1.533,1.529,1.539,1.528,230735,32805494.0,0.72,-0.33,-0.005,0.19
2023-08-02,1.535,1.517,1.535,1.513,201999,28531843.0,1.44,-0.78,-0.012,0.17
2023-08-03,1.514,1.524,1.524,1.509,203010,28540217.0,0.99,0.46,0.007,0.17
2023-08-04,1.527,1.524,1.537,1.522,191734,27209461.0,0.98,0.0,0.0,0.16
2023-08-07,1.524,1.512,1.524,1.51,207456,29132023.0,0.92,-0.79,-0.012,0.17
2023-08-08,1.517,1.511,1.517,1.504,265725,37165600.0,0.86,-0.07,-0.001,0.22
2023-08-09,1.511,1.512,1.512,1.506,322366,45094371.0,0.4,0.07,0.001,0.27
2023-08-10,1.511,1.513,1.515,1.506,164076,22983897.0,0.6,0.07,0.001,0.14
2023-08-11,1.515,1.49,1.515,1.489,191388,26613217.0,1.72,-1.52,-0.023,0.16
2023-08-14,1.487,1.485,1.51,1.474,208911,28678990.0,2.42,-0.34,-0.005,0.18
2023-08-15,1.497,1.498,1.501,1.484,246983,34120933.0,1.14,0.88,0.013,0.21
2023-08-16,1.504,1.498,1.504,1.49,277915,38514348.0,0.93,0.0,0.0,0.23
2023-08-17,1.492,1.495,1.499,1.486,245873,33945016.0,0.87,-0.2,-0.003,0.21
2023-08-18,1.497,1.493,1.506,1.493,307875,42812152.0,0.87,-0.13,-0.002,0.26
2023-08-21,1.486,1.484,1.501,1.483,402379,55655939.0,1.21,-0.6,-0.009,0.34
2023-08-22,1.485,1.493,1.494,1.478,227103,31236432.0,1.08,0.61,0.009,0.19
2023-08-23,1.493,1.486,1.497,1.486,235071,32463042.0,0.74,-0.47,-0.007,0.2
2023-08-24,1.49,1.48,1.491,1.477,198899,27375078.0,0.94,-0.4,-0.006,0.17
2023-08-25,1.478,1.483,1.491,1.476,236899,32520651.0,1.01,0.2,0.003,0.2
2023-08-28,1.526,1.495,1.541,1.488,271143,37862923.0,3.57,0.81,0.012,0.23
2023-08-29,1.502,1.488,1.502,1.479,319459,44071199.0,1.54,-0.47,-0.007,0.27
2023-08-30,1.484,1.482,1.49,1.479,481132,66205873.0,0.74,-0.4,-0.006,0.4
2023-08-31,1.481,1.482,1.489,1.476,262631,36019433.0,0.88,0.0,0.0,0.22
2023-09-01,1.484,1.494,1.494,1.482,206053,28431734.0,0.81,0.81,0.012,0.17
2023-09-04,1.494,1.52,1.52,1.494,338038,47316576.0,1.74,1.74,0.026,0.28
2023-09-05,1.52,1.51,1.52,1.503,242005,33840519.0,1.12,-0.66,-0.01,0.2
2023-09-06,1.509,1.506,1.509,1.5,278947,38859982.0,0.6,-0.26,-0.004,0.23
2023-09-07,1.506,1.497,1.51,1.497,318509,44417238.0,0.86,-0.6,-0.009,0.27
2023-09-08,1.5,1.492,1.5,1.488,273565,37839676.0,0.8,-0.33,-0.005,0.23
2023-09-11,1.488,1.506,1.507,1.488,222510,30916042.0,1.27,0.94,0.014,0.19
2023-09-12,1.506,1.504,1.506,1.501,202012,28147594.0,0.33,-0.13,-0.002,0.17
2023-09-13,1.504,1.506,1.511,1.499,293512,40937156.0,0.8,0.13,0.002,0.25
2023-09-14,1.508,1.517,1.518,1.503,279752,39149172.0,1.0,0.73,0.011,0.23
2023-09-15,1.523,1.51,1.523,1.504,258945,36349064.0,1.25,-0.46,-0.007,0.22
2023-09-18,1.504,1.509,1.512,1.5,239272,33381117.0,0.79,-0.07,-0.001,0.2
2023-09-19,1.509,1.519,1.522,1.509,219978,30953387.0,0.86,0.66,0.01,0.18
2023-09-20,1.524,1.523,1.526,1.516,271757,38338920.0,0.66,0.26,0.004,0.23
2023-09-21,1.522,1.517,1.524,1.51,306586,43108719.0,0.92,-0.39,-0.006,0.26
2023-09-22,1.516,1.523,1.524,1.508,235692,33087223.0,1.05,0.4,0.006,0.2
2023-09-25,1.523,1.523,1.527,1.516,250340,35379819.0,0.72,0.0,0.0,0.21
2023-09-26,1.526,1.518,1.526,1.514,301272,42424916.0,0.79,-0.33,-0.005,0.25
2023-09-27,1.514,1.511,1.518,1.505,296864,41585197.0,0.86,-0.46,-0.007,0.25
2023-09-28,1.512,1.505,1.512,1.502,175876,24544996.0,0.66,-0.4,-0.006,0.15
2023-10-09,1.502,1.5,1.503,1.488,259090,35905454.0,1.0,-0.33,-0.005,0.22
2023-10-10,1.502,1.49,1.505,1.489,293021,40528505.0,1.07,-0.67,-0.01,0.25
2023-10-11,1.492,1.483,1.493,1.482,326317,44978278.0,0.74,-0.47,-0.007,0.27
2023-10-12,1.488,1.497,1.498,1.486,227988,31559346.0,0.81,0.94,0.014,0.19
2023-10-13,1.495,1.494,1.497,1.488,256218,35428593.0,0.6,-0.2,-0.003,0.22
2023-10-16,1.495,1.496,1.497,1.489,225806,31230215.0,0.54,0.13,0.002,0.19
2023-10-17,1.496,1.504,1.504,1.495,230690,32050423.0,0.6,0.53,0.008,0.19
2023-10-18,1.504,1.499,1.507,1.497,266105,37042037.0,0.66,-0.33,-0.005,0.22
2023-10-19,1.497,1.467,1.497,1.467,227622,31141681.0,2.0,-2.13,-0.032,0.19
2023-10-20,1.467,1.466,1.47,1.46,404632,54789419.0,0.68,-0.07,-0.001,0.34
2023-10-23,1.461,1.448,1.462,1.442,249454,33516325.0,1.36,-1.23,-0.018,0.21
2023-10-24,1.447,1.456,1.456,1.444,193420,25876243.0,0.83,0.55,0.008,0.16
2023-10-25,1.462,1.463,1.466,1.458,282903,38220005.0,0.55,0.48,0.007,0.24
2023-10-26,1.464,1.472,1.473,1.454,259699,35158508.0,1.3,0.62,0.009,0.22
2023-10-27,1.471,1.48,1.483,1.471,235549,32235867.0,0.82,0.54,0.008,0.2
2023-10-30,1.48,1.46,1.48,1.456,421872,56992352.0,1.62,-1.35,-0.02,0.35
2023-10-31,1.459,1.457,1.46,1.45,297775,39980840.0,0.68,-0.21,-0.003,0.25
2023-11-01,1.457,1.457,1.459,1.45,214679,28857405.0,0.62,0.0,0.0,0.18
2023-11-02,1.46,1.457,1.466,1.455,181711,24539614.0,0.75,0.0,0.0,0.15
2023-11-03,1.461,1.455,1.463,1.454,297097,40073736.0,0.62,-0.14,-0.002,0.25
2023-11-06,1.453,1.448,1.457,1.446,239168,32019074.0,0.76,-0.48,-0.007,0.2
2023-11-07,1.448,1.448,1.45,1.442,165144,22045227.0,0.55,0.0,0.0,0.14
2023-11-08,1.447,1.443,1.447,1.437,324344,43191874.0,0.69,-0.35,-0.005,0.27
2023-11-09,1.438,1.448,1.448,1.438,303314,40488813.0,0.69,0.35,0.005,0.25
2023-11-10,1.448,1.441,1.448,1.436,199392,26500967.0,0.83,-0.48,-0.007,0.17
2023-11-13,1.441,1.439,1.442,1.431,187897,24901778.0,0.76,-0.14,-0.002,0.16
2023-11-14,1.439,1.442,1.443,1.436,224763,29901453.0,0.49,0.21,0.003,0.19
2023-11-15,1.444,1.449,1.449,1.443,189128,25276285.0,0.42,0.49,0.007,0.16
2023-11-16,1.449,1.445,1.45,1.444,1393887,186437888.0,0.41,-0.28,-0.004,1.17
2023-11-17,1.446,1.444,1.446,1.438,172069,22904614.0,0.55,-0.07,-0.001,0.14
2023-11-20,1.444,1.446,1.448,1.44,110161,14705240.0,0.55,0.14,0.002,0.09
2023-11-21,1.446,1.453,1.459,1.446,309486,41619727.0,0.9,0.48,0.007,0.26
2023-11-22,1.452,1.448,1.455,1.448,135840,18218715.0,0.48,-0.34,-0.005,0.11
2023-11-23,1.453,1.452,1.453,1.444,157896,21139187.0,0.62,0.28,0.004,0.13
2023-11-24,1.452,1.454,1.454,1.45,216660,29066574.0,0.28,0.14,0.002,0.18
2023-11-27,1.457,1.451,1.458,1.442,160502,21454911.0,1.1,-0.21,-0.003,0.13
2023-11-28,1.453,1.451,1.453,1.444,156383,20931635.0,0.62,0.0,0.0,0.13
2023-11-29,1.45,1.443,1.451,1.441,145770,19450220.0,0.69,-0.55,-0.008,0.12
2023-11-30,1.443,1.451,1.451,1.442,147748,19758248.0,0.62,0.55,0.008,0.12
2023-12-01,1.449,1.45,1.452,1.445,137127,18365805.0,0.48,-0.07,-0.001,0.12
2023-12-04,1.45,1.448,1.452,1.421,159555,21357947.0,2.14,-0.14,-0.002,0.13
2023-12-05,1.446,1.432,1.448,1.431,177196,23591011.0,1.17,-1.1,-0.016,0.15
2023-12-06,1.432,1.425,1.432,1.42,180143,23702748.0,0.84,-0.49,-0.007,0.15
2023-12-07,1.426,1.428,1.433,1.418,371156,48821955.0,1.05,0.21,0.003,0.31
2023-12-08,1.428,1.431,1.438,1.426,168202,22266166.0,0.84,0.21,0.003,0.14
2023-12-11,1.429,1.43,1.436,1.41,200857,26291458.0,1.82,-0.07,-0.001,0.17
2023-12-12,1.43,1.437,1.439,1.426,200777,26603786.0,0.91,0.49,0.007,0.17
2023-12-13,1.439,1.428,1.443,1.428,268312,35522791.0,1.04,-0.63,-0.009,0.23
2023-12-14,1.428,1.429,1.435,1.427,232328,30660039.0,0.56,0.07,0.001,0.2
2023-12-15,1.433,1.42,1.433,1.419,145934,19216058.0,0.98,-0.63,-0.009,0.12
2023-12-18,1.429,1.419,1.429,1.413,253448,29639649.0,1.13,-0.07,-0.001,0.21
2023-12-19,1.419,1.415,1.419,1.411,439351,51095523.0,0.56,-0.28,-0.004,0.37
2023-12-20,1.416,1.411,1.422,1.41,177160,20679261.0,0.85,-0.28,-0.004,0.15
2023-12-21,1.411,1.414,1.414,1.403,328754,38078211.0,0.78,0.21,0.003,0.28
2023-12-22,1.414,1.416,1.42,1.411,166595,19416960.0,0.64,0.14,0.002,0.14
2023-12-25,1.415,1.417,1.418,1.411,202143,23517204.0,0.49,0.07,0.001,0.17
2023-12-26,1.418,1.421,1.422,1.417,275479,32232528.0,0.35,0.28,0.004,0.23
2023-12-27,1.42,1.428,1.428,1.415,324475,37988145.0,0.91,0.49,0.007,0.27
2023-12-28,1.426,1.428,1.432,1.425,429526,50623365.0,0.49,0.0,0.0,0.36
2023-12-29,1.427,1.43,1.432,1.426,425302,50114553.0,0.42,0.14,0.002,0.36
2024-01-02,1.43,1.436,1.441,1.43,198398,23570863.0,0.77,0.42,0.006,0.17
2024-01-03,1.443,1.446,1.446,1.435,176549,21044457.0,0.77,0.7,0.01,0.15
2024-01-04,1.444,1.448,1.45,1.439,241241,28809395.0,0.76,0.14,0.002,0.2
2024-01-05,1.447,1.451,1.463,1.444,199946,24134299.0,1.31,0.21,0.003,0.17
2024-01-08,1.452,1.441,1.452,1.44,206513,24669975.0,0.83,-0.69,-0.01,0.17
2024-01-09,1.434,1.448,1.448,1.433,220039,26198549.0,1.04,0.49,0.007,0.18
2024-01-10,1.449,1.448,1.449,1.444,167861,20096251.0,0.35,0.0,0.0,0.14
2024-01-11,1.448,1.444,1.448,1.44,210646,25163919.0,0.55,-0.28,-0.004,0.18
2024-01-12,1.44,1.45,1.455,1.439,190261,22857616.0,1.11,0.42,0.006,0.16
2024-01-15,1.451,1.461,1.463,1.449,303156,36591970.0,0.97,0.76,0.011,0.25
2024-01-16,1.463,1.468,1.468,1.455,296759,35946096.0,0.89,0.48,0.007,0.25
2024-01-17,1.468,1.453,1.468,1.452,201697,24492046.0,1.09,-1.02,-0.015,0.17
2024-01-18,1.452,1.451,1.452,1.419,463535,54938018.0,2.27,-0.14,-0.002,0.39
2024-01-19,1.447,1.447,1.452,1.438,291881,34924307.0,0.96,-0.28,-0.004,0.25
2024-01-22,1.448,1.424,1.448,1.415,241106,28679005.0,2.28,-1.59,-0.023,0.2
2024-01-23,1.414,1.426,1.432,1.41,261653,30573844.0,1.54,0.14,0.002,0.22
2024-01-24,1.432,1.451,1.453,1.429,248647,29547933.0,1.68,1.75,0.025,0.21
2024-01-25,1.455,1.48,1.481,1.455,376606,45995756.0,1.79,2.0,0.029,0.32
2024-01-26,1.484,1.498,1.499,1.478,898591,111327056.0,1.42,1.22,0.018,0.75
2024-01-29,1.499,1.507,1.517,1.498,394203,49532616.0,1.27,0.6,0.009,0.33
2024-01-30,1.509,1.495,1.512,1.492,461881,57857211.0,1.33,-0.8,-0.012,0.39
2024-01-31,1.49,1.496,1.501,1.486,278576,34702269.0,1.0,0.07,0.001,0.23
2024-02-01,1.495,1.49,1.496,1.484,271089,33655569.0,0.8,-0.4,-0.006,0.23
2024-02-02,1.49,1.49,1.504,1.465,437263,54405463.0,2.62,0.0,0.0,0.37
2024-02-05,1.475,1.508,1.509,1.472,478673,59462754.0,2.48,1.21,0.018,0.4
2024-02-06,1.507,1.524,1.525,1.493,2181967,275341312.0,2.12,1.06,0.016,1.83
2024-02-07,1.518,1.533,1.535,1.51,556435,70860716.0,1.64,0.59,0.009,0.47
2024-02-08,1.533,1.531,1.537,1.523,497114,63700059.0,0.91,-0.13,-0.002,0.42
2024-02-19,1.531,1.55,1.55,1.519,1405487,181542264.0,2.02,1.24,0.019,1.18
2024-02-20,1.551,1.563,1.565,1.543,271321,35464095.0,1.42,0.84,0.013,0.23
2024-02-21,1.562,1.568,1.58,1.556,372178,49019977.0,1.54,0.32,0.005,0.31
2024-02-22,1.566,1.573,1.573,1.56,454335,59848022.0,0.83,0.32,0.005,0.38
2024-02-23,1.573,1.566,1.58,1.563,462262,61012434.0,1.08,-0.45,-0.007,0.39
2024-02-26,1.566,1.544,1.568,1.543,445882,58014270.0,1.6,-1.4,-0.022,0.37
2024-02-27,1.538,1.548,1.553,1.538,387761,50263340.0,0.97,0.26,0.004,0.33
2024-02-28,1.551,1.548,1.559,1.542,327478,42541540.0,1.1,0.0,0.0,0.27
2024-02-29,1.549,1.557,1.559,1.544,260562,33954198.0,0.97,0.58,0.009,0.22
2024-03-01,1.558,1.559,1.563,1.556,199222,26070160.0,0.45,0.13,0.002,0.17
2024-03-04,1.555,1.561,1.562,1.554,235006,30721314.0,0.51,0.13,0.002,0.2
2024-03-05,1.56,1.574,1.576,1.558,233829,30792151.0,1.15,0.83,0.013,0.2
2024-03-06,1.575,1.572,1.58,1.57,288304,38231605.0,0.64,-0.13,-0.002,0.24
2024-03-07,1.571,1.581,1.587,1.571,404901,53780277.0,1.02,0.57,0.009,0.34
2024-03-08,1.582,1.584,1.584,1.574,455235,60556926.0,0.63,0.19,0.003,0.38
2024-03-11,1.584,1.575,1.589,1.566,2168558,286758598.0,1.45,-0.57,-0.009,1.82
2024-03-12,1.573,1.549,1.574,1.548,987662,129340818.0,1.65,-1.65,-0.026,0.83
2024-03-13,1.548,1.545,1.549,1.539,1321972,171320646.0,0.65,-0.26,-0.004,1.11
2024-03-14,1.547,1.549,1.553,1.54,683947,88873123.0,0.84,0.26,0.004,0.57
2024-03-15,1.551,1.553,1.554,1.545,391322,50815565.0,0.58,0.26,0.004,0.33
2024-03-18,1.553,1.553,1.556,1.547,381306,49627523.0,0.58,0.0,0.0,0.32
2024-03-19,1.55,1.548,1.554,1.545,269244,35014995.0,0.58,-0.32,-0.005,0.23
2024-03-20,1.548,1.547,1.551,1.539,217868,28221040.0,0.78,-0.06,-0.001,0.18
2024-03-21,1.547,1.547,1.551,1.545,844771,109614718.0,0.39,0.0,0.0,0.71
2024-03-22,1.547,1.541,1.547,1.533,248379,32007761.0,0.9,-0.39,-0.006,0.21
2024-03-25,1.542,1.547,1.559,1.54,619887,80709541.0,1.23,0.39,0.006,0.52
2024-03-26,1.55,1.552,1.552,1.545,230201,29881941.0,0.45,0.32,0.005,0.19
2024-03-27,1.551,1.552,1.56,1.546,404797,52802512.0,0.9,0.0,0.0,0.34
2024-03-28,1.547,1.544,1.552,1.538,376888,48776821.0,0.9,-0.52,-0.008,0.32
2024-03-29,1.539,1.56,1.56,1.539,667539,87038820.0,1.36,1.04,0.016,0.56
2024-04-01,1.56,1.566,1.566,1.557,417024,54713028.0,0.58,0.38,0.006,0.35
2024-04-02,1.566,1.575,1.576,1.566,284428,37591635.0,0.64,0.57,0.009,0.24
2024-04-03,1.574,1.577,1.577,1.566,671313,88849987.0,0.7,0.13,0.002,0.56
2024-04-08,1.571,1.577,1.588,1.567,371044,49375959.0,1.33,0.0,0.0,0.31
2024-04-09,1.576,1.568,1.578,1.564,438072,57780691.0,0.89,-0.57,-0.009,0.37
2024-04-10,1.568,1.57,1.579,1.566,489940,64836749.0,0.83,0.13,0.002,0.41
2024-04-11,1.569,1.582,1.586,1.562,674943,89810040.0,1.53,0.76,0.012,0.57
2024-04-12,1.582,1.579,1.586,1.576,181834,24210651.0,0.63,-0.19,-0.003,0.15
2024-04-15,1.582,1.606,1.608,1.578,447355,60346341.0,1.9,1.71,0.027,0.38
2024-04-16,1.606,1.611,1.62,1.597,343102,46572982.0,1.43,0.31,0.005,0.29
2024-04-17,1.61,1.626,1.626,1.592,383778,52101939.0,2.11,0.93,0.015,0.32
2024-04-18,1.62,1.626,1.64,1.62,383448,52930613.0,1.23,0.0,0.0,0.32
2024-04-19,1.621,1.636,1.64,1.619,325609,45036211.0,1.29,0.62,0.01,0.27
2024-04-22,1.64,1.614,1.644,1.613,448815,62000389.0,1.89,-1.34,-0.022,0.38
2024-04-23,1.615,1.594,1.619,1.592,386991,52347482.0,1.67,-1.24,-0.02,0.32
2024-04-24,1.592,1.601,1.602,1.588,233125,31306961.0,0.88,0.44,0.007,0.2
2024-04-25,1.602,1.605,1.605,1.594,238287,32146382.0,0.69,0.25,0.004,0.2
2024-04-26,1.605,1.601,1.608,1.587,404539,54516420.0,1.31,-0.25,-0.004,0.34
2024-04-29,1.595,1.594,1.598,1.582,364875,48980976.0,1.0,-0.44,-0.007,0.31
2024-04-30,1.583,1.602,1.606,1.583,215787,29125645.0,1.44,0.5,0.008,0.18
2024-05-06,1.601,1.61,1.611,1.598,225581,30567940.0,0.81,0.5,0.008,0.19
2024-05-07,1.611,1.606,1.611,1.601,331616,44948364.0,0.62,-0.25,-0.004,0.28
2024-05-08,1.601,1.606,1.611,1.601,420529,57009876.0,0.62,0.0,0.0,0.35
2024-05-09,1.601,1.617,1.619,1.601,265077,36068926.0,1.12,0.68,0.011,0.22
2024-05-10,1.619,1.624,1.626,1.615,358408,49039030.0,0.68,0.43,0.007,0.3
2024-05-13,1.62,1.635,1.637,1.618,662805,91012100.0,1.17,0.68,0.011,0.56
2024-05-14,1.632,1.627,1.635,1.624,580846,80214413.0,0.67,-0.49,-0.008,0.49
2024-05-15,1.623,1.617,1.628,1.617,721301,99145891.0,0.68,-0.61,-0.01,0.61
2024-05-16,1.62,1.618,1.627,1.617,417861,57273600.0,0.62,0.06,0.001,0.35
2024-05-17,1.618,1.63,1.631,1.614,486967,66715000.0,1.05,0.74,0.012,0.41
2024-05-20,1.626,1.631,1.637,1.625,344658,47567151.0,0.74,0.06,0.001,0.29
2024-05-21,1.627,1.632,1.633,1.626,234659,32386850.0,0.43,0.06,0.001,0.2
2024-05-22,1.633,1.634,1.643,1.63,394950,54790852.0,0.8,0.12,0.002,0.33
2024-05-23,1.632,1.62,1.634,1.617,228727,31453189.0,1.04,-0.86,-0.014,0.19
2024-05-24,1.619,1.622,1.633,1.618,202526,27877549.0,0.93,0.12,0.002,0.17
2024-05-27,1.622,1.638,1.638,1.622,209827,28988568.0,0.99,0.99,0.016,0.18
2024-05-28,1.639,1.633,1.641,1.63,445560,61743995.0,0.67,-0.31,-0.005,0.37
2024-05-29,1.633,1.63,1.64,1.627,202736,28050975.0,0.8,-0.18,-0.003,0.17
2024-05-30,1.632,1.629,1.644,1.626,220337,30550706.0,1.1,-0.06,-0.001,0.18
2024-05-31,1.631,1.628,1.634,1.625,207364,28578363.0,0.55,-0.06,-0.001,0.17
2024-06-03,1.627,1.618,1.627,1.61,258354,35364994.0,1.04,-0.61,-0.01,0.22
2024-06-04,1.618,1.626,1.627,1.612,285788,39103825.0,0.93,0.49,0.008,0.24
2024-06-05,1.621,1.613,1.625,1.611,204070,27917249.0,0.86,-0.8,-0.013,0.17
2024-06-06,1.614,1.615,1.624,1.611,418896,57279600.0,0.81,0.12,0.002,0.35
2024-06-07,1.615,1.624,1.625,1.614,185599,25405516.0,0.68,0.56,0.009,0.16
2024-06-11,1.623,1.606,1.624,1.6,371552,50532178.0,1.48,-1.11,-0.018,0.31
2024-06-12,1.604,1.613,1.614,1.598,333184,45064810.0,1.0,0.44,0.007,0.28
2024-06-13,1.614,1.602,1.615,1.598,332468,45096109.0,1.05,-0.68,-0.011,0.28
2024-06-14,1.596,1.601,1.605,1.594,178745,24124168.0,0.69,-0.06,-0.001,0.15
2024-06-17,1.601,1.588,1.601,1.584,157238,21066049.0,1.06,-0.81,-0.013,0.13
2024-06-18,1.588,1.595,1.596,1.578,217513,29135479.0,1.13,0.44,0.007,0.18
2024-06-19,1.595,1.594,1.599,1.592,264870,35627630.0,0.44,-0.06,-0.001,0.22
2024-06-20,1.594,1.593,1.598,1.591,341647,45909910.0,0.44,-0.06,-0.001,0.29
2024-06-21,1.594,1.596,1.599,1.59,258744,34784788.0,0.56,0.19,0.003,0.22
2024-06-24,1.595,1.587,1.596,1.582,233062,31188438.0,0.88,-0.56,-0.009,0.2
2024-06-25,1.587,1.595,1.6,1.586,187332,25147183.0,0.88,0.5,0.008,0.16
2024-06-26,1.595,1.598,1.6,1.59,206310,27724920.0,0.63,0.19,0.003,0.17
2024-06-27,1.598,1.601,1.605,1.593,347359,46867242.0,0.75,0.19,0.003,0.29
2024-06-28,1.603,1.613,1.613,1.597,299081,40564377.0,1.0,0.75,0.012,0.25
2024-07-01,1.614,1.629,1.629,1.609,271745,37332060.0,1.24,0.99,0.016,0.23
2024-07-02,1.63,1.633,1.633,1.623,176996,24379147.0,0.61,0.25,0.004,0.15
2024-07-03,1.634,1.623,1.634,1.62,187876,25848207.0,0.86,-0.61,-0.01,0.16
2024-07-04,1.62,1.621,1.631,1.617,264341,36257353.0,0.86,-0.12,-0.002,0.22
2024-07-05,1.618,1.613,1.624,1.602,300928,40985653.0,1.36,-0.49,-0.008,0.25
2024-07-08,1.613,1.611,1.616,1.608,198950,27091989.0,0.5,-0.12,-0.002,0.17
2024-07-09,1.61,1.625,1.628,1.605,179213,24432948.0,1.43,0.87,0.014,0.15
2024-07-10,1.625,1.615,1.626,1.613,298554,40827157.0,0.8,-0.62,-0.01,0.25
2024-07-11,1.621,1.623,1.624,1.615,149654,20500452.0,0.56,0.5,0.008,0.13
2024-07-12,1.623,1.624,1.626,1.621,155444,21348831.0,0.31,0.06,0.001,0.13
2024-07-15,1.622,1.632,1.633,1.616,271317,37281555.0,1.05,0.49,0.008,0.23
2024-07-16,1.631,1.63,1.634,1.623,178778,24655806.0,0.67,-0.12,-0.002,0.15
2024-07-17,1.631,1.63,1.632,1.622,234987,32332971.0,0.61,0.0,0.0,0.2
2024-07-18,1.625,1.636,1.637,1.618,1080472,148689426.0,1.17,0.37,0.006,0.91
2024-07-19,1.637,1.631,1.637,1.623,398533,54893004.0,0.86,-0.31,-0.005,0.33
2024-07-22,1.636,1.619,1.637,1.609,305712,40270710.0,1.72,-0.74,-0.012,0.26
2024-07-23,1.616,1.608,1.619,1.607,606261,79828684.0,0.74,-0.68,-0.011,0.51
2024-07-24,1.604,1.609,1.612,1.601,226619,29626357.0,0.68,0.06,0.001,0.19
2024-07-25,1.609,1.601,1.61,1.593,344491,44869275.0,1.06,-0.5,-0.008,0.29
2024-07-26,1.606,1.6,1.607,1.592,190413,24699554.0,0.94,-0.06,-0.001,0.16
2024-07-29,1.6,1.608,1.609,1.594,179169,23343197.0,0.94,0.5,0.008,0.15
2024-07-30,1.601,1.597,1.604,1.593,218404,28308104.0,0.68,-0.68,-0.011,0.18
2024-07-31,1.597,1.603,1.606,1.596,723595,94121635.0,0.63,0.38,0.006,0.61
2024-08-01,1.6,1.605,1.612,1.6,260622,34066947.0,0.75,0.12,0.002,0.22
2024-08-02,1.605,1.604,1.608,1.599,235980,30771305.0,0.56,-0.06,-0.001,0.2
2024-08-05,1.603,1.592,1.607,1.59,296909,38559197.0,1.06,-0.75,-0.012,0.25
2024-08-06,1.588,1.582,1.593,1.573,230561,29523037.0,1.26,-0.63,-0.01,0.19
2024-08-07,1.581,1.586,1.59,1.578,323063,41484632.0,0.76,0.25,0.004,0.27
2024-08-08,1.587,1.594,1.597,1.584,341010,43964793.0,0.82,0.5,0.008,0.29
2024-08-09,1.595,1.59,1.598,1.589,332043,42974414.0,0.56,-0.25,-0.004,0.28
2024-08-12,1.59,1.588,1.595,1.586,225873,29117346.0,0.57,-0.13,-0.002,0.19
2024-08-13,1.59,1.591,1.594,1.585,156623,20205887.0,0.57,0.19,0.003,0.13
2024-08-14,1.587,1.585,1.59,1.583,126998,16336614.0,0.44,-0.38,-0.006,0.11
2024-08-15,1.586,1.598,1.599,1.581,242025,31260665.0,1.14,0.82,0.013,0.2
2024-08-16,1.6,1.6,1.603,1.596,170204,22113735.0,0.44,0.13,0.002,0.14
2024-08-19,1.602,1.613,1.613,1.6,129040,16895139.0,0.81,0.81,0.013,0.11
2024-08-20,1.614,1.606,1.614,1.601,197015,25723624.0,0.81,-0.43,-0.007,0.17
2024-08-21,1.604,1.6,1.604,1.595,206042,26748598.0,0.56,-0.37,-0.006,0.17
2024-08-22,1.599,1.6,1.603,1.598,239666,31164499.0,0.31,0.0,0.0,0.2
2024-08-23,1.602,1.609,1.609,1.598,129788,16917236.0,0.69,0.56,0.009,0.11
2024-08-26,1.608,1.602,1.609,1.594,335233,43467870.0,0.93,-0.44,-0.007,0.28
2024-08-27,1.602,1.601,1.603,1.598,142700,18556468.0,0.31,-0.06,-0.001,0.12
2024-08-28,1.6,1.591,1.601,1.586,193542,24993836.0,0.94,-0.62,-0.01,0.16
2024-08-29,1.59,1.573,1.59,1.572,196981,25138833.0,1.13,-1.13,-0.018,0.17
2024-08-30,1.576,1.571,1.58,1.565,643147,82043298.0,0.95,-0.13,-0.002,0.54
2024-09-02,1.568,1.567,1.572,1.561,234957,29803060.0,0.7,-0.25,-0.004,0.2
2024-09-03,1.567,1.563,1.568,1.557,415682,52382978.0,0.7,-0.26,-0.004,0.35
2024-09-04,1.561,1.56,1.566,1.557,159351,20103297.0,0.58,-0.19,-0.003,0.13
2024-09-05,1.56,1.56,1.562,1.553,162173,20371059.0,0.58,0.0,0.0,0.14
2024-09-06,1.559,1.552,1.566,1.55,121574,15303129.0,1.03,-0.51,-0.008,0.1
2024-09-09,1.549,1.535,1.549,1.532,135742,16817919.0,1.1,-1.1,-0.017,0.11
2024-09-10,1.534,1.538,1.54,1.529,230483,28446461.0,0.72,0.2,0.003,0.19
2024-09-11,1.536,1.522,1.536,1.517,456517,55819618.0,1.24,-1.04,-0.016,0.38
2024-09-12,1.521,1.522,1.526,1.518,184150,22489692.0,0.53,0.0,0.0,0.15
2024-09-13,1.52,1.519,1.533,1.519,240013,29438139.0,0.92,-0.2,-0.003,0.2
2024-09-18,1.518,1.531,1.531,1.515,396456,48464161.0,1.05,0.79,0.012,0.33
2024-09-19,1.53,1.536,1.54,1.523,127151,15668575.0,1.11,0.33,0.005,0.11
2024-09-20,1.535,1.538,1.538,1.528,81528,10041275.0,0.65,0.13,0.002,0.07
2024-09-23,1.536,1.548,1.549,1.536,86708,10791142.0,0.85,0.65,0.01,0.07
2024-09-24,1.549,1.591,1.592,1.549,193616,24628082.0,2.78,2.78,0.043,0.16
2024-09-25,1.6,1.61,1.632,1.598,265691,35063032.0,2.14,1.19,0.019,0.22
2024-09-26,1.61,1.661,1.661,1.608,144773,19277524.0,3.29,3.17,0.051,0.12
2024-09-27,1.675,1.662,1.689,1.622,188616,25631416.0,4.03,0.06,0.001,0.16
2024-09-30,1.662,1.752,1.785,1.662,758740,107514934.0,7.4,5.42,0.09,0.64
2024-10-08,1.89,1.791,1.89,1.75,349709,52629868.0,7.99,2.23,0.039,0.29
2024-10-09,1.77,1.674,1.77,1.652,227423,31940485.0,6.59,-6.53,-0.117,0.19
2024-10-10,1.689,1.723,1.747,1.682,693754,97730994.0,3.88,2.93,0.049,0.58
2024-10-11,1.73,1.699,1.73,1.686,209074,29519932.0,2.55,-1.39,-0.024,0.18
2024-10-14,1.7,1.729,1.739,1.7,217666,30923793.0,2.3,1.77,0.03,0.18
2024-10-15,1.73,1.703,1.737,1.702,196963,27978265.0,2.02,-1.5,-0.026,0.17
2024-10-16,1.7,1.721,1.73,1.698,359756,50974369.0,1.88,1.06,0.018,0.3
2024-10-17,1.73,1.704,1.733,1.702,137735,19525076.0,1.8,-0.99,-0.017,0.12
2024-10-18,1.703,1.715,1.73,1.681,252308,35401589.0,2.88,0.65,0.011,0.21
2024-10-21,1.728,1.702,1.73,1.688,140810,19668045.0,2.45,-0.76,-0.013,0.12
2024-10-22,1.7,1.707,1.709,1.697,129996,18229679.0,0.71,0.29,0.005,0.11
2024-10-23,1.705,1.711,1.714,1.705,668484,94241712.0,0.53,0.23,0.004,0.56
2024-10-24,1.707,1.7,1.711,1.697,88764,12442813.0,0.82,-0.64,-0.011,0.07
2024-10-25,1.7,1.701,1.705,1.695,220773,30881403.0,0.59,0.06,0.001,0.19
2024-10-28,1.701,1.703,1.703,1.688,197262,27570474.0,0.88,0.12,0.002,0.17
2024-10-29,1.7,1.69,1.709,1.689,198278,27733565.0,1.17,-0.76,-0.013,0.17
2024-10-30,1.69,1.68,1.697,1.674,221341,30652934.0,1.36,-0.59,-0.01,0.19
2024-10-31,1.674,1.678,1.684,1.668,152358,20975936.0,0.95,-0.12,-0.002,0.13
2024-11-01,1.678,1.692,1.698,1.674,215688,29972016.0,1.43,0.83,0.014,0.18
2024-11-04,1.69,1.699,1.7,1.68,177269,24654212.0,1.18,0.41,0.007,0.15
2024-11-05,1.695,1.717,1.718,1.694,228526,32073665.0,1.41,1.06,0.018,0.19
2024-11-06,1.717,1.718,1.722,1.71,302595,42851090.0,0.7,0.06,0.001,0.25
2024-11-07,1.711,1.751,1.752,1.711,250108,35768937.0,2.39,1.92,0.033,0.21
2024-11-08,1.755,1.737,1.76,1.728,201314,28976962.0,1.83,-0.8,-0.014,0.17
2024-11-11,1.735,1.73,1.735,1.709,272710,38756031.0,1.5,-0.4,-0.007,0.23
2024-11-12,1.733,1.733,1.752,1.73,420877,60577200.0,1.27,0.17,0.003,0.35
2024-11-13,1.735,1.74,1.745,1.73,362040,52115787.0,0.87,0.4,0.007,0.3
2024-11-14,1.739,1.72,1.739,1.718,250238,35769520.0,1.21,-1.15,-0.02,0.21
2024-11-15,1.72,1.718,1.729,1.714,619375,87987666.0,0.87,-0.12,-0.002,0.52
2024-11-18,1.727,1.73,1.751,1.724,354498,50951290.0,1.57,0.7,0.012,0.3
2024-11-19,1.729,1.727,1.736,1.713,202844,28868652.0,1.33,-0.17,-0.003,0.17
2024-11-20,1.725,1.729,1.73,1.721,153642,21904603.0,0.52,0.12,0.002,0.13
2024-11-21,1.727,1.728,1.728,1.721,546841,77956472.0,0.4,-0.06,-0.001,0.46
2024-11-22,1.728,1.695,1.73,1.693,286790,40587003.0,2.14,-1.91,-0.033,0.24
2024-11-25,1.691,1.695,1.706,1.69,342995,47951065.0,0.94,0.0,0.0,0.29
2024-11-26,1.689,1.698,1.703,1.689,185183,25848585.0,0.83,0.18,0.003,0.16
2024-11-27,1.697,1.713,1.714,1.689,363344,50962760.0,1.47,0.88,0.015,0.31
2024-11-28,1.713,1.71,1.718,1.709,173678,24546982.0,0.53,-0.18,-0.003,0.15
2024-11-29,1.71,1.724,1.728,1.71,214120,30471484.0,1.05,0.82,0.014,0.18
2024-12-02,1.723,1.727,1.727,1.717,176942,25149864.0,0.58,0.17,0.003,0.15
2024-12-03,1.727,1.743,1.743,1.721,498314,71345823.0,1.27,0.93,0.016,0.42
2024-12-04,1.742,1.743,1.749,1.732,440436,63511347.0,0.98,0.0,0.0,0.37
2024-12-05,1.74,1.743,1.746,1.739,237439,34248162.0,0.4,0.0,0.0,0.2
2024-12-06,1.743,1.765,1.765,1.743,217326,31639637.0,1.26,1.26,0.022,0.18
2024-12-09,1.776,1.77,1.778,1.757,398456,58496691.0,1.19,0.28,0.005,0.33
2024-12-10,1.796,1.771,1.798,1.767,612921,90570649.0,1.75,0.06,0.001,0.51
2024-12-11,1.763,1.771,1.777,1.763,179090,26354513.0,0.79,0.0,0.0,0.15
2024-12-12,1.777,1.797,1.799,1.769,467020,69185083.0,1.69,1.47,0.026,0.39
2024-12-13,1.793,1.774,1.795,1.771,746882,110578440.0,1.34,-1.28,-0.023,0.63
2024-12-16,1.775,1.788,1.795,1.773,519841,77140290.0,1.24,0.79,0.014,0.44
2024-12-17,1.791,1.794,1.806,1.784,738206,106442644.0,1.23,0.34,0.006,0.62
2024-12-18,1.794,1.811,1.818,1.794,822473,119772663.0,1.34,0.95,0.017,0.69
2024-12-19,1.809,1.788,1.809,1.784,1720567,247299894.0,1.38,-1.27,-0.023,1.44
2024-12-20,1.788,1.775,1.788,1.772,1231215,175613597.0,0.89,-0.73,-0.013,1.03
2024-12-23,1.776,1.78,1.79,1.772,752664,107466859.0,1.01,0.28,0.005,0.63
2024-12-24,1.78,1.79,1.79,1.776,534218,76340272.0,0.79,0.56,0.01,0.45
2024-12-25,1.79,1.798,1.8,1.787,856221,123252889.0,0.73,0.45,0.008,0.72
2024-12-26,1.8,1.791,1.803,1.786,1052610,151137891.0,0.95,-0.39,-0.007,0.88
2024-12-27,1.791,1.794,1.795,1.779,1273658,182514036.0,0.89,0.17,0.003,1.07
2024-12-30,1.793,1.801,1.804,1.793,590561,85273338.0,0.61,0.39,0.007,0.5
2024-12-31,1.803,1.793,1.809,1.792,963848,139482124.0,0.94,-0.44,-0.008,0.81
2025-01-02,1.797,1.764,1.8,1.756,1541804,221043736.0,2.45,-1.62,-0.029,1.29
2025-01-03,1.766,1.75,1.768,1.747,1444183,202557293.0,1.19,-0.79,-0.014,1.21
2025-01-06,1.754,1.751,1.754,1.735,861445,119805471.0,1.09,0.06,0.001,0.72
2025-01-07,1.751,1.753,1.753,1.739,567170,79017234.0,0.8,0.11,0.002,0.48
2025-01-08,1.751,1.757,1.762,1.74,1130289,158132755.0,1.25,0.23,0.004,0.95
2025-01-09,1.756,1.745,1.756,1.743,849134,118216992.0,0.74,-0.68,-0.012,0.71
2025-01-10,1.745,1.727,1.747,1.726,794814,109650697.0,1.2,-1.03,-0.018,0.67
2025-01-13,1.72,1.71,1.725,1.703,1294260,176026619.0,1.27,-0.98,-0.017,1.09
2025-01-14,1.712,1.734,1.738,1.712,714347,97828030.0,1.52,1.4,0.024,0.6
2025-01-15,1.735,1.736,1.747,1.73,312020,43187957.0,0.98,0.12,0.002,0.26
2025-01-16,1.741,1.743,1.748,1.736,498036,69071833.0,0.69,0.4,0.007,0.42
2025-01-17,1.742,1.743,1.748,1.732,634488,87978127.0,0.92,0.0,0.0,0.53
2025-01-20,1.748,1.74,1.75,1.738,518381,72069553.0,0.69,-0.17,-0.003,0.44
2025-01-21,1.741,1.733,1.743,1.728,555779,76641917.0,0.86,-0.4,-0.007,0.47
2025-01-22,1.728,1.719,1.733,1.714,556665,75962061.0,1.1,-0.81,-0.014,0.47
2025-01-23,1.725,1.738,1.744,1.725,606699,83827621.0,1.11,1.11,0.019,0.51
2025-01-24,1.739,1.746,1.749,1.729,529116,73170989.0,1.15,0.46,0.008,0.44
2025-01-27,1.743,1.76,1.764,1.743,464912,65261219.0,1.2,0.8,0.014,0.39
2025-02-05,1.765,1.734,1.766,1.732,958662,133281087.0,1.93,-1.48,-0.026,0.8
2025-02-06,1.732,1.735,1.739,1.725,1147750,158065633.0,0.81,0.06,0.001,0.96
2025-02-07,1.732,1.739,1.741,1.727,1195645,164964655.0,0.81,0.23,0.004,1.0
2025-02-10,1.739,1.738,1.744,1.735,648101,89660532.0,0.52,-0.06,-0.001,0.54
2025-02-11,1.738,1.744,1.745,1.738,936149,129870611.0,0.4,0.35,0.006,0.79
2025-02-12,1.744,1.741,1.744,1.734,624013,86329624.0,0.57,-0.17,-0.003,0.52
2025-02-13,1.74,1.739,1.748,1.738,770160,106892292.0,0.57,-0.11,-0.002,0.65
2025-02-14,1.739,1.747,1.748,1.736,750386,104038832.0,0.69,0.46,0.008,0.63
2025-02-17,1.747,1.744,1.748,1.736,724077,100418141.0,0.69,-0.17,-0.003,0.61
2025-02-18,1.744,1.749,1.756,1.742,854460,119152479.0,0.8,0.29,0.005,0.72
2025-02-19,1.748,1.744,1.748,1.74,623591,86565836.0,0.46,-0.29,-0.005,0.52
2025-02-20,1.744,1.739,1.746,1.735,566355,78380320.0,0.63,-0.29,-0.005,0.48
2025-02-21,1.74,1.732,1.74,1.728,586041,80708228.0,0.69,-0.4,-0.007,0.49
2025-02-24,1.732,1.731,1.736,1.728,418890,57672720.0,0.46,-0.06,-0.001,0.35
2025-02-25,1.731,1.72,1.731,1.718,1026842,140750372.0,0.75,-0.64,-0.011,0.86
2025-02-26,1.724,1.73,1.731,1.721,581476,79819708.0,0.58,0.58,0.01,0.49
2025-02-27,1.73,1.744,1.751,1.728,638048,88292542.0,1.33,0.81,0.014,0.54
2025-02-28,1.741,1.736,1.75,1.735,782567,108737817.0,0.86,-0.46,-0.008,0.66
2025-03-03,1.739,1.735,1.742,1.721,752666,103781879.0,1.21,-0.06,-0.001,0.63
2025-03-04,1.736,1.732,1.736,1.728,461637,63580254.0,0.46,-0.17,-0.003,0.39
2025-03-05,1.732,1.739,1.742,1.73,859878,118686713.0,0.69,0.4,0.007,0.72
2025-03-06,1.74,1.737,1.743,1.731,717581,99044932.0,0.69,-0.12,-0.002,0.6
2025-03-07,1.737,1.736,1.74,1.733,570878,78899708.0,0.4,-0.06,-0.001,0.48
2025-03-10,1.738,1.73,1.738,1.726,410500,56453295.0,0.69,-0.35,-0.006,0.34
2025-03-11,1.73,1.735,1.736,1.722,540876,74305305.0,0.81,0.29,0.005,0.45
2025-03-12,1.733,1.73,1.736,1.729,369198,50805086.0,0.4,-0.29,-0.005,0.31
2025-03-13,1.73,1.735,1.74,1.729,641875,88592802.0,0.64,0.29,0.005,0.54
2025-03-14,1.737,1.751,1.752,1.737,699878,97472611.0,0.86,0.92,0.016,0.59
2025-03-17,1.753,1.751,1.754,1.75,790122,110370645.0,0.23,0.0,0.0,0.66
2025-03-18,1.752,1.748,1.752,1.745,588178,81962555.0,0.4,-0.17,-0.003,0.49
2025-03-19,1.748,1.755,1.756,1.746,508226,70990006.0,0.57,0.4,0.007,0.43
2025-03-20,1.755,1.747,1.756,1.745,575577,80325975.0,0.63,-0.46,-0.008,0.48
2025-03-21,1.745,1.747,1.757,1.742,441036,61502502.0,0.86,0.0,0.0,0.37
2025-03-24,1.748,1.756,1.757,1.746,775238,108408015.0,0.63,0.52,0.009,0.65
2025-03-25,1.756,1.766,1.767,1.754,753304,105847278.0,0.74,0.57,0.01,0.63
2025-03-26,1.762,1.761,1.765,1.757,540970,76057469.0,0.45,-0.28,-0.005,0.45
2025-03-27,1.758,1.765,1.769,1.758,728278,102713280.0,0.62,0.23,0.004,0.61
2025-03-28,1.766,1.764,1.767,1.761,919867,129626361.0,0.34,-0.06,-0.001,0.77
2025-03-31,1.767,1.769,1.779,1.763,856081,121177156.0,0.91,0.28,0.005,0.72
2025-04-01,1.769,1.774,1.775,1.764,1232898,174366803.0,0.62,0.28,0.005,1.03
2025-04-02,1.771,1.778,1.78,1.771,898340,127758307.0,0.51,0.23,0.004,0.75
2025-04-03,1.774,1.78,1.782,1.766,646981,91772342.0,0.9,0.11,0.002,0.54
2025-04-07,1.761,1.717,1.764,1.684,1397487,191336004.0,4.49,-3.54,-0.063,1.17
2025-04-08,1.715,1.747,1.749,1.715,1249535,171990818.0,1.98,1.75,0.03,1.05
2025-04-09,1.739,1.743,1.748,1.721,1545063,213359584.0,1.55,-0.23,-0.004,1.3
2025-04-10,1.75,1.751,1.754,1.741,1451953,202161373.0,0.75,0.46,0.008,1.22
2025-04-11,1.747,1.744,1.75,1.736,745115,103359720.0,0.8,-0.4,-0.007,0.63
2025-04-14,1.749,1.749,1.75,1.742,384881,53539407.0,0.46,0.29,0.005,0.32
2025-04-15,1.75,1.76,1.761,1.747,650412,91015967.0,0.8,0.63,0.011,0.55
2025-04-16,1.755,1.773,1.775,1.755,821064,115535226.0,1.14,0.74,0.013,0.69
2025-04-17,1.77,1.773,1.774,1.765,545546,77167356.0,0.51,0.0,0.0,0.46
2025-04-18,1.769,1.775,1.777,1.769,768254,108903673.0,0.45,0.11,0.002,0.64
2025-04-21,1.775,1.77,1.781,1.768,594029,84305989.0,0.73,-0.28,-0.005,0.5
2025-04-22,1.769,1.774,1.779,1.768,498140,70750412.0,0.62,0.23,0.004,0.42
2025-04-23,1.778,1.766,1.778,1.765,664390,93958272.0,0.73,-0.45,-0.008,0.56
2025-04-24,1.766,1.774,1.776,1.764,660795,93699268.0,0.68,0.45,0.008,0.55
2025-04-25,1.774,1.769,1.777,1.765,704692,99693648.0,0.68,-0.28,-0.005,0.59
2025-04-28,1.774,1.781,1.783,1.77,558909,79591125.0,0.73,0.68,0.012,0.47
2025-04-29,1.775,1.775,1.78,1.771,519608,73779167.0,0.51,-0.34,-0.006,0.44
2025-04-30,1.773,1.761,1.775,1.759,1128475,159003328.0,0.9,-0.79,-0.014,0.95
2025-05-06,1.761,1.759,1.764,1.751,1342098,187982277.0,0.74,-0.11,-0.002,1.13
2025-05-07,1.762,1.77,1.771,1.761,548878,77487745.0,0.57,0.63,0.011,0.46
2025-05-08,1.77,1.774,1.776,1.767,648629,91939471.0,0.51,0.23,0.004,0.54
2025-05-09,1.775,1.783,1.784,1.774,960714,136983619.0,0.56,0.51,0.009,0.81
2025-05-12,1.781,1.784,1.788,1.778,688036,98295742.0,0.56,0.06,0.001,0.58
2025-05-13,1.784,1.792,1.794,1.783,616485,88371098.0,0.62,0.45,0.008,0.52
2025-05-14,1.792,1.799,1.799,1.786,1080625,155177047.0,0.73,0.39,0.007,0.91
2025-05-15,1.799,1.794,1.803,1.794,611576,88215358.0,0.5,-0.28,-0.005,0.51
2025-05-16,1.794,1.787,1.795,1.779,585957,83934081.0,0.89,-0.39,-0.007,0.49
2025-05-19,1.788,1.793,1.794,1.788,806273,115901097.0,0.34,0.34,0.006,0.68
2025-05-20,1.795,1.798,1.8,1.793,583703,84167063.0,0.39,0.28,0.005,0.49
2025-05-21,1.795,1.807,1.81,1.795,703246,101952612.0,0.83,0.5,0.009,0.59
2025-05-22,1.805,1.81,1.811,1.801,550389,79945148.0,0.55,0.17,0.003,0.46
2025-05-23,1.812,1.799,1.818,1.798,781416,113587035.0,1.1,-0.61,-0.011,0.66
2025-05-26,1.795,1.79,1.801,1.787,1197853,172519236.0,0.78,-0.5,-0.009,1.01
2025-05-27,1.79,1.792,1.796,1.788,913705,131355834.0,0.45,0.11,0.002,0.77
2025-05-28,1.792,1.795,1.797,1.79,767151,110317799.0,0.39,0.17,0.003,0.64
2025-05-29,1.798,1.794,1.798,1.792,950051,136679272.0,0.33,-0.06,-0.001,0.8
2025-05-30,1.794,1.803,1.804,1.793,1123514,162262611.0,0.61,0.5,0.009,0.94
2025-06-03,1.798,1.806,1.809,1.793,649495,93961287.0,0.89,0.17,0.003,0.55
2025-06-04,1.806,1.811,1.812,1.805,615791,89527374.0,0.39,0.28,0.005,0.52
2025-06-05,1.812,1.802,1.814,1.799,702696,101833833.0,0.83,-0.5,-0.009,0.59
2025-06-06,1.802,1.803,1.806,1.801,1429651,207058846.0,0.28,0.06,0.001,1.2
2025-06-09,1.802,1.805,1.806,1.799,887016,128319769.0,0.39,0.11,0.002,0.74
2025-06-10,1.805,1.806,1.816,1.801,980456,142414062.0,0.83,0.06,0.001,0.82
2025-06-11,1.806,1.811,1.812,1.805,1026439,149129059.0,0.39,0.28,0.005,0.86
2025-06-12,1.809,1.81,1.811,1.803,602861,87604340.0,0.44,-0.06,-0.001,0.51
2025-06-13,1.808,1.803,1.811,1.8,1323222,191962950.0,0.61,-0.39,-0.007,1.11
2025-06-16,1.802,1.805,1.807,1.799,1911702,276499613.0,0.44,0.11,0.002,1.6
2025-06-17,1.805,1.805,1.811,1.802,800580,116254647.0,0.5,0.0,0.0,0.67
2025-06-18,1.805,1.809,1.81,1.802,805123,116853318.0,0.44,0.22,0.004,0.68
2025-06-19,1.808,1.805,1.809,1.8,849707,123250914.0,0.5,-0.22,-0.004,0.71
2025-06-20,1.802,1.816,1.817,1.802,1182309,172159598.0,0.83,0.61,0.011,0.99
2025-06-23,1.814,1.818,1.819,1.803,987839,143952104.0,0.88,0.11,0.002,0.83
2025-06-24,1.814,1.82,1.823,1.813,1205696,176405780.0,0.55,0.11,0.002,1.01
2025-06-25,1.82,1.826,1.828,1.814,1291660,189378383.0,0.77,0.33,0.006,1.08
2025-06-26,1.824,1.831,1.833,1.823,784931,115642203.0,0.55,0.27,0.005,0.66
2025-06-27,1.828,1.817,1.838,1.813,1195824,175917862.0,1.37,-0.76,-0.014,1.0
2025-06-30,1.817,1.815,1.818,1.809,2020896,294752887.0,0.5,-0.11,-0.002,1.7
2025-07-01,1.815,1.823,1.824,1.815,1082162,158632814.0,0.5,0.44,0.008,0.91
2025-07-02,1.823,1.836,1.837,1.823,1256332,185498298.0,0.77,0.71,0.013,1.05
2025-07-03,1.838,1.836,1.841,1.831,991496,146879977.0,0.54,0.0,0.0,0.83
2025-07-04,1.837,1.85,1.854,1.836,1111942,165657358.0,0.98,0.76,0.014,0.93
2025-07-07,1.85,1.851,1.851,1.843,728777,108809165.0,0.43,0.05,0.001,0.61
2025-07-08,1.85,1.847,1.855,1.843,1217992,182008873.0,0.65,-0.22,-0.004,1.02
2025-07-09,1.848,1.857,1.858,1.848,1773120,265705489.0,0.54,0.54,0.01,1.49
2025-07-10,1.853,1.864,1.868,1.853,1575279,237176100.0,0.81,0.38,0.007,1.32
2025-07-11,1.864,1.855,1.873,1.853,2106484,317761536.0,1.07,-0.48,-0.009,1.77
2025-07-14,1.855,1.862,1.869,1.854,3184370,480235084.0,0.81,0.38,0.007,2.67
2025-07-15,1.866,1.853,1.866,1.847,3159351,461310742.0,1.02,-0.48,-0.009,2.65
2025-07-16,1.854,1.848,1.854,1.842,2025016,293423697.0,0.65,-0.27,-0.005,1.7
2025-07-17,1.849,1.848,1.853,1.844,3488942,506006574.0,0.49,0.0,0.0,2.93
2025-07-18,1.848,1.854,1.855,1.848,1205137,175006511.0,0.38,0.32,0.006,1.01
2025-07-21,1.855,1.862,1.863,1.855,1224642,178626275.0,0.43,0.43,0.008,1.03
2025-07-22,1.863,1.875,1.876,1.855,1575976,230437259.0,1.13,0.7,0.013,1.32
2025-07-23,1.873,1.871,1.882,1.868,1151383,169892317.0,0.75,-0.21,-0.004,0.97
2025-07-24,1.872,1.865,1.872,1.861,1444615,211576285.0,0.59,-0.32,-0.006,1.21
2025-07-25,1.861,1.856,1.866,1.853,1394113,203689489.0,0.7,-0.48,-0.009,1.17
2025-07-28,1.855,1.85,1.857,1.847,1880276,272844273.0,0.54,-0.32,-0.006,1.58
2025-07-29,1.848,1.842,1.851,1.838,1802109,260439958.0,0.7,-0.43,-0.008,1.51
2025-07-30,1.842,1.851,1.859,1.841,920715,133633860.0,0.98,0.49,0.009,0.77
2025-07-31,1.85,1.83,1.85,1.826,1494019,213771030.0,1.3,-1.13,-0.021,1.25
2025-08-01,1.83,1.828,1.834,1.823,1082893,154636459.0,0.6,-0.11,-0.002,0.91
2025-08-04,1.824,1.833,1.833,1.823,1410553,201703147.0,0.55,0.27,0.005,1.18
2025-08-05,1.832,1.843,1.846,1.831,1242400,178926100.0,0.82,0.55,0.01,1.04
2025-08-06,1.843,1.845,1.848,1.841,650932,93993956.0,0.38,0.11,0.002,0.55
2025-08-07,1.845,1.849,1.85,1.843,767088,110959201.0,0.38,0.22,0.004,0.64
2025-08-08,1.845,1.852,1.855,1.845,549684,79803976.0,0.54,0.16,0.003,0.46
2025-08-11,1.853,1.842,1.853,1.841,1570966,226670894.0,0.65,-0.54,-0.01,1.32
2025-08-12,1.842,1.846,1.853,1.841,924775,133997206.0,0.65,0.22,0.004,0.78
2025-08-13,1.846,1.84,1.849,1.837,1251898,180468723.0,0.65,-0.33,-0.006,1.05
2025-08-14,1.84,1.836,1.846,1.833,1154461,166287245.0,0.71,-0.22,-0.004,0.97
2025-08-15,1.836,1.832,1.836,1.821,1602242,228662697.0,0.82,-0.22,-0.004,1.35
2025-08-18,1.835,1.828,1.835,1.825,1426429,203741957.0,0.55,-0.22,-0.004,1.2
2025-08-19,1.828,1.828,1.83,1.826,1458405,208242767.0,0.22,0.0,0.0,1.22
2025-08-20,1.826,1.837,1.839,1.82,1453952,208133643.0,1.04,0.49,0.009,1.22
2025-08-21,1.838,1.845,1.846,1.833,873081,125923354.0,0.71,0.44,0.008,0.73
2025-08-22,1.845,1.843,1.846,1.832,1057907,152079881.0,0.76,-0.11,-0.002,0.89
2025-08-25,1.843,1.857,1.858,1.84,1336490,193620111.0,0.98,0.76,0.014,1.12
2025-08-26,1.854,1.851,1.857,1.85,833325,121144552.0,0.38,-0.32,-0.006,0.7
2025-08-27,1.854,1.827,1.854,1.825,1348415,193726684.0,1.57,-1.3,-0.024,1.13
2025-08-28,1.827,1.824,1.831,1.812,1010071,143827106.0,1.04,-0.16,-0.003,0.85
2025-08-29,1.825,1.823,1.842,1.822,1228381,175839467.0,1.1,-0.05,-0.001,1.03
2025-09-01,1.823,1.818,1.831,1.815,1439292,204377700.0,0.88,-0.27,-0.005,1.21
2025-09-02,1.817,1.826,1.826,1.816,1333970,189705579.0,0.55,0.44,0.008,1.12
2025-09-03,1.824,1.812,1.829,1.81,780078,110438531.0,1.04,-0.77,-0.014,0.65
2025-09-04,1.811,1.815,1.818,1.799,1270026,178508338.0,1.05,0.17,0.003,1.07
2025-09-05,1.816,1.814,1.816,1.806,737024,103967847.0,0.55,-0.06,-0.001,0.62
2025-09-08,1.815,1.82,1.821,1.808,865780,122755523.0,0.72,0.33,0.006,0.73
2025-09-09,1.819,1.823,1.823,1.816,908844,129067062.0,0.38,0.16,0.003,0.76
2025-09-10,1.824,1.82,1.824,1.815,626020,88875433.0,0.49,-0.16,-0.003,0.53
2025-09-11,1.819,1.827,1.828,1.813,927997,131717256.0,0.82,0.38,0.007,0.78
2025-09-12,1.827,1.817,1.83,1.814,1105541,156863395.0,0.88,-0.55,-0.01,0.93
2025-09-15,1.815,1.807,1.817,1.806,1110915,156715716.0,0.61,-0.55,-0.01,0.93
2025-09-16,1.807,1.8,1.81,1.799,1007365,141440616.0,0.61,-0.39,-0.007,0.85
2025-09-17,1.799,1.805,1.807,1.797,790540,110925084.0,0.56,0.28,0.005,0.66
2025-09-18,1.804,1.785,1.804,1.78,1695240,235845265.0,1.33,-1.11,-0.02,1.42
2025-09-19,1.784,1.789,1.79,1.778,1062655,147133429.0,0.67,0.22,0.004,0.89
2025-09-22,1.789,1.779,1.789,1.775,760551,104990047.0,0.78,-0.56,-0.01,0.64
2025-09-23,1.779,1.785,1.789,1.772,1961001,271098169.0,0.96,0.34,0.006,1.65
2025-09-24,1.785,1.794,1.795,1.782,1335582,185332785.0,0.73,0.5,0.009,1.12
2025-09-25,1.794,1.795,1.797,1.789,1438468,200200116.0,0.45,0.06,0.001,1.21
2025-09-26,1.796,1.796,1.8,1.791,833627,116378939.0,0.5,0.06,0.001,0.7
2025-09-29,1.797,1.795,1.802,1.786,1158079,161209994.0,0.89,-0.06,-0.001,0.97
2025-09-30,1.791,1.787,1.793,1.787,554307,77034572.0,0.33,-0.45,-0.008,0.47
2025-10-09,1.787,1.801,1.802,1.784,1122974,156402927.0,1.01,0.78,0.014,0.94
2025-10-10,1.8,1.818,1.823,1.796,1673409,236246271.0,1.5,0.94,0.017,1.4
2025-10-13,1.808,1.813,1.814,1.791,1258146,176375143.0,1.27,-0.28,-0.005,1.06
2025-10-14,1.812,1.826,1.827,1.806,1887907,267791613.0,1.16,0.72,0.013,1.58
2025-10-15,1.826,1.831,1.833,1.823,1331351,190122201.0,0.55,0.27,0.005,1.12
2025-10-16,1.831,1.84,1.841,1.83,1053159,151330186.0,0.6,0.49,0.009,0.88
2025-10-17,1.838,1.834,1.849,1.83,1463262,210720203.0,1.03,-0.33,-0.006,1.23
2025-10-20,1.833,1.837,1.837,1.822,1505656,215498822.0,0.82,0.16,0.003,1.26
2025-10-21,1.834,1.834,1.84,1.831,1255377,180195139.0,0.49,-0.16,-0.003,1.05
2025-10-22,1.833,1.844,1.846,1.832,939470,135406433.0,0.76,0.55,0.01,0.79
2025-10-23,1.845,1.85,1.853,1.84,1654265,239523651.0,0.7,0.33,0.006,1.39
2025-10-24,1.85,1.845,1.853,1.844,1055130,152810872.0,0.49,-0.27,-0.005,0.89
2025-10-27,1.845,1.854,1.859,1.841,1207442,175139874.0,0.98,0.49,0.009,1.01
2025-10-28,1.853,1.845,1.856,1.844,1922952,278506555.0,0.65,-0.49,-0.009,1.61
2025-10-29,1.848,1.841,1.848,1.833,912357,131373809.0,0.81,-0.22,-0.004,0.77
2025-10-30,1.84,1.851,1.858,1.84,1319957,191559947.0,0.98,0.54,0.01,1.11
2025-10-31,1.849,1.847,1.852,1.84,802533,115924808.0,0.65,-0.22,-0.004,0.67
2025-11-03,1.846,1.859,1.859,1.846,855692,124418388.0,0.7,0.65,0.012,0.72
2025-11-04,1.858,1.864,1.871,1.857,938641,137411957.0,0.75,0.27,0.005,0.79
2025-11-05,1.86,1.86,1.865,1.852,1234761,180467221.0,0.7,-0.21,-0.004,1.04
2025-11-06,1.855,1.871,1.875,1.855,996969,146668807.0,1.08,0.59,0.011,0.84
2025-11-07,1.87,1.872,1.878,1.869,906849,133501997.0,0.48,0.05,0.001,0.76
2025-11-10,1.873,1.885,1.886,1.868,879371,130144244.0,0.96,0.69,0.013,0.74
2025-11-11,1.884,1.881,1.885,1.875,697889,103307571.0,0.53,-0.21,-0.004,0.59
2025-11-12,1.883,1.89,1.895,1.881,1012834,150954129.0,0.74,0.48,0.009,0.85
2025-11-13,1.891,1.885,1.891,1.875,1023145,151522318.0,0.85,-0.26,-0.005,0.86
2025-11-14,1.885,1.88,1.892,1.878,1152379,171270473.0,0.74,-0.27,-0.005,0.97
2025-11-17,1.877,1.867,1.879,1.865,1269249,186482291.0,0.74,-0.69,-0.013,1.07
2025-11-18,1.871,1.861,1.872,1.856,1645479,240564123.0,0.86,-0.32,-0.006,1.38
2025-11-19,1.861,1.87,1.873,1.86,1038982,152506240.0,0.7,0.48,0.009,0.87
2025-11-20,1.867,1.874,1.883,1.865,1148122,169417302.0,0.96,0.21,0.004,0.96
2025-11-21,1.869,1.855,1.875,1.853,1521068,222220965.0,1.17,-1.01,-0.019,1.28
2025-11-24,1.855,1.846,1.86,1.846,1144851,166158347.0,0.75,-0.49,-0.009,0.96
2025-11-25,1.846,1.854,1.855,1.841,1741534,252146284.0,0.76,0.43,0.008,1.46
2025-11-26,1.854,1.849,1.859,1.845,1226164,177678196.0,0.76,-0.27,-0.005,1.03
2025-11-27,1.849,1.853,1.857,1.843,1052768,152671731.0,0.76,0.22,0.004,0.88
2025-11-28,1.85,1.848,1.853,1.846,1003382,145440692.0,0.38,-0.27,-0.005,0.84
2025-12-01,1.849,1.857,1.857,1.848,1115710,162127962.0,0.49,0.49,0.009,0.94
2025-12-02,1.857,1.859,1.861,1.854,883304,128741025.0,0.38,0.11,0.002,0.74
2025-12-03,1.859,1.862,1.868,1.855,857442,125398241.0,0.7,0.16,0.003,0.72
2025-12-04,1.86,1.855,1.864,1.852,709076,103249115.0,0.64,-0.38,-0.007,0.6
2025-12-05,1.856,1.853,1.858,1.846,803225,116601299.0,0.65,-0.11,-0.002,0.67
2025-12-08,1.855,1.846,1.857,1.84,1175618,169880238.0,0.92,-0.38,-0.007,0.99
2025-12-09,1.847,1.835,1.848,1.831,1161718,166939441.0,0.92,-0.6,-0.011,0.98
2025-12-10,1.835,1.831,1.836,1.826,1601816,229295987.0,0.54,-0.22,-0.004,1.34
2025-12-11,1.833,1.825,1.834,1.823,857390,122361377.0,0.6,-0.33,-0.006,0.72
2025-12-12,1.826,1.823,1.826,1.819,1224084,173965547.0,0.38,-0.11,-0.002,1.03
2025-12-15,1.825,1.825,1.83,1.819,1034121,144243071.0,0.6,0.11,0.002,0.87
2025-12-16,1.824,1.82,1.827,1.817,1620599,225583198.0,0.55,-0.27,-0.005,1.36
2025-12-17,1.822,1.827,1.829,1.814,1356424,188662997.0,0.82,0.38,0.007,1.14
2025-12-18,1.826,1.835,1.837,1.821,854340,119534962.0,0.88,0.44,0.008,0.72
2025-12-19,1.835,1.836,1.84,1.83,1323772,186035079.0,0.54,0.05,0.001,1.11
2025-12-22,1.837,1.831,1.838,1.829,1319212,184999501.0,0.49,-0.27,-0.005,1.11
2025-12-23,1.831,1.832,1.837,1.829,707148,99178654.0,0.44,0.05,0.001,0.59
2025-12-24,1.831,1.832,1.832,1.825,712126,99575875.0,0.38,0.0,0.0,0.6
2025-12-25,1.833,1.833,1.837,1.83,960778,134874609.0,0.38,0.05,0.001,0.81
2025-12-26,1.834,1.831,1.834,1.827,801306,112161823.0,0.38,-0.11,-0.002,0.67
2025-12-29,1.829,1.828,1.835,1.828,899061,125881841.0,0.38,-0.16,-0.003,0.75
2025-12-30,1.828,1.825,1.828,1.82,827317,115356682.0,0.44,-0.16,-0.003,0.69
2025-12-31,1.824,1.831,1.831,1.824,758570,106029809.0,0.38,0.33,0.006,0.64
2026-01-05,1.834,1.828,1.835,1.825,1410326,197239822.0,0.55,-0.16,-0.003,1.18
2026-01-06,1.827,1.838,1.838,1.824,1296189,181762760.0,0.77,0.55,0.01,1.09
2026-01-07,1.836,1.842,1.845,1.836,1244084,175527382.0,0.49,0.22,0.004,1.04
2026-01-08,1.842,1.838,1.842,1.834,641038,90185118.0,0.43,-0.22,-0.004,0.54
2026-01-09,1.838,1.844,1.845,1.836,837016,118042215.0,0.49,0.33,0.006,0.7
2026-01-12,1.844,1.843,1.844,1.837,506788,71503371.0,0.38,-0.05,-0.001,0.43
2026-01-13,1.843,1.842,1.851,1.84,870292,123338819.0,0.6,-0.05,-0.001,0.73
2026-01-14,1.841,1.832,1.846,1.831,1102981,155550751.0,0.81,-0.54,-0.01,0.93
2026-01-15,1.828,1.825,1.834,1.822,1175792,164501326.0,0.66,-0.38,-0.007,0.99
2026-01-16,1.826,1.82,1.83,1.815,1201585,167380137.0,0.82,-0.27,-0.005,1.01
2026-01-19,1.815,1.822,1.825,1.815,958472,133271722.0,0.55,0.11,0.002,0.8
2026-01-20,1.823,1.845,1.846,1.821,1815068,255170975.0,1.37,1.26,0.023,1.52
2026-01-21,1.846,1.834,1.846,1.831,1177140,165559760.0,0.81,-0.6,-0.011,0.99
2026-01-22,1.833,1.835,1.84,1.833,1068125,150125336.0,0.38,0.05,0.001,0.9
2026-01-23,1.833,1.829,1.836,1.827,984599,137953179.0,0.49,-0.33,-0.006,0.83
2026-01-26,1.829,1.834,1.837,1.822,1121875,157081173.0,0.82,0.27,0.005,0.94
2026-01-27,1.832,1.821,1.834,1.82,983252,137397944.0,0.76,-0.71,-0.013,0.83
2026-01-28,1.821,1.835,1.843,1.82,1303136,182970274.0,1.26,0.77,0.014,1.09
2026-01-29,1.834,1.855,1.856,1.829,1738319,245077654.0,1.47,1.09,0.02,1.46
2026-01-30,1.855,1.842,1.858,1.838,1134597,161009417.0,1.08,-0.7,-0.013,0.95
2026-02-02,1.837,1.829,1.848,1.826,2552661,359115856.0,1.19,-0.71,-0.013,2.14
2026-02-03,1.829,1.822,1.839,1.814,1550557,215790376.0,1.37,-0.38,-0.007,1.3
2026-02-04,1.819,1.843,1.844,1.819,1221951,171731535.0,1.37,1.15,0.021,1.03
2026-02-05,1.844,1.852,1.855,1.841,1188283,168516649.0,0.76,0.49,0.009,1.0
2026-02-06,1.853,1.848,1.853,1.842,820945,116566008.0,0.59,-0.22,-0.004,0.69
2026-02-09,1.85,1.857,1.857,1.848,801151,114020144.0,0.49,0.49,0.009,0.67
2026-02-10,1.856,1.858,1.859,1.853,684689,97668558.0,0.32,0.05,0.001,0.57
2026-02-11,1.856,1.861,1.862,1.852,508512,72658147.0,0.54,0.16,0.003,0.43
2026-02-12,1.86,1.851,1.861,1.85,802519,114293544.0,0.59,-0.54,-0.01,0.67
2026-02-13,1.853,1.84,1.853,1.837,1370387,193869991.0,0.86,-0.59,-0.011,1.15
2026-02-24,1.844,1.846,1.85,1.842,1108865,157045891.0,0.43,0.33,0.006,0.93
2026-02-25,1.847,1.84,1.856,1.839,1228559,174274220.0,0.92,-0.33,-0.006,1.03
2026-02-26,1.843,1.841,1.85,1.837,763373,107699258.0,0.71,0.05,0.001,0.64
2026-02-27,1.84,1.847,1.85,1.839,784508,111137323.0,0.6,0.33,0.006,0.66
2026-03-02,1.847,1.859,1.861,1.84,1223980,174339927.0,1.14,0.65,0.012,1.03
2026-03-03,1.856,1.866,1.88,1.856,1382237,198467662.0,1.29,0.38,0.007,1.16
2026-03-04,1.866,1.85,1.866,1.842,1366211,193879132.0,1.29,-0.86,-0.016,1.15
2026-03-05,1.853,1.853,1.857,1.845,810218,115162108.0,0.65,0.16,0.003,0.68
2026-03-06,1.854,1.862,1.863,1.849,913930,130181660.0,0.76,0.49,0.009,0.77
2026-03-09,1.867,1.86,1.87,1.859,994164,142420878.0,0.59,-0.11,-0.002,0.83
2026-03-10,1.857,1.858,1.861,1.849,813602,116026698.0,0.65,-0.11,-0.002,0.68
2026-03-11,1.859,1.876,1.88,1.851,1155679,166103800.0,1.56,0.97,0.018,0.97
2026-03-12,1.875,1.885,1.888,1.873,1326313,192468045.0,0.8,0.48,0.009,1.11
2026-03-13,1.885,1.887,1.896,1.882,1255129,182934486.0,0.74,0.11,0.002,1.05
2026-03-16,1.887,1.891,1.894,1.882,1310420,191240915.0,0.64,0.21,0.004,1.1
2026-03-17,1.888,1.896,1.899,1.888,1070953,156891823.0,0.58,0.26,0.005,0.9
2026-03-18,1.894,1.887,1.899,1.878,2048892,298486928.0,1.11,-0.47,-0.009,1.72
2026-03-19,1.882,1.886,1.893,1.879,1357699,197790216.0,0.74,-0.05,-0.001,1.14
2026-03-20,1.884,1.873,1.889,1.871,1555590,225803111.0,0.95,-0.69,-0.013,1.31
2026-03-23,1.867,1.831,1.87,1.827,2063571,291752867.0,2.3,-2.24,-0.042,1.73
2026-03-24,1.839,1.859,1.862,1.834,1756845,248800150.0,1.53,1.53,0.028,1.47
2026-03-25,1.86,1.865,1.867,1.844,1641070,233999945.0,1.24,0.32,0.006,1.38
2026-03-26,1.864,1.866,1.873,1.864,1012920,145673818.0,0.48,0.05,0.001,0.85
2026-03-27,1.865,1.865,1.87,1.858,1104269,158351114.0,0.64,-0.05,-0.001,0.93
2026-03-30,1.857,1.867,1.868,1.855,1074509,153796238.0,0.7,0.11,0.002,0.9
2026-03-31,1.867,1.867,1.879,1.865,1241087,178947593.0,0.75,0.0,0.0,1.04
2026-04-01,1.869,1.87,1.874,1.866,1334307,192022195.0,0.43,0.16,0.003,1.12
2026-04-02,1.868,1.875,1.875,1.866,905940,130614232.0,0.48,0.27,0.005,0.76
2026-04-03,1.875,1.858,1.875,1.854,980261,140173697.0,1.12,-0.91,-0.017,0.82
2026-04-07,1.859,1.849,1.859,1.845,1586756,225448671.0,0.75,-0.48,-0.009,1.33
2026-04-08,1.853,1.86,1.861,1.848,1527449,217254883.0,0.7,0.59,0.011,1.28
2026-04-09,1.855,1.849,1.86,1.848,970096,138020402.0,0.65,-0.59,-0.011,0.81
2026-04-10,1.85,1.848,1.851,1.846,1455706,206489238.0,0.27,-0.05,-0.001,1.22
2026-04-13,1.847,1.841,1.848,1.837,1163525,164097857.0,0.6,-0.38,-0.007,0.98
2026-04-14,1.843,1.845,1.846,1.83,1323060,186639066.0,0.87,0.22,0.004,1.11
2026-04-15,1.845,1.854,1.855,1.845,922186,130969021.0,0.54,0.49,0.009,0.77
2026-04-16,1.854,1.856,1.86,1.852,804347,114626858.0,0.43,0.11,0.002,0.68
2026-04-17,1.851,1.849,1.855,1.849,664649,94503661.0,0.32,-0.38,-0.007,0.56
2026-04-20,1.849,1.853,1.854,1.846,811901,115335515.0,0.43,0.22,0.004,0.68
2026-04-21,1.853,1.867,1.868,1.853,910134,130538175.0,0.81,0.76,0.014,0.76
2026-04-22,1.863,1.86,1.864,1.858,734154,105049511.0,0.32,-0.37,-0.007,0.62
2026-04-23,1.86,1.869,1.87,1.858,1103827,158331155.0,0.65,0.48,0.009,0.93
2026-04-24,1.867,1.869,1.87,1.861,616059,88508180.0,0.48,0.0,0.0,0.52
2026-04-27,1.868,1.863,1.871,1.861,729391,104706244.0,0.54,-0.32,-0.006,0.61
