date,annual_yield_pct,curve,tenor,source
2019-01-02,2.5014,中债国债收益率曲线,1Y,ChinaBond via AKShare bond_china_yield
2019-01-03,2.5017,中债国债收益率曲线,1Y,ChinaBond via AKShare bond_china_yield
2019-01-04,2.4525,中债国债收益率曲线,1Y,ChinaBond via AKShare bond_china_yield
2019-01-07,2.4026,中债国债收益率曲线,1Y,ChinaBond via AKShare bond_china_yield
2019-01-08,2.3528,中债国债收益率曲线,1Y,ChinaBond via AKShare bond_china_yield
2019-01-09,2.3777,中债国债收益率曲线,1Y,ChinaBond via AKShare bond_china_yield
2019-01-10,2.3627,中债国债收益率曲线,1Y,ChinaBond via AKShare bond_china_yield
2019-01-11,2.4065,中债国债收益率曲线,1Y,ChinaBond via AKShare bond_china_yield
2019-01-14,2.426,中债国债收益率曲线,1Y,ChinaBond via AKShare bond_china_yield
2019-01-15,2.4345,中债国债收益率曲线,1Y,ChinaBond via AKShare bond_china_yield
2019-01-16,2.36,中债国债收益率曲线,1Y,ChinaBond via AKShare bond_china_yield
2019-01-17,2.35,中债国债收益率曲线,1Y,ChinaBond via AKShare bond_china_yield
2019-01-18,2.3498,中债国债收益率曲线,1Y,ChinaBond via AKShare bond_china_yield
2019-01-21,2.4209,中债国债收益率曲线,1Y,ChinaBond via AKShare bond_china_yield
2019-01-22,2.3999,中债国债收益率曲线,1Y,ChinaBond via AKShare bond_china_yield
2019-01-23,2.4099,中债国债收益率曲线,1Y,ChinaBond via AKShare bond_china_yield
2019-01-24,2.4004,中债国债收益率曲线,1Y,ChinaBond via AKShare bond_china_yield
2019-01-25,2.3804,中债国债收益率曲线,1Y,ChinaBond via AKShare bond_china_yield
2019-01-28,2.3961,中债国债收益率曲线,1Y,ChinaBond via AKShare bond_china_yield
2019-01-29,2.3877,中债国债收益率曲线,1Y,ChinaBond via AKShare bond_china_yield
2019-01-30,2.3803,中债国债收益率曲线,1Y,ChinaBond via AKShare bond_china_yield
2019-01-31,2.3873,中债国债收益率曲线,1Y,ChinaBond via AKShare bond_china_yield
2019-02-01,2.351,中债国债收益率曲线,1Y,ChinaBond via AKShare bond_china_yield
2019-02-02,2.351,中债国债收益率曲线,1Y,ChinaBond via AKShare bond_china_yield
2019-02-03,2.3506,中债国债收益率曲线,1Y,ChinaBond via AKShare bond_china_yield
2019-02-11,2.3381,中债国债收益率曲线,1Y,ChinaBond via AKShare bond_china_yield
2019-02-12,2.3053,中债国债收益率曲线,1Y,ChinaBond via AKShare bond_china_yield
2019-02-13,2.3251,中债国债收益率曲线,1Y,ChinaBond via AKShare bond_china_yield
2019-02-14,2.313,中债国债收益率曲线,1Y,ChinaBond via AKShare bond_china_yield
2019-02-15,2.3094,中债国债收益率曲线,1Y,ChinaBond via AKShare bond_china_yield
2019-02-18,2.3206,中债国债收益率曲线,1Y,ChinaBond via AKShare bond_china_yield
2019-02-19,2.3141,中债国债收益率曲线,1Y,ChinaBond via AKShare bond_china_yield
2019-02-20,2.3053,中债国债收益率曲线,1Y,ChinaBond via AKShare bond_china_yield
2019-02-21,2.3356,中债国债收益率曲线,1Y,ChinaBond via AKShare bond_china_yield
2019-02-22,2.3592,中债国债收益率曲线,1Y,ChinaBond via AKShare bond_china_yield
2019-02-25,2.344,中债国债收益率曲线,1Y,ChinaBond via AKShare bond_china_yield
2019-02-26,2.3546,中债国债收益率曲线,1Y,ChinaBond via AKShare bond_china_yield
2019-02-27,2.39,中债国债收益率曲线,1Y,ChinaBond via AKShare bond_china_yield
2019-02-28,2.4053,中债国债收益率曲线,1Y,ChinaBond via AKShare bond_china_yield
2019-03-01,2.4338,中债国债收益率曲线,1Y,ChinaBond via AKShare bond_china_yield
2019-03-04,2.4442,中债国债收益率曲线,1Y,ChinaBond via AKShare bond_china_yield
2019-03-05,2.4431,中债国债收益率曲线,1Y,ChinaBond via AKShare bond_china_yield
2019-03-06,2.4486,中债国债收益率曲线,1Y,ChinaBond via AKShare bond_china_yield
2019-03-07,2.4532,中债国债收益率曲线,1Y,ChinaBond via AKShare bond_china_yield
2019-03-08,2.4503,中债国债收益率曲线,1Y,ChinaBond via AKShare bond_china_yield
2019-03-11,2.4471,中债国债收益率曲线,1Y,ChinaBond via AKShare bond_china_yield
2019-03-12,2.4613,中债国债收益率曲线,1Y,ChinaBond via AKShare bond_china_yield
2019-03-13,2.4705,中债国债收益率曲线,1Y,ChinaBond via AKShare bond_china_yield
2019-03-14,2.4719,中债国债收益率曲线,1Y,ChinaBond via AKShare bond_china_yield
2019-03-15,2.4632,中债国债收益率曲线,1Y,ChinaBond via AKShare bond_china_yield
2019-03-18,2.4773,中债国债收益率曲线,1Y,ChinaBond via AKShare bond_china_yield
2019-03-19,2.4787,中债国债收益率曲线,1Y,ChinaBond via AKShare bond_china_yield
2019-03-20,2.4698,中债国债收益率曲线,1Y,ChinaBond via AKShare bond_china_yield
2019-03-21,2.4498,中债国债收益率曲线,1Y,ChinaBond via AKShare bond_china_yield
2019-03-22,2.4655,中债国债收益率曲线,1Y,ChinaBond via AKShare bond_china_yield
2019-03-25,2.4795,中债国债收益率曲线,1Y,ChinaBond via AKShare bond_china_yield
2019-03-26,2.4706,中债国债收益率曲线,1Y,ChinaBond via AKShare bond_china_yield
2019-03-27,2.4669,中债国债收益率曲线,1Y,ChinaBond via AKShare bond_china_yield
2019-03-28,2.4478,中债国债收益率曲线,1Y,ChinaBond via AKShare bond_china_yield
2019-03-29,2.4377,中债国债收益率曲线,1Y,ChinaBond via AKShare bond_china_yield
2019-04-01,2.4407,中债国债收益率曲线,1Y,ChinaBond via AKShare bond_china_yield
2019-04-02,2.4522,中债国债收益率曲线,1Y,ChinaBond via AKShare bond_china_yield
2019-04-03,2.4639,中债国债收益率曲线,1Y,ChinaBond via AKShare bond_china_yield
2019-04-04,2.4759,中债国债收益率曲线,1Y,ChinaBond via AKShare bond_china_yield
2019-04-08,2.4746,中债国债收益率曲线,1Y,ChinaBond via AKShare bond_china_yield
2019-04-09,2.4664,中债国债收益率曲线,1Y,ChinaBond via AKShare bond_china_yield
2019-04-10,2.4753,中债国债收益率曲线,1Y,ChinaBond via AKShare bond_china_yield
2019-04-11,2.4794,中债国债收益率曲线,1Y,ChinaBond via AKShare bond_china_yield
2019-04-12,2.52,中债国债收益率曲线,1Y,ChinaBond via AKShare bond_china_yield
2019-04-15,2.5336,中债国债收益率曲线,1Y,ChinaBond via AKShare bond_china_yield
2019-04-16,2.5856,中债国债收益率曲线,1Y,ChinaBond via AKShare bond_china_yield
2019-04-17,2.7156,中债国债收益率曲线,1Y,ChinaBond via AKShare bond_china_yield
2019-04-18,2.6712,中债国债收益率曲线,1Y,ChinaBond via AKShare bond_china_yield
2019-04-19,2.6797,中债国债收益率曲线,1Y,ChinaBond via AKShare bond_china_yield
2019-04-22,2.6913,中债国债收益率曲线,1Y,ChinaBond via AKShare bond_china_yield
2019-04-23,2.702,中债国债收益率曲线,1Y,ChinaBond via AKShare bond_china_yield
2019-04-24,2.6968,中债国债收益率曲线,1Y,ChinaBond via AKShare bond_china_yield
2019-04-25,2.6902,中债国债收益率曲线,1Y,ChinaBond via AKShare bond_china_yield
2019-04-26,2.6743,中债国债收益率曲线,1Y,ChinaBond via AKShare bond_china_yield
2019-04-28,2.6989,中债国债收益率曲线,1Y,ChinaBond via AKShare bond_china_yield
2019-04-29,2.7224,中债国债收益率曲线,1Y,ChinaBond via AKShare bond_china_yield
2019-04-30,2.6902,中债国债收益率曲线,1Y,ChinaBond via AKShare bond_china_yield
2019-05-05,2.6902,中债国债收益率曲线,1Y,ChinaBond via AKShare bond_china_yield
2019-05-06,2.6794,中债国债收益率曲线,1Y,ChinaBond via AKShare bond_china_yield
2019-05-07,2.6764,中债国债收益率曲线,1Y,ChinaBond via AKShare bond_china_yield
2019-05-08,2.6801,中债国债收益率曲线,1Y,ChinaBond via AKShare bond_china_yield
2019-05-09,2.6618,中债国债收益率曲线,1Y,ChinaBond via AKShare bond_china_yield
2019-05-10,2.685,中债国债收益率曲线,1Y,ChinaBond via AKShare bond_china_yield
2019-05-13,2.6844,中债国债收益率曲线,1Y,ChinaBond via AKShare bond_china_yield
2019-05-14,2.6783,中债国债收益率曲线,1Y,ChinaBond via AKShare bond_china_yield
2019-05-15,2.6848,中债国债收益率曲线,1Y,ChinaBond via AKShare bond_china_yield
2019-05-16,2.683,中债国债收益率曲线,1Y,ChinaBond via AKShare bond_china_yield
2019-05-17,2.6775,中债国债收益率曲线,1Y,ChinaBond via AKShare bond_china_yield
2019-05-20,2.6593,中债国债收益率曲线,1Y,ChinaBond via AKShare bond_china_yield
2019-05-21,2.6623,中债国债收益率曲线,1Y,ChinaBond via AKShare bond_china_yield
2019-05-22,2.7,中债国债收益率曲线,1Y,ChinaBond via AKShare bond_china_yield
2019-05-23,2.695,中债国债收益率曲线,1Y,ChinaBond via AKShare bond_china_yield
2019-05-24,2.6912,中债国债收益率曲线,1Y,ChinaBond via AKShare bond_china_yield
2019-05-27,2.7535,中债国债收益率曲线,1Y,ChinaBond via AKShare bond_china_yield
2019-05-28,2.7352,中债国债收益率曲线,1Y,ChinaBond via AKShare bond_china_yield
2019-05-29,2.715,中债国债收益率曲线,1Y,ChinaBond via AKShare bond_china_yield
2019-05-30,2.6964,中债国债收益率曲线,1Y,ChinaBond via AKShare bond_china_yield
2019-05-31,2.679,中债国债收益率曲线,1Y,ChinaBond via AKShare bond_china_yield
2019-06-03,2.6934,中债国债收益率曲线,1Y,ChinaBond via AKShare bond_china_yield
2019-06-04,2.671,中债国债收益率曲线,1Y,ChinaBond via AKShare bond_china_yield
2019-06-05,2.6632,中债国债收益率曲线,1Y,ChinaBond via AKShare bond_china_yield
2019-06-06,2.6542,中债国债收益率曲线,1Y,ChinaBond via AKShare bond_china_yield
2019-06-10,2.6661,中债国债收益率曲线,1Y,ChinaBond via AKShare bond_china_yield
2019-06-11,2.6772,中债国债收益率曲线,1Y,ChinaBond via AKShare bond_china_yield
2019-06-12,2.6849,中债国债收益率曲线,1Y,ChinaBond via AKShare bond_china_yield
2019-06-13,2.7155,中债国债收益率曲线,1Y,ChinaBond via AKShare bond_china_yield
2019-06-14,2.7338,中债国债收益率曲线,1Y,ChinaBond via AKShare bond_china_yield
2019-06-17,2.7264,中债国债收益率曲线,1Y,ChinaBond via AKShare bond_china_yield
2019-06-18,2.727,中债国债收益率曲线,1Y,ChinaBond via AKShare bond_china_yield
2019-06-19,2.7231,中债国债收益率曲线,1Y,ChinaBond via AKShare bond_china_yield
2019-06-20,2.6889,中债国债收益率曲线,1Y,ChinaBond via AKShare bond_china_yield
2019-06-21,2.6608,中债国债收益率曲线,1Y,ChinaBond via AKShare bond_china_yield
2019-06-24,2.6633,中债国债收益率曲线,1Y,ChinaBond via AKShare bond_china_yield
2019-06-25,2.6593,中债国债收益率曲线,1Y,ChinaBond via AKShare bond_china_yield
2019-06-26,2.6604,中债国债收益率曲线,1Y,ChinaBond via AKShare bond_china_yield
2019-06-27,2.6565,中债国债收益率曲线,1Y,ChinaBond via AKShare bond_china_yield
2019-06-28,2.6429,中债国债收益率曲线,1Y,ChinaBond via AKShare bond_china_yield
2019-07-01,2.6554,中债国债收益率曲线,1Y,ChinaBond via AKShare bond_china_yield
2019-07-02,2.6263,中债国债收益率曲线,1Y,ChinaBond via AKShare bond_china_yield
2019-07-03,2.5926,中债国债收益率曲线,1Y,ChinaBond via AKShare bond_china_yield
2019-07-04,2.5845,中债国债收益率曲线,1Y,ChinaBond via AKShare bond_china_yield
2019-07-05,2.5957,中债国债收益率曲线,1Y,ChinaBond via AKShare bond_china_yield
2019-07-08,2.61,中债国债收益率曲线,1Y,ChinaBond via AKShare bond_china_yield
2019-07-09,2.6267,中债国债收益率曲线,1Y,ChinaBond via AKShare bond_china_yield
2019-07-10,2.5918,中债国债收益率曲线,1Y,ChinaBond via AKShare bond_china_yield
2019-07-11,2.6031,中债国债收益率曲线,1Y,ChinaBond via AKShare bond_china_yield
2019-07-12,2.6186,中债国债收益率曲线,1Y,ChinaBond via AKShare bond_china_yield
2019-07-15,2.6244,中债国债收益率曲线,1Y,ChinaBond via AKShare bond_china_yield
2019-07-16,2.6246,中债国债收益率曲线,1Y,ChinaBond via AKShare bond_china_yield
2019-07-17,2.6378,中债国债收益率曲线,1Y,ChinaBond via AKShare bond_china_yield
2019-07-18,2.6382,中债国债收益率曲线,1Y,ChinaBond via AKShare bond_china_yield
2019-07-19,2.6344,中债国债收益率曲线,1Y,ChinaBond via AKShare bond_china_yield
2019-07-22,2.6386,中债国债收益率曲线,1Y,ChinaBond via AKShare bond_china_yield
2019-07-23,2.6302,中债国债收益率曲线,1Y,ChinaBond via AKShare bond_china_yield
2019-07-24,2.6317,中债国债收益率曲线,1Y,ChinaBond via AKShare bond_china_yield
2019-07-25,2.6317,中债国债收益率曲线,1Y,ChinaBond via AKShare bond_china_yield
2019-07-26,2.6267,中债国债收益率曲线,1Y,ChinaBond via AKShare bond_china_yield
2019-07-29,2.6277,中债国债收益率曲线,1Y,ChinaBond via AKShare bond_china_yield
2019-07-30,2.6285,中债国债收益率曲线,1Y,ChinaBond via AKShare bond_china_yield
2019-07-31,2.6183,中债国债收益率曲线,1Y,ChinaBond via AKShare bond_china_yield
2019-08-01,2.6155,中债国债收益率曲线,1Y,ChinaBond via AKShare bond_china_yield
2019-08-02,2.5974,中债国债收益率曲线,1Y,ChinaBond via AKShare bond_china_yield
2019-08-05,2.5875,中债国债收益率曲线,1Y,ChinaBond via AKShare bond_china_yield
2019-08-06,2.5724,中债国债收益率曲线,1Y,ChinaBond via AKShare bond_china_yield
2019-08-07,2.572,中债国债收益率曲线,1Y,ChinaBond via AKShare bond_china_yield
2019-08-08,2.5752,中债国债收益率曲线,1Y,ChinaBond via AKShare bond_china_yield
2019-08-09,2.5695,中债国债收益率曲线,1Y,ChinaBond via AKShare bond_china_yield
2019-08-12,2.5906,中债国债收益率曲线,1Y,ChinaBond via AKShare bond_china_yield
2019-08-13,2.5915,中债国债收益率曲线,1Y,ChinaBond via AKShare bond_china_yield
2019-08-14,2.5896,中债国债收益率曲线,1Y,ChinaBond via AKShare bond_china_yield
2019-08-15,2.5965,中债国债收益率曲线,1Y,ChinaBond via AKShare bond_china_yield
2019-08-16,2.5949,中债国债收益率曲线,1Y,ChinaBond via AKShare bond_china_yield
2019-08-19,2.5969,中债国债收益率曲线,1Y,ChinaBond via AKShare bond_china_yield
2019-08-20,2.6012,中债国债收益率曲线,1Y,ChinaBond via AKShare bond_china_yield
2019-08-21,2.628,中债国债收益率曲线,1Y,ChinaBond via AKShare bond_china_yield
2019-08-22,2.6236,中债国债收益率曲线,1Y,ChinaBond via AKShare bond_china_yield
2019-08-23,2.6195,中债国债收益率曲线,1Y,ChinaBond via AKShare bond_china_yield
2019-08-26,2.6081,中债国债收益率曲线,1Y,ChinaBond via AKShare bond_china_yield
2019-08-27,2.6258,中债国债收益率曲线,1Y,ChinaBond via AKShare bond_china_yield
2019-08-28,2.626,中债国债收益率曲线,1Y,ChinaBond via AKShare bond_china_yield
2019-08-29,2.6311,中债国债收益率曲线,1Y,ChinaBond via AKShare bond_china_yield
2019-08-30,2.618,中债国债收益率曲线,1Y,ChinaBond via AKShare bond_china_yield
2019-09-02,2.6206,中债国债收益率曲线,1Y,ChinaBond via AKShare bond_china_yield
2019-09-03,2.6235,中债国债收益率曲线,1Y,ChinaBond via AKShare bond_china_yield
2019-09-04,2.63,中债国债收益率曲线,1Y,ChinaBond via AKShare bond_china_yield
2019-09-05,2.6129,中债国债收益率曲线,1Y,ChinaBond via AKShare bond_china_yield
2019-09-06,2.6102,中债国债收益率曲线,1Y,ChinaBond via AKShare bond_china_yield
2019-09-09,2.6298,中债国债收益率曲线,1Y,ChinaBond via AKShare bond_china_yield
2019-09-10,2.62,中债国债收益率曲线,1Y,ChinaBond via AKShare bond_china_yield
2019-09-11,2.6119,中债国债收益率曲线,1Y,ChinaBond via AKShare bond_china_yield
2019-09-12,2.6012,中债国债收益率曲线,1Y,ChinaBond via AKShare bond_china_yield
2019-09-16,2.5961,中债国债收益率曲线,1Y,ChinaBond via AKShare bond_china_yield
2019-09-17,2.5963,中债国债收益率曲线,1Y,ChinaBond via AKShare bond_china_yield
2019-09-18,2.5503,中债国债收益率曲线,1Y,ChinaBond via AKShare bond_china_yield
2019-09-19,2.5507,中债国债收益率曲线,1Y,ChinaBond via AKShare bond_china_yield
2019-09-20,2.5718,中债国债收益率曲线,1Y,ChinaBond via AKShare bond_china_yield
2019-09-23,2.5652,中债国债收益率曲线,1Y,ChinaBond via AKShare bond_china_yield
2019-09-24,2.5654,中债国债收益率曲线,1Y,ChinaBond via AKShare bond_china_yield
2019-09-25,2.5503,中债国债收益率曲线,1Y,ChinaBond via AKShare bond_china_yield
2019-09-26,2.5457,中债国债收益率曲线,1Y,ChinaBond via AKShare bond_china_yield
2019-09-27,2.5413,中债国债收益率曲线,1Y,ChinaBond via AKShare bond_china_yield
2019-09-29,2.5493,中债国债收益率曲线,1Y,ChinaBond via AKShare bond_china_yield
2019-09-30,2.5628,中债国债收益率曲线,1Y,ChinaBond via AKShare bond_china_yield
2019-10-08,2.5513,中债国债收益率曲线,1Y,ChinaBond via AKShare bond_china_yield
2019-10-09,2.5643,中债国债收益率曲线,1Y,ChinaBond via AKShare bond_china_yield
2019-10-10,2.5651,中债国债收益率曲线,1Y,ChinaBond via AKShare bond_china_yield
2019-10-11,2.5551,中债国债收益率曲线,1Y,ChinaBond via AKShare bond_china_yield
2019-10-12,2.5546,中债国债收益率曲线,1Y,ChinaBond via AKShare bond_china_yield
2019-10-14,2.5264,中债国债收益率曲线,1Y,ChinaBond via AKShare bond_china_yield
2019-10-15,2.5499,中债国债收益率曲线,1Y,ChinaBond via AKShare bond_china_yield
2019-10-16,2.5591,中债国债收益率曲线,1Y,ChinaBond via AKShare bond_china_yield
2019-10-17,2.5528,中债国债收益率曲线,1Y,ChinaBond via AKShare bond_china_yield
2019-10-18,2.5678,中债国债收益率曲线,1Y,ChinaBond via AKShare bond_china_yield
2019-10-21,2.5857,中债国债收益率曲线,1Y,ChinaBond via AKShare bond_china_yield
2019-10-22,2.5784,中债国债收益率曲线,1Y,ChinaBond via AKShare bond_china_yield
2019-10-23,2.6255,中债国债收益率曲线,1Y,ChinaBond via AKShare bond_china_yield
2019-10-24,2.6387,中债国债收益率曲线,1Y,ChinaBond via AKShare bond_china_yield
2019-10-25,2.6204,中债国债收益率曲线,1Y,ChinaBond via AKShare bond_china_yield
2019-10-28,2.6318,中债国债收益率曲线,1Y,ChinaBond via AKShare bond_china_yield
2019-10-29,2.6369,中债国债收益率曲线,1Y,ChinaBond via AKShare bond_china_yield
2019-10-30,2.6644,中债国债收益率曲线,1Y,ChinaBond via AKShare bond_china_yield
2019-10-31,2.6648,中债国债收益率曲线,1Y,ChinaBond via AKShare bond_china_yield
2019-11-01,2.6576,中债国债收益率曲线,1Y,ChinaBond via AKShare bond_china_yield
2019-11-04,2.6654,中债国债收益率曲线,1Y,ChinaBond via AKShare bond_china_yield
2019-11-05,2.6654,中债国债收益率曲线,1Y,ChinaBond via AKShare bond_china_yield
2019-11-06,2.6651,中债国债收益率曲线,1Y,ChinaBond via AKShare bond_china_yield
2019-11-07,2.6588,中债国债收益率曲线,1Y,ChinaBond via AKShare bond_china_yield
2019-11-08,2.6579,中债国债收益率曲线,1Y,ChinaBond via AKShare bond_china_yield
2019-11-11,2.6535,中债国债收益率曲线,1Y,ChinaBond via AKShare bond_china_yield
2019-11-12,2.6599,中债国债收益率曲线,1Y,ChinaBond via AKShare bond_china_yield
2019-11-13,2.6978,中债国债收益率曲线,1Y,ChinaBond via AKShare bond_china_yield
2019-11-14,2.6818,中债国债收益率曲线,1Y,ChinaBond via AKShare bond_china_yield
2019-11-15,2.6877,中债国债收益率曲线,1Y,ChinaBond via AKShare bond_china_yield
2019-11-18,2.6622,中债国债收益率曲线,1Y,ChinaBond via AKShare bond_china_yield
2019-11-19,2.6473,中债国债收益率曲线,1Y,ChinaBond via AKShare bond_china_yield
2019-11-20,2.6427,中债国债收益率曲线,1Y,ChinaBond via AKShare bond_china_yield
2019-11-21,2.6385,中债国债收益率曲线,1Y,ChinaBond via AKShare bond_china_yield
2019-11-22,2.6379,中债国债收益率曲线,1Y,ChinaBond via AKShare bond_china_yield
2019-11-25,2.6471,中债国债收益率曲线,1Y,ChinaBond via AKShare bond_china_yield
2019-11-26,2.6515,中债国债收益率曲线,1Y,ChinaBond via AKShare bond_china_yield
2019-11-27,2.6369,中债国债收益率曲线,1Y,ChinaBond via AKShare bond_china_yield
2019-11-28,2.65,中债国债收益率曲线,1Y,ChinaBond via AKShare bond_china_yield
2019-11-29,2.6431,中债国债收益率曲线,1Y,ChinaBond via AKShare bond_china_yield
2019-12-02,2.6506,中债国债收益率曲线,1Y,ChinaBond via AKShare bond_china_yield
2019-12-03,2.6365,中债国债收益率曲线,1Y,ChinaBond via AKShare bond_china_yield
2019-12-04,2.6235,中债国债收益率曲线,1Y,ChinaBond via AKShare bond_china_yield
2019-12-05,2.6297,中债国债收益率曲线,1Y,ChinaBond via AKShare bond_china_yield
2019-12-06,2.6414,中债国债收益率曲线,1Y,ChinaBond via AKShare bond_china_yield
2019-12-09,2.6386,中债国债收益率曲线,1Y,ChinaBond via AKShare bond_china_yield
2019-12-10,2.636,中债国债收益率曲线,1Y,ChinaBond via AKShare bond_china_yield
2019-12-11,2.6104,中债国债收益率曲线,1Y,ChinaBond via AKShare bond_china_yield
2019-12-12,2.6104,中债国债收益率曲线,1Y,ChinaBond via AKShare bond_china_yield
2019-12-13,2.6135,中债国债收益率曲线,1Y,ChinaBond via AKShare bond_china_yield
2019-12-16,2.6233,中债国债收益率曲线,1Y,ChinaBond via AKShare bond_china_yield
2019-12-17,2.6306,中债国债收益率曲线,1Y,ChinaBond via AKShare bond_china_yield
2019-12-18,2.6185,中债国债收益率曲线,1Y,ChinaBond via AKShare bond_china_yield
2019-12-19,2.5969,中债国债收益率曲线,1Y,ChinaBond via AKShare bond_china_yield
2019-12-20,2.5795,中债国债收益率曲线,1Y,ChinaBond via AKShare bond_china_yield
2019-12-23,2.5545,中债国债收益率曲线,1Y,ChinaBond via AKShare bond_china_yield
2019-12-24,2.5008,中债国债收益率曲线,1Y,ChinaBond via AKShare bond_china_yield
2019-12-25,2.4808,中债国债收益率曲线,1Y,ChinaBond via AKShare bond_china_yield
2019-12-26,2.3918,中债国债收益率曲线,1Y,ChinaBond via AKShare bond_china_yield
2019-12-27,2.3788,中债国债收益率曲线,1Y,ChinaBond via AKShare bond_china_yield
2019-12-30,2.3623,中债国债收益率曲线,1Y,ChinaBond via AKShare bond_china_yield
2019-12-31,2.3631,中债国债收益率曲线,1Y,ChinaBond via AKShare bond_china_yield
2020-01-02,2.416,中债国债收益率曲线,1Y,ChinaBond via AKShare bond_china_yield
2020-01-03,2.4359,中债国债收益率曲线,1Y,ChinaBond via AKShare bond_china_yield
2020-01-06,2.4121,中债国债收益率曲线,1Y,ChinaBond via AKShare bond_china_yield
2020-01-07,2.4272,中债国债收益率曲线,1Y,ChinaBond via AKShare bond_china_yield
2020-01-08,2.3,中债国债收益率曲线,1Y,ChinaBond via AKShare bond_china_yield
2020-01-09,2.3042,中债国债收益率曲线,1Y,ChinaBond via AKShare bond_china_yield
2020-01-10,2.2744,中债国债收益率曲线,1Y,ChinaBond via AKShare bond_china_yield
2020-01-13,2.2807,中债国债收益率曲线,1Y,ChinaBond via AKShare bond_china_yield
2020-01-14,2.3009,中债国债收益率曲线,1Y,ChinaBond via AKShare bond_china_yield
2020-01-15,2.2854,中债国债收益率曲线,1Y,ChinaBond via AKShare bond_china_yield
2020-01-16,2.2721,中债国债收益率曲线,1Y,ChinaBond via AKShare bond_china_yield
2020-01-17,2.2618,中债国债收益率曲线,1Y,ChinaBond via AKShare bond_china_yield
2020-01-19,2.2627,中债国债收益率曲线,1Y,ChinaBond via AKShare bond_china_yield
2020-01-20,2.2019,中债国债收益率曲线,1Y,ChinaBond via AKShare bond_china_yield
2020-01-21,2.2058,中债国债收益率曲线,1Y,ChinaBond via AKShare bond_china_yield
2020-01-22,2.181,中债国债收益率曲线,1Y,ChinaBond via AKShare bond_china_yield
2020-01-23,2.181,中债国债收益率曲线,1Y,ChinaBond via AKShare bond_china_yield
2020-02-03,2.091,中债国债收益率曲线,1Y,ChinaBond via AKShare bond_china_yield
2020-02-04,2.1,中债国债收益率曲线,1Y,ChinaBond via AKShare bond_china_yield
2020-02-05,2.0773,中债国债收益率曲线,1Y,ChinaBond via AKShare bond_china_yield
2020-02-06,2.0593,中债国债收益率曲线,1Y,ChinaBond via AKShare bond_china_yield
2020-02-07,2.0525,中债国债收益率曲线,1Y,ChinaBond via AKShare bond_china_yield
2020-02-10,2.0,中债国债收益率曲线,1Y,ChinaBond via AKShare bond_china_yield
2020-02-11,1.99,中债国债收益率曲线,1Y,ChinaBond via AKShare bond_china_yield
2020-02-12,1.99,中债国债收益率曲线,1Y,ChinaBond via AKShare bond_china_yield
2020-02-13,1.981,中债国债收益率曲线,1Y,ChinaBond via AKShare bond_china_yield
2020-02-14,1.9613,中债国债收益率曲线,1Y,ChinaBond via AKShare bond_china_yield
2020-02-17,1.9358,中债国债收益率曲线,1Y,ChinaBond via AKShare bond_china_yield
2020-02-18,1.9358,中债国债收益率曲线,1Y,ChinaBond via AKShare bond_china_yield
2020-02-19,1.9365,中债国债收益率曲线,1Y,ChinaBond via AKShare bond_china_yield
2020-02-20,1.9459,中债国债收益率曲线,1Y,ChinaBond via AKShare bond_china_yield
2020-02-21,1.9309,中债国债收益率曲线,1Y,ChinaBond via AKShare bond_china_yield
2020-02-24,1.8853,中债国债收益率曲线,1Y,ChinaBond via AKShare bond_china_yield
2020-02-25,1.8951,中债国债收益率曲线,1Y,ChinaBond via AKShare bond_china_yield
2020-02-26,1.8863,中债国债收益率曲线,1Y,ChinaBond via AKShare bond_china_yield
2020-02-27,1.9051,中债国债收益率曲线,1Y,ChinaBond via AKShare bond_china_yield
2020-02-28,1.9291,中债国债收益率曲线,1Y,ChinaBond via AKShare bond_china_yield
2020-03-02,1.9251,中债国债收益率曲线,1Y,ChinaBond via AKShare bond_china_yield
2020-03-03,1.958,中债国债收益率曲线,1Y,ChinaBond via AKShare bond_china_yield
2020-03-04,1.943,中债国债收益率曲线,1Y,ChinaBond via AKShare bond_china_yield
2020-03-05,1.943,中债国债收益率曲线,1Y,ChinaBond via AKShare bond_china_yield
2020-03-06,1.913,中债国债收益率曲线,1Y,ChinaBond via AKShare bond_china_yield
2020-03-09,1.8806,中债国债收益率曲线,1Y,ChinaBond via AKShare bond_china_yield
2020-03-10,1.9068,中债国债收益率曲线,1Y,ChinaBond via AKShare bond_china_yield
2020-03-11,1.9154,中债国债收益率曲线,1Y,ChinaBond via AKShare bond_china_yield
2020-03-12,1.9166,中债国债收益率曲线,1Y,ChinaBond via AKShare bond_china_yield
2020-03-13,1.9234,中债国债收益率曲线,1Y,ChinaBond via AKShare bond_china_yield
2020-03-16,1.8954,中债国债收益率曲线,1Y,ChinaBond via AKShare bond_china_yield
2020-03-17,1.8954,中债国债收益率曲线,1Y,ChinaBond via AKShare bond_china_yield
2020-03-18,1.9154,中债国债收益率曲线,1Y,ChinaBond via AKShare bond_china_yield
2020-03-19,1.8853,中债国债收益率曲线,1Y,ChinaBond via AKShare bond_china_yield
2020-03-20,1.8682,中债国债收益率曲线,1Y,ChinaBond via AKShare bond_china_yield
2020-03-23,1.8482,中债国债收益率曲线,1Y,ChinaBond via AKShare bond_china_yield
2020-03-24,1.8081,中债国债收益率曲线,1Y,ChinaBond via AKShare bond_china_yield
2020-03-25,1.7686,中债国债收益率曲线,1Y,ChinaBond via AKShare bond_china_yield
2020-03-26,1.7175,中债国债收益率曲线,1Y,ChinaBond via AKShare bond_china_yield
2020-03-27,1.7412,中债国债收益率曲线,1Y,ChinaBond via AKShare bond_china_yield
2020-03-30,1.7362,中债国债收益率曲线,1Y,ChinaBond via AKShare bond_china_yield
2020-03-31,1.687,中债国债收益率曲线,1Y,ChinaBond via AKShare bond_china_yield
2020-04-01,1.6778,中债国债收益率曲线,1Y,ChinaBond via AKShare bond_china_yield
2020-04-02,1.6548,中债国债收益率曲线,1Y,ChinaBond via AKShare bond_china_yield
2020-04-03,1.6548,中债国债收益率曲线,1Y,ChinaBond via AKShare bond_china_yield
2020-04-07,1.3448,中债国债收益率曲线,1Y,ChinaBond via AKShare bond_china_yield
2020-04-08,1.2044,中债国债收益率曲线,1Y,ChinaBond via AKShare bond_china_yield
2020-04-09,1.2044,中债国债收益率曲线,1Y,ChinaBond via AKShare bond_china_yield
2020-04-10,1.24,中债国债收益率曲线,1Y,ChinaBond via AKShare bond_china_yield
2020-04-13,1.2643,中债国债收益率曲线,1Y,ChinaBond via AKShare bond_china_yield
2020-04-14,1.2331,中债国债收益率曲线,1Y,ChinaBond via AKShare bond_china_yield
2020-04-15,1.225,中债国债收益率曲线,1Y,ChinaBond via AKShare bond_china_yield
2020-04-16,1.2088,中债国债收益率曲线,1Y,ChinaBond via AKShare bond_china_yield
2020-04-17,1.2257,中债国债收益率曲线,1Y,ChinaBond via AKShare bond_china_yield
2020-04-20,1.2025,中债国债收益率曲线,1Y,ChinaBond via AKShare bond_china_yield
2020-04-21,1.1826,中债国债收益率曲线,1Y,ChinaBond via AKShare bond_china_yield
2020-04-22,1.1352,中债国债收益率曲线,1Y,ChinaBond via AKShare bond_china_yield
2020-04-23,1.1228,中债国债收益率曲线,1Y,ChinaBond via AKShare bond_china_yield
2020-04-24,1.1279,中债国债收益率曲线,1Y,ChinaBond via AKShare bond_china_yield
2020-04-26,1.1324,中债国债收益率曲线,1Y,ChinaBond via AKShare bond_china_yield
2020-04-27,1.13,中债国债收益率曲线,1Y,ChinaBond via AKShare bond_china_yield
2020-04-28,1.1338,中债国债收益率曲线,1Y,ChinaBond via AKShare bond_china_yield
2020-04-29,1.1177,中债国债收益率曲线,1Y,ChinaBond via AKShare bond_china_yield
2020-04-30,1.1465,中债国债收益率曲线,1Y,ChinaBond via AKShare bond_china_yield
2020-05-06,1.1616,中债国债收益率曲线,1Y,ChinaBond via AKShare bond_china_yield
2020-05-07,1.1919,中债国债收益率曲线,1Y,ChinaBond via AKShare bond_china_yield
2020-05-08,1.2134,中债国债收益率曲线,1Y,ChinaBond via AKShare bond_china_yield
2020-05-09,1.2097,中债国债收益率曲线,1Y,ChinaBond via AKShare bond_china_yield
2020-05-11,1.2194,中债国债收益率曲线,1Y,ChinaBond via AKShare bond_china_yield
2020-05-12,1.2225,中债国债收益率曲线,1Y,ChinaBond via AKShare bond_china_yield
2020-05-13,1.2381,中债国债收益率曲线,1Y,ChinaBond via AKShare bond_china_yield
2020-05-14,1.2334,中债国债收益率曲线,1Y,ChinaBond via AKShare bond_china_yield
2020-05-15,1.2186,中债国债收益率曲线,1Y,ChinaBond via AKShare bond_china_yield
2020-05-18,1.2561,中债国债收益率曲线,1Y,ChinaBond via AKShare bond_china_yield
2020-05-19,1.2787,中债国债收益率曲线,1Y,ChinaBond via AKShare bond_china_yield
2020-05-20,1.3128,中债国债收益率曲线,1Y,ChinaBond via AKShare bond_china_yield
2020-05-21,1.3328,中债国债收益率曲线,1Y,ChinaBond via AKShare bond_china_yield
2020-05-22,1.3923,中债国债收益率曲线,1Y,ChinaBond via AKShare bond_china_yield
2020-05-25,1.4574,中债国债收益率曲线,1Y,ChinaBond via AKShare bond_china_yield
2020-05-26,1.529,中债国债收益率曲线,1Y,ChinaBond via AKShare bond_china_yield
2020-05-27,1.589,中债国债收益率曲线,1Y,ChinaBond via AKShare bond_china_yield
2020-05-28,1.5995,中债国债收益率曲线,1Y,ChinaBond via AKShare bond_china_yield
2020-05-29,1.601,中债国债收益率曲线,1Y,ChinaBond via AKShare bond_china_yield
2020-06-01,1.5897,中债国债收益率曲线,1Y,ChinaBond via AKShare bond_china_yield
2020-06-02,1.7018,中债国债收益率曲线,1Y,ChinaBond via AKShare bond_china_yield
2020-06-03,1.8201,中债国债收益率曲线,1Y,ChinaBond via AKShare bond_china_yield
2020-06-04,1.9201,中债国债收益率曲线,1Y,ChinaBond via AKShare bond_china_yield
2020-06-05,2.0801,中债国债收益率曲线,1Y,ChinaBond via AKShare bond_china_yield
2020-06-08,2.0801,中债国债收益率曲线,1Y,ChinaBond via AKShare bond_china_yield
2020-06-09,2.0521,中债国债收益率曲线,1Y,ChinaBond via AKShare bond_china_yield
2020-06-10,2.0677,中债国债收益率曲线,1Y,ChinaBond via AKShare bond_china_yield
2020-06-11,2.0723,中债国债收益率曲线,1Y,ChinaBond via AKShare bond_china_yield
2020-06-12,2.0504,中债国债收益率曲线,1Y,ChinaBond via AKShare bond_china_yield
2020-06-15,2.0364,中债国债收益率曲线,1Y,ChinaBond via AKShare bond_china_yield
2020-06-16,2.0757,中债国债收益率曲线,1Y,ChinaBond via AKShare bond_china_yield
2020-06-17,2.1117,中债国债收益率曲线,1Y,ChinaBond via AKShare bond_china_yield
2020-06-18,2.1156,中债国债收益率曲线,1Y,ChinaBond via AKShare bond_china_yield
2020-06-19,2.1203,中债国债收益率曲线,1Y,ChinaBond via AKShare bond_china_yield
2020-06-22,2.145,中债国债收益率曲线,1Y,ChinaBond via AKShare bond_china_yield
2020-06-23,2.223,中债国债收益率曲线,1Y,ChinaBond via AKShare bond_china_yield
2020-06-24,2.1495,中债国债收益率曲线,1Y,ChinaBond via AKShare bond_china_yield
2020-06-28,2.1261,中债国债收益率曲线,1Y,ChinaBond via AKShare bond_china_yield
2020-06-29,2.1144,中债国债收益率曲线,1Y,ChinaBond via AKShare bond_china_yield
2020-06-30,2.1764,中债国债收益率曲线,1Y,ChinaBond via AKShare bond_china_yield
2020-07-01,2.1276,中债国债收益率曲线,1Y,ChinaBond via AKShare bond_china_yield
2020-07-02,2.0976,中债国债收益率曲线,1Y,ChinaBond via AKShare bond_china_yield
2020-07-03,2.0976,中债国债收益率曲线,1Y,ChinaBond via AKShare bond_china_yield
2020-07-06,2.1263,中债国债收益率曲线,1Y,ChinaBond via AKShare bond_china_yield
2020-07-07,2.1513,中债国债收益率曲线,1Y,ChinaBond via AKShare bond_china_yield
2020-07-08,2.16,中债国债收益率曲线,1Y,ChinaBond via AKShare bond_china_yield
2020-07-09,2.2256,中债国债收益率曲线,1Y,ChinaBond via AKShare bond_china_yield
2020-07-10,2.2165,中债国债收益率曲线,1Y,ChinaBond via AKShare bond_china_yield
2020-07-13,2.208,中债国债收益率曲线,1Y,ChinaBond via AKShare bond_china_yield
2020-07-14,2.198,中债国债收益率曲线,1Y,ChinaBond via AKShare bond_china_yield
2020-07-15,2.2,中债国债收益率曲线,1Y,ChinaBond via AKShare bond_china_yield
2020-07-16,2.1534,中债国债收益率曲线,1Y,ChinaBond via AKShare bond_china_yield
2020-07-17,2.2256,中债国债收益率曲线,1Y,ChinaBond via AKShare bond_china_yield
2020-07-20,2.254,中债国债收益率曲线,1Y,ChinaBond via AKShare bond_china_yield
2020-07-21,2.2455,中债国债收益率曲线,1Y,ChinaBond via AKShare bond_china_yield
2020-07-22,2.2552,中债国债收益率曲线,1Y,ChinaBond via AKShare bond_china_yield
2020-07-23,2.2538,中债国债收益率曲线,1Y,ChinaBond via AKShare bond_china_yield
2020-07-24,2.2446,中债国债收益率曲线,1Y,ChinaBond via AKShare bond_china_yield
2020-07-27,2.2461,中债国债收益率曲线,1Y,ChinaBond via AKShare bond_china_yield
2020-07-28,2.2565,中债国债收益率曲线,1Y,ChinaBond via AKShare bond_china_yield
2020-07-29,2.2459,中债国债收益率曲线,1Y,ChinaBond via AKShare bond_china_yield
2020-07-30,2.2461,中债国债收益率曲线,1Y,ChinaBond via AKShare bond_china_yield
2020-07-31,2.2428,中债国债收益率曲线,1Y,ChinaBond via AKShare bond_china_yield
2020-08-03,2.1565,中债国债收益率曲线,1Y,ChinaBond via AKShare bond_china_yield
2020-08-04,2.1746,中债国债收益率曲线,1Y,ChinaBond via AKShare bond_china_yield
2020-08-05,2.2288,中债国债收益率曲线,1Y,ChinaBond via AKShare bond_china_yield
2020-08-06,2.2356,中债国债收益率曲线,1Y,ChinaBond via AKShare bond_china_yield
2020-08-07,2.2225,中债国债收益率曲线,1Y,ChinaBond via AKShare bond_china_yield
2020-08-10,2.2001,中债国债收益率曲线,1Y,ChinaBond via AKShare bond_china_yield
2020-08-11,2.2213,中债国债收益率曲线,1Y,ChinaBond via AKShare bond_china_yield
2020-08-12,2.2415,中债国债收益率曲线,1Y,ChinaBond via AKShare bond_china_yield
2020-08-13,2.2522,中债国债收益率曲线,1Y,ChinaBond via AKShare bond_china_yield
2020-08-14,2.2744,中债国债收益率曲线,1Y,ChinaBond via AKShare bond_china_yield
2020-08-17,2.265,中债国债收益率曲线,1Y,ChinaBond via AKShare bond_china_yield
2020-08-18,2.2754,中债国债收益率曲线,1Y,ChinaBond via AKShare bond_china_yield
2020-08-19,2.4369,中债国债收益率曲线,1Y,ChinaBond via AKShare bond_china_yield
2020-08-20,2.4237,中债国债收益率曲线,1Y,ChinaBond via AKShare bond_china_yield
2020-08-21,2.4336,中债国债收益率曲线,1Y,ChinaBond via AKShare bond_china_yield
2020-08-24,2.4437,中债国债收益率曲线,1Y,ChinaBond via AKShare bond_china_yield
2020-08-25,2.4742,中债国债收益率曲线,1Y,ChinaBond via AKShare bond_china_yield
2020-08-26,2.4854,中债国债收益率曲线,1Y,ChinaBond via AKShare bond_china_yield
2020-08-27,2.4961,中债国债收益率曲线,1Y,ChinaBond via AKShare bond_china_yield
2020-08-28,2.4869,中债国债收益率曲线,1Y,ChinaBond via AKShare bond_china_yield
2020-08-31,2.5123,中债国债收益率曲线,1Y,ChinaBond via AKShare bond_china_yield
2020-09-01,2.5203,中债国债收益率曲线,1Y,ChinaBond via AKShare bond_china_yield
2020-09-02,2.5563,中债国债收益率曲线,1Y,ChinaBond via AKShare bond_china_yield
2020-09-03,2.5712,中债国债收益率曲线,1Y,ChinaBond via AKShare bond_china_yield
2020-09-04,2.5885,中债国债收益率曲线,1Y,ChinaBond via AKShare bond_china_yield
2020-09-07,2.6151,中债国债收益率曲线,1Y,ChinaBond via AKShare bond_china_yield
2020-09-08,2.5969,中债国债收益率曲线,1Y,ChinaBond via AKShare bond_china_yield
2020-09-09,2.603,中债国债收益率曲线,1Y,ChinaBond via AKShare bond_china_yield
2020-09-10,2.573,中债国债收益率曲线,1Y,ChinaBond via AKShare bond_china_yield
2020-09-11,2.5964,中债国债收益率曲线,1Y,ChinaBond via AKShare bond_china_yield
2020-09-14,2.6051,中债国债收益率曲线,1Y,ChinaBond via AKShare bond_china_yield
2020-09-15,2.5934,中债国债收益率曲线,1Y,ChinaBond via AKShare bond_china_yield
2020-09-16,2.6114,中债国债收益率曲线,1Y,ChinaBond via AKShare bond_china_yield
2020-09-17,2.6124,中债国债收益率曲线,1Y,ChinaBond via AKShare bond_china_yield
2020-09-18,2.6088,中债国债收益率曲线,1Y,ChinaBond via AKShare bond_china_yield
2020-09-21,2.6127,中债国债收益率曲线,1Y,ChinaBond via AKShare bond_china_yield
2020-09-22,2.6082,中债国债收益率曲线,1Y,ChinaBond via AKShare bond_china_yield
2020-09-23,2.6282,中债国债收益率曲线,1Y,ChinaBond via AKShare bond_china_yield
2020-09-24,2.5942,中债国债收益率曲线,1Y,ChinaBond via AKShare bond_china_yield
2020-09-25,2.6116,中债国债收益率曲线,1Y,ChinaBond via AKShare bond_china_yield
2020-09-27,2.6005,中债国债收益率曲线,1Y,ChinaBond via AKShare bond_china_yield
2020-09-28,2.6075,中债国债收益率曲线,1Y,ChinaBond via AKShare bond_china_yield
2020-09-29,2.6381,中债国债收益率曲线,1Y,ChinaBond via AKShare bond_china_yield
2020-09-30,2.6462,中债国债收益率曲线,1Y,ChinaBond via AKShare bond_china_yield
2020-10-09,2.7017,中债国债收益率曲线,1Y,ChinaBond via AKShare bond_china_yield
2020-10-10,2.7017,中债国债收益率曲线,1Y,ChinaBond via AKShare bond_china_yield
2020-10-12,2.6937,中债国债收益率曲线,1Y,ChinaBond via AKShare bond_china_yield
2020-10-13,2.6959,中债国债收益率曲线,1Y,ChinaBond via AKShare bond_china_yield
2020-10-14,2.7189,中债国债收益率曲线,1Y,ChinaBond via AKShare bond_china_yield
2020-10-15,2.6882,中债国债收益率曲线,1Y,ChinaBond via AKShare bond_china_yield
2020-10-16,2.6961,中债国债收益率曲线,1Y,ChinaBond via AKShare bond_china_yield
2020-10-19,2.6973,中债国债收益率曲线,1Y,ChinaBond via AKShare bond_china_yield
2020-10-20,2.7047,中债国债收益率曲线,1Y,ChinaBond via AKShare bond_china_yield
2020-10-21,2.6848,中债国债收益率曲线,1Y,ChinaBond via AKShare bond_china_yield
2020-10-22,2.6461,中债国债收益率曲线,1Y,ChinaBond via AKShare bond_china_yield
2020-10-23,2.6821,中债国债收益率曲线,1Y,ChinaBond via AKShare bond_china_yield
2020-10-26,2.6917,中债国债收益率曲线,1Y,ChinaBond via AKShare bond_china_yield
2020-10-27,2.6867,中债国债收益率曲线,1Y,ChinaBond via AKShare bond_china_yield
2020-10-28,2.7228,中债国债收益率曲线,1Y,ChinaBond via AKShare bond_china_yield
2020-10-29,2.7191,中债国债收益率曲线,1Y,ChinaBond via AKShare bond_china_yield
2020-10-30,2.7273,中债国债收益率曲线,1Y,ChinaBond via AKShare bond_china_yield
2020-11-02,2.7525,中债国债收益率曲线,1Y,ChinaBond via AKShare bond_china_yield
2020-11-03,2.7322,中债国债收益率曲线,1Y,ChinaBond via AKShare bond_china_yield
2020-11-04,2.7347,中债国债收益率曲线,1Y,ChinaBond via AKShare bond_china_yield
2020-11-05,2.7481,中债国债收益率曲线,1Y,ChinaBond via AKShare bond_china_yield
2020-11-06,2.7832,中债国债收益率曲线,1Y,ChinaBond via AKShare bond_china_yield
2020-11-09,2.7944,中债国债收益率曲线,1Y,ChinaBond via AKShare bond_china_yield
2020-11-10,2.7882,中债国债收益率曲线,1Y,ChinaBond via AKShare bond_china_yield
2020-11-11,2.8009,中债国债收益率曲线,1Y,ChinaBond via AKShare bond_china_yield
2020-11-12,2.8287,中债国债收益率曲线,1Y,ChinaBond via AKShare bond_china_yield
2020-11-13,2.8464,中债国债收益率曲线,1Y,ChinaBond via AKShare bond_china_yield
2020-11-16,2.8497,中债国债收益率曲线,1Y,ChinaBond via AKShare bond_china_yield
2020-11-17,2.8634,中债国债收益率曲线,1Y,ChinaBond via AKShare bond_china_yield
2020-11-18,2.94,中债国债收益率曲线,1Y,ChinaBond via AKShare bond_china_yield
2020-11-19,2.9433,中债国债收益率曲线,1Y,ChinaBond via AKShare bond_china_yield
2020-11-20,2.9503,中债国债收益率曲线,1Y,ChinaBond via AKShare bond_china_yield
2020-11-23,2.951,中债国债收益率曲线,1Y,ChinaBond via AKShare bond_china_yield
2020-11-24,2.969,中债国债收益率曲线,1Y,ChinaBond via AKShare bond_china_yield
2020-11-25,2.9461,中债国债收益率曲线,1Y,ChinaBond via AKShare bond_china_yield
2020-11-26,2.9357,中债国债收益率曲线,1Y,ChinaBond via AKShare bond_china_yield
2020-11-27,2.9104,中债国债收益率曲线,1Y,ChinaBond via AKShare bond_china_yield
2020-11-30,2.831,中债国债收益率曲线,1Y,ChinaBond via AKShare bond_china_yield
2020-12-01,2.8457,中债国债收益率曲线,1Y,ChinaBond via AKShare bond_china_yield
2020-12-02,2.8608,中债国债收益率曲线,1Y,ChinaBond via AKShare bond_china_yield
2020-12-03,2.8761,中债国债收益率曲线,1Y,ChinaBond via AKShare bond_china_yield
2020-12-04,2.8708,中债国债收益率曲线,1Y,ChinaBond via AKShare bond_china_yield
2020-12-07,2.8614,中债国债收益率曲线,1Y,ChinaBond via AKShare bond_china_yield
2020-12-08,2.8417,中债国债收益率曲线,1Y,ChinaBond via AKShare bond_china_yield
2020-12-09,2.8449,中债国债收益率曲线,1Y,ChinaBond via AKShare bond_china_yield
2020-12-10,2.8047,中债国债收益率曲线,1Y,ChinaBond via AKShare bond_china_yield
2020-12-11,2.8334,中债国债收益率曲线,1Y,ChinaBond via AKShare bond_china_yield
2020-12-14,2.8245,中债国债收益率曲线,1Y,ChinaBond via AKShare bond_china_yield
2020-12-15,2.7888,中债国债收益率曲线,1Y,ChinaBond via AKShare bond_china_yield
2020-12-16,2.7312,中债国债收益率曲线,1Y,ChinaBond via AKShare bond_china_yield
2020-12-17,2.7273,中债国债收益率曲线,1Y,ChinaBond via AKShare bond_china_yield
2020-12-18,2.7267,中债国债收益率曲线,1Y,ChinaBond via AKShare bond_china_yield
2020-12-21,2.6919,中债国债收益率曲线,1Y,ChinaBond via AKShare bond_china_yield
2020-12-22,2.6695,中债国债收益率曲线,1Y,ChinaBond via AKShare bond_china_yield
2020-12-23,2.6551,中债国债收益率曲线,1Y,ChinaBond via AKShare bond_china_yield
2020-12-24,2.6501,中债国债收益率曲线,1Y,ChinaBond via AKShare bond_china_yield
2020-12-25,2.6096,中债国债收益率曲线,1Y,ChinaBond via AKShare bond_china_yield
2020-12-28,2.5671,中债国债收益率曲线,1Y,ChinaBond via AKShare bond_china_yield
2020-12-29,2.5486,中债国债收益率曲线,1Y,ChinaBond via AKShare bond_china_yield
2020-12-30,2.5036,中债国债收益率曲线,1Y,ChinaBond via AKShare bond_china_yield
2020-12-31,2.4739,中债国债收益率曲线,1Y,ChinaBond via AKShare bond_china_yield
2021-01-04,2.4952,中债国债收益率曲线,1Y,ChinaBond via AKShare bond_china_yield
2021-01-05,2.4714,中债国债收益率曲线,1Y,ChinaBond via AKShare bond_china_yield
2021-01-06,2.4109,中债国债收益率曲线,1Y,ChinaBond via AKShare bond_china_yield
2021-01-07,2.3568,中债国债收益率曲线,1Y,ChinaBond via AKShare bond_china_yield
2021-01-08,2.3568,中债国债收益率曲线,1Y,ChinaBond via AKShare bond_china_yield
2021-01-11,2.3653,中债国债收益率曲线,1Y,ChinaBond via AKShare bond_china_yield
2021-01-12,2.335,中债国债收益率曲线,1Y,ChinaBond via AKShare bond_china_yield
2021-01-13,2.2914,中债国债收益率曲线,1Y,ChinaBond via AKShare bond_china_yield
2021-01-14,2.3405,中债国债收益率曲线,1Y,ChinaBond via AKShare bond_china_yield
2021-01-15,2.3843,中债国债收益率曲线,1Y,ChinaBond via AKShare bond_china_yield
2021-01-18,2.45,中债国债收益率曲线,1Y,ChinaBond via AKShare bond_china_yield
2021-01-19,2.4859,中债国债收益率曲线,1Y,ChinaBond via AKShare bond_china_yield
2021-01-20,2.47,中债国债收益率曲线,1Y,ChinaBond via AKShare bond_china_yield
2021-01-21,2.4475,中债国债收益率曲线,1Y,ChinaBond via AKShare bond_china_yield
2021-01-22,2.4525,中债国债收益率曲线,1Y,ChinaBond via AKShare bond_china_yield
2021-01-25,2.4911,中债国债收益率曲线,1Y,ChinaBond via AKShare bond_china_yield
2021-01-26,2.5575,中债国债收益率曲线,1Y,ChinaBond via AKShare bond_china_yield
2021-01-27,2.588,中债国债收益率曲线,1Y,ChinaBond via AKShare bond_china_yield
2021-01-28,2.6957,中债国债收益率曲线,1Y,ChinaBond via AKShare bond_china_yield
2021-01-29,2.6799,中债国债收益率曲线,1Y,ChinaBond via AKShare bond_china_yield
2021-02-01,2.6043,中债国债收益率曲线,1Y,ChinaBond via AKShare bond_china_yield
2021-02-02,2.6227,中债国债收益率曲线,1Y,ChinaBond via AKShare bond_china_yield
2021-02-03,2.6938,中债国债收益率曲线,1Y,ChinaBond via AKShare bond_china_yield
2021-02-04,2.7155,中债国债收益率曲线,1Y,ChinaBond via AKShare bond_china_yield
2021-02-05,2.7021,中债国债收益率曲线,1Y,ChinaBond via AKShare bond_china_yield
2021-02-07,2.6928,中债国债收益率曲线,1Y,ChinaBond via AKShare bond_china_yield
2021-02-08,2.6968,中债国债收益率曲线,1Y,ChinaBond via AKShare bond_china_yield
2021-02-09,2.6772,中债国债收益率曲线,1Y,ChinaBond via AKShare bond_china_yield
2021-02-10,2.6559,中债国债收益率曲线,1Y,ChinaBond via AKShare bond_china_yield
2021-02-18,2.6916,中债国债收益率曲线,1Y,ChinaBond via AKShare bond_china_yield
2021-02-19,2.6512,中债国债收益率曲线,1Y,ChinaBond via AKShare bond_china_yield
2021-02-20,2.6249,中债国债收益率曲线,1Y,ChinaBond via AKShare bond_china_yield
2021-02-22,2.6225,中债国债收益率曲线,1Y,ChinaBond via AKShare bond_china_yield
2021-02-23,2.607,中债国债收益率曲线,1Y,ChinaBond via AKShare bond_china_yield
2021-02-24,2.5935,中债国债收益率曲线,1Y,ChinaBond via AKShare bond_china_yield
2021-02-25,2.5981,中债国债收益率曲线,1Y,ChinaBond via AKShare bond_china_yield
2021-02-26,2.6036,中债国债收益率曲线,1Y,ChinaBond via AKShare bond_china_yield
2021-03-01,2.6096,中债国债收益率曲线,1Y,ChinaBond via AKShare bond_china_yield
2021-03-02,2.6169,中债国债收益率曲线,1Y,ChinaBond via AKShare bond_china_yield
2021-03-03,2.6203,中债国债收益率曲线,1Y,ChinaBond via AKShare bond_china_yield
2021-03-04,2.6365,中债国债收益率曲线,1Y,ChinaBond via AKShare bond_china_yield
2021-03-05,2.639,中债国债收益率曲线,1Y,ChinaBond via AKShare bond_china_yield
2021-03-08,2.654,中债国债收益率曲线,1Y,ChinaBond via AKShare bond_china_yield
2021-03-09,2.634,中债国债收益率曲线,1Y,ChinaBond via AKShare bond_china_yield
2021-03-10,2.6264,中债国债收益率曲线,1Y,ChinaBond via AKShare bond_china_yield
2021-03-11,2.6288,中债国债收益率曲线,1Y,ChinaBond via AKShare bond_china_yield
2021-03-12,2.6407,中债国债收益率曲线,1Y,ChinaBond via AKShare bond_china_yield
2021-03-15,2.675,中债国债收益率曲线,1Y,ChinaBond via AKShare bond_china_yield
2021-03-16,2.6663,中债国债收益率曲线,1Y,ChinaBond via AKShare bond_china_yield
2021-03-17,2.6429,中债国债收益率曲线,1Y,ChinaBond via AKShare bond_china_yield
2021-03-18,2.6496,中债国债收益率曲线,1Y,ChinaBond via AKShare bond_china_yield
2021-03-19,2.6395,中债国债收益率曲线,1Y,ChinaBond via AKShare bond_china_yield
2021-03-22,2.626,中债国债收益率曲线,1Y,ChinaBond via AKShare bond_china_yield
2021-03-23,2.6209,中债国债收益率曲线,1Y,ChinaBond via AKShare bond_china_yield
2021-03-24,2.6059,中债国债收益率曲线,1Y,ChinaBond via AKShare bond_china_yield
2021-03-25,2.5904,中债国债收益率曲线,1Y,ChinaBond via AKShare bond_china_yield
2021-03-26,2.6073,中债国债收益率曲线,1Y,ChinaBond via AKShare bond_china_yield
2021-03-29,2.6075,中债国债收益率曲线,1Y,ChinaBond via AKShare bond_china_yield
2021-03-30,2.593,中债国债收益率曲线,1Y,ChinaBond via AKShare bond_china_yield
2021-03-31,2.577,中债国债收益率曲线,1Y,ChinaBond via AKShare bond_china_yield
2021-04-01,2.5806,中债国债收益率曲线,1Y,ChinaBond via AKShare bond_china_yield
2021-04-02,2.58,中债国债收益率曲线,1Y,ChinaBond via AKShare bond_china_yield
2021-04-06,2.5877,中债国债收益率曲线,1Y,ChinaBond via AKShare bond_china_yield
2021-04-07,2.6105,中债国债收益率曲线,1Y,ChinaBond via AKShare bond_china_yield
2021-04-08,2.6105,中债国债收益率曲线,1Y,ChinaBond via AKShare bond_china_yield
2021-04-09,2.5915,中债国债收益率曲线,1Y,ChinaBond via AKShare bond_china_yield
2021-04-12,2.5843,中债国债收益率曲线,1Y,ChinaBond via AKShare bond_china_yield
2021-04-13,2.5643,中债国债收益率曲线,1Y,ChinaBond via AKShare bond_china_yield
2021-04-14,2.5679,中债国债收益率曲线,1Y,ChinaBond via AKShare bond_china_yield
2021-04-15,2.5379,中债国债收益率曲线,1Y,ChinaBond via AKShare bond_china_yield
2021-04-16,2.5295,中债国债收益率曲线,1Y,ChinaBond via AKShare bond_china_yield
2021-04-19,2.5195,中债国债收益率曲线,1Y,ChinaBond via AKShare bond_china_yield
2021-04-20,2.4995,中债国债收益率曲线,1Y,ChinaBond via AKShare bond_china_yield
2021-04-21,2.4595,中债国债收益率曲线,1Y,ChinaBond via AKShare bond_china_yield
2021-04-22,2.4495,中债国债收益率曲线,1Y,ChinaBond via AKShare bond_china_yield
2021-04-23,2.39,中债国债收益率曲线,1Y,ChinaBond via AKShare bond_china_yield
2021-04-25,2.3858,中债国债收益率曲线,1Y,ChinaBond via AKShare bond_china_yield
2021-04-26,2.4313,中债国债收益率曲线,1Y,ChinaBond via AKShare bond_china_yield
2021-04-27,2.4226,中债国债收益率曲线,1Y,ChinaBond via AKShare bond_china_yield
2021-04-28,2.3964,中债国债收益率曲线,1Y,ChinaBond via AKShare bond_china_yield
2021-04-29,2.3799,中债国债收益率曲线,1Y,ChinaBond via AKShare bond_china_yield
2021-04-30,2.3591,中债国债收益率曲线,1Y,ChinaBond via AKShare bond_china_yield
2021-05-06,2.3266,中债国债收益率曲线,1Y,ChinaBond via AKShare bond_china_yield
2021-05-07,2.32,中债国债收益率曲线,1Y,ChinaBond via AKShare bond_china_yield
2021-05-08,2.3193,中债国债收益率曲线,1Y,ChinaBond via AKShare bond_china_yield
2021-05-10,2.3129,中债国债收益率曲线,1Y,ChinaBond via AKShare bond_china_yield
2021-05-11,2.3078,中债国债收益率曲线,1Y,ChinaBond via AKShare bond_china_yield
2021-05-12,2.2974,中债国债收益率曲线,1Y,ChinaBond via AKShare bond_china_yield
2021-05-13,2.3286,中债国债收益率曲线,1Y,ChinaBond via AKShare bond_china_yield
2021-05-14,2.33,中债国债收益率曲线,1Y,ChinaBond via AKShare bond_china_yield
2021-05-17,2.3504,中债国债收益率曲线,1Y,ChinaBond via AKShare bond_china_yield
2021-05-18,2.3532,中债国债收益率曲线,1Y,ChinaBond via AKShare bond_china_yield
2021-05-19,2.3506,中债国债收益率曲线,1Y,ChinaBond via AKShare bond_china_yield
2021-05-20,2.3486,中债国债收益率曲线,1Y,ChinaBond via AKShare bond_china_yield
2021-05-21,2.3272,中债国债收益率曲线,1Y,ChinaBond via AKShare bond_china_yield
2021-05-24,2.3418,中债国债收益率曲线,1Y,ChinaBond via AKShare bond_china_yield
2021-05-25,2.3468,中债国债收益率曲线,1Y,ChinaBond via AKShare bond_china_yield
2021-05-26,2.3414,中债国债收益率曲线,1Y,ChinaBond via AKShare bond_china_yield
2021-05-27,2.3463,中债国债收益率曲线,1Y,ChinaBond via AKShare bond_china_yield
2021-05-28,2.41,中债国债收益率曲线,1Y,ChinaBond via AKShare bond_china_yield
2021-05-31,2.4113,中债国债收益率曲线,1Y,ChinaBond via AKShare bond_china_yield
2021-06-01,2.3725,中债国债收益率曲线,1Y,ChinaBond via AKShare bond_china_yield
2021-06-02,2.3804,中债国债收益率曲线,1Y,ChinaBond via AKShare bond_china_yield
2021-06-03,2.3663,中债国债收益率曲线,1Y,ChinaBond via AKShare bond_china_yield
2021-06-04,2.3934,中债国债收益率曲线,1Y,ChinaBond via AKShare bond_china_yield
2021-06-07,2.4116,中债国债收益率曲线,1Y,ChinaBond via AKShare bond_china_yield
2021-06-08,2.4133,中债国债收益率曲线,1Y,ChinaBond via AKShare bond_china_yield
2021-06-09,2.4203,中债国债收益率曲线,1Y,ChinaBond via AKShare bond_china_yield
2021-06-10,2.424,中债国债收益率曲线,1Y,ChinaBond via AKShare bond_china_yield
2021-06-11,2.4459,中债国债收益率曲线,1Y,ChinaBond via AKShare bond_china_yield
2021-06-15,2.4699,中债国债收益率曲线,1Y,ChinaBond via AKShare bond_china_yield
2021-06-16,2.4945,中债国债收益率曲线,1Y,ChinaBond via AKShare bond_china_yield
2021-06-17,2.5272,中债国债收益率曲线,1Y,ChinaBond via AKShare bond_china_yield
2021-06-18,2.5274,中债国债收益率曲线,1Y,ChinaBond via AKShare bond_china_yield
2021-06-21,2.5202,中债国债收益率曲线,1Y,ChinaBond via AKShare bond_china_yield
2021-06-22,2.5252,中债国债收益率曲线,1Y,ChinaBond via AKShare bond_china_yield
2021-06-23,2.5012,中债国债收益率曲线,1Y,ChinaBond via AKShare bond_china_yield
2021-06-24,2.469,中债国债收益率曲线,1Y,ChinaBond via AKShare bond_china_yield
2021-06-25,2.4437,中债国债收益率曲线,1Y,ChinaBond via AKShare bond_china_yield
2021-06-28,2.4705,中债国债收益率曲线,1Y,ChinaBond via AKShare bond_china_yield
2021-06-29,2.4564,中债国债收益率曲线,1Y,ChinaBond via AKShare bond_china_yield
2021-06-30,2.4293,中债国债收益率曲线,1Y,ChinaBond via AKShare bond_china_yield
2021-07-01,2.4189,中债国债收益率曲线,1Y,ChinaBond via AKShare bond_china_yield
2021-07-02,2.3994,中债国债收益率曲线,1Y,ChinaBond via AKShare bond_china_yield
2021-07-05,2.4136,中债国债收益率曲线,1Y,ChinaBond via AKShare bond_china_yield
2021-07-06,2.4092,中债国债收益率曲线,1Y,ChinaBond via AKShare bond_china_yield
2021-07-07,2.401,中债国债收益率曲线,1Y,ChinaBond via AKShare bond_china_yield
2021-07-08,2.3223,中债国债收益率曲线,1Y,ChinaBond via AKShare bond_china_yield
2021-07-09,2.3474,中债国债收益率曲线,1Y,ChinaBond via AKShare bond_china_yield
2021-07-12,2.3175,中债国债收益率曲线,1Y,ChinaBond via AKShare bond_china_yield
2021-07-13,2.2958,中债国债收益率曲线,1Y,ChinaBond via AKShare bond_china_yield
2021-07-14,2.2782,中债国债收益率曲线,1Y,ChinaBond via AKShare bond_china_yield
2021-07-15,2.2927,中债国债收益率曲线,1Y,ChinaBond via AKShare bond_china_yield
2021-07-16,2.2719,中债国债收益率曲线,1Y,ChinaBond via AKShare bond_china_yield
2021-07-19,2.2629,中债国债收益率曲线,1Y,ChinaBond via AKShare bond_china_yield
2021-07-20,2.2143,中债国债收益率曲线,1Y,ChinaBond via AKShare bond_china_yield
2021-07-21,2.1833,中债国债收益率曲线,1Y,ChinaBond via AKShare bond_china_yield
2021-07-22,2.1551,中债国债收益率曲线,1Y,ChinaBond via AKShare bond_china_yield
2021-07-23,2.1119,中债国债收益率曲线,1Y,ChinaBond via AKShare bond_china_yield
2021-07-26,2.1337,中债国债收益率曲线,1Y,ChinaBond via AKShare bond_china_yield
2021-07-27,2.2109,中债国债收益率曲线,1Y,ChinaBond via AKShare bond_china_yield
2021-07-28,2.2135,中债国债收益率曲线,1Y,ChinaBond via AKShare bond_china_yield
2021-07-29,2.1621,中债国债收益率曲线,1Y,ChinaBond via AKShare bond_china_yield
2021-07-30,2.1346,中债国债收益率曲线,1Y,ChinaBond via AKShare bond_china_yield
2021-08-02,2.1281,中债国债收益率曲线,1Y,ChinaBond via AKShare bond_china_yield
2021-08-03,2.1272,中债国债收益率曲线,1Y,ChinaBond via AKShare bond_china_yield
2021-08-04,2.1448,中债国债收益率曲线,1Y,ChinaBond via AKShare bond_china_yield
2021-08-05,2.1494,中债国债收益率曲线,1Y,ChinaBond via AKShare bond_china_yield
2021-08-06,2.1514,中债国债收益率曲线,1Y,ChinaBond via AKShare bond_china_yield
2021-08-09,2.2054,中债国债收益率曲线,1Y,ChinaBond via AKShare bond_china_yield
2021-08-10,2.1843,中债国债收益率曲线,1Y,ChinaBond via AKShare bond_china_yield
2021-08-11,2.194,中债国债收益率曲线,1Y,ChinaBond via AKShare bond_china_yield
2021-08-12,2.1935,中债国债收益率曲线,1Y,ChinaBond via AKShare bond_china_yield
2021-08-13,2.2209,中债国债收益率曲线,1Y,ChinaBond via AKShare bond_china_yield
2021-08-16,2.2233,中债国债收益率曲线,1Y,ChinaBond via AKShare bond_china_yield
2021-08-17,2.2164,中债国债收益率曲线,1Y,ChinaBond via AKShare bond_china_yield
2021-08-18,2.2252,中债国债收益率曲线,1Y,ChinaBond via AKShare bond_china_yield
2021-08-19,2.238,中债国债收益率曲线,1Y,ChinaBond via AKShare bond_china_yield
2021-08-20,2.2682,中债国债收益率曲线,1Y,ChinaBond via AKShare bond_china_yield
2021-08-23,2.3024,中债国债收益率曲线,1Y,ChinaBond via AKShare bond_china_yield
2021-08-24,2.2947,中债国债收益率曲线,1Y,ChinaBond via AKShare bond_china_yield
2021-08-25,2.2995,中债国债收益率曲线,1Y,ChinaBond via AKShare bond_china_yield
2021-08-26,2.3247,中债国债收益率曲线,1Y,ChinaBond via AKShare bond_china_yield
2021-08-27,2.3235,中债国债收益率曲线,1Y,ChinaBond via AKShare bond_china_yield
2021-08-30,2.3125,中债国债收益率曲线,1Y,ChinaBond via AKShare bond_china_yield
2021-08-31,2.3105,中债国债收益率曲线,1Y,ChinaBond via AKShare bond_china_yield
2021-09-01,2.2911,中债国债收益率曲线,1Y,ChinaBond via AKShare bond_china_yield
2021-09-02,2.2993,中债国债收益率曲线,1Y,ChinaBond via AKShare bond_china_yield
2021-09-03,2.3122,中债国债收益率曲线,1Y,ChinaBond via AKShare bond_china_yield
2021-09-06,2.3096,中债国债收益率曲线,1Y,ChinaBond via AKShare bond_china_yield
2021-09-07,2.3146,中债国债收益率曲线,1Y,ChinaBond via AKShare bond_china_yield
2021-09-08,2.3246,中债国债收益率曲线,1Y,ChinaBond via AKShare bond_china_yield
2021-09-09,2.3531,中债国债收益率曲线,1Y,ChinaBond via AKShare bond_china_yield
2021-09-10,2.3666,中债国债收益率曲线,1Y,ChinaBond via AKShare bond_china_yield
2021-09-13,2.3822,中债国债收益率曲线,1Y,ChinaBond via AKShare bond_china_yield
2021-09-14,2.404,中债国债收益率曲线,1Y,ChinaBond via AKShare bond_china_yield
2021-09-15,2.4028,中债国债收益率曲线,1Y,ChinaBond via AKShare bond_china_yield
2021-09-16,2.4025,中债国债收益率曲线,1Y,ChinaBond via AKShare bond_china_yield
2021-09-17,2.3978,中债国债收益率曲线,1Y,ChinaBond via AKShare bond_china_yield
2021-09-18,2.3912,中债国债收益率曲线,1Y,ChinaBond via AKShare bond_china_yield
2021-09-22,2.3325,中债国债收益率曲线,1Y,ChinaBond via AKShare bond_china_yield
2021-09-23,2.3385,中债国债收益率曲线,1Y,ChinaBond via AKShare bond_china_yield
2021-09-24,2.3828,中债国债收益率曲线,1Y,ChinaBond via AKShare bond_china_yield
2021-09-26,2.3686,中债国债收益率曲线,1Y,ChinaBond via AKShare bond_china_yield
2021-09-27,2.3997,中债国债收益率曲线,1Y,ChinaBond via AKShare bond_china_yield
2021-09-28,2.3741,中债国债收益率曲线,1Y,ChinaBond via AKShare bond_china_yield
2021-09-29,2.3571,中债国债收益率曲线,1Y,ChinaBond via AKShare bond_china_yield
2021-09-30,2.3327,中债国债收益率曲线,1Y,ChinaBond via AKShare bond_china_yield
2021-10-08,2.344,中债国债收益率曲线,1Y,ChinaBond via AKShare bond_china_yield
2021-10-09,2.3252,中债国债收益率曲线,1Y,ChinaBond via AKShare bond_china_yield
2021-10-11,2.349,中债国债收益率曲线,1Y,ChinaBond via AKShare bond_china_yield
2021-10-12,2.3467,中债国债收益率曲线,1Y,ChinaBond via AKShare bond_china_yield
2021-10-13,2.3401,中债国债收益率曲线,1Y,ChinaBond via AKShare bond_china_yield
2021-10-14,2.3325,中债国债收益率曲线,1Y,ChinaBond via AKShare bond_china_yield
2021-10-15,2.3361,中债国债收益率曲线,1Y,ChinaBond via AKShare bond_china_yield
2021-10-18,2.3727,中债国债收益率曲线,1Y,ChinaBond via AKShare bond_china_yield
2021-10-19,2.3771,中债国债收益率曲线,1Y,ChinaBond via AKShare bond_china_yield
2021-10-20,2.3819,中债国债收益率曲线,1Y,ChinaBond via AKShare bond_china_yield
2021-10-21,2.3574,中债国债收益率曲线,1Y,ChinaBond via AKShare bond_china_yield
2021-10-22,2.3475,中债国债收益率曲线,1Y,ChinaBond via AKShare bond_china_yield
2021-10-25,2.3438,中债国债收益率曲线,1Y,ChinaBond via AKShare bond_china_yield
2021-10-26,2.3425,中债国债收益率曲线,1Y,ChinaBond via AKShare bond_china_yield
2021-10-27,2.3375,中债国债收益率曲线,1Y,ChinaBond via AKShare bond_china_yield
2021-10-28,2.3375,中债国债收益率曲线,1Y,ChinaBond via AKShare bond_china_yield
2021-10-29,2.31,中债国债收益率曲线,1Y,ChinaBond via AKShare bond_china_yield
2021-11-01,2.3151,中债国债收益率曲线,1Y,ChinaBond via AKShare bond_china_yield
2021-11-02,2.3051,中债国债收益率曲线,1Y,ChinaBond via AKShare bond_china_yield
2021-11-03,2.3001,中债国债收益率曲线,1Y,ChinaBond via AKShare bond_china_yield
2021-11-04,2.3002,中债国债收益率曲线,1Y,ChinaBond via AKShare bond_china_yield
2021-11-05,2.2852,中债国债收益率曲线,1Y,ChinaBond via AKShare bond_china_yield
2021-11-08,2.2804,中债国债收益率曲线,1Y,ChinaBond via AKShare bond_china_yield
2021-11-09,2.2905,中债国债收益率曲线,1Y,ChinaBond via AKShare bond_china_yield
2021-11-10,2.2906,中债国债收益率曲线,1Y,ChinaBond via AKShare bond_china_yield
2021-11-11,2.2907,中债国债收益率曲线,1Y,ChinaBond via AKShare bond_china_yield
2021-11-12,2.2759,中债国债收益率曲线,1Y,ChinaBond via AKShare bond_china_yield
2021-11-15,2.2737,中债国债收益率曲线,1Y,ChinaBond via AKShare bond_china_yield
2021-11-16,2.2688,中债国债收益率曲线,1Y,ChinaBond via AKShare bond_china_yield
2021-11-17,2.2814,中债国债收益率曲线,1Y,ChinaBond via AKShare bond_china_yield
2021-11-18,2.2716,中债国债收益率曲线,1Y,ChinaBond via AKShare bond_china_yield
2021-11-19,2.2618,中债国债收益率曲线,1Y,ChinaBond via AKShare bond_china_yield
2021-11-22,2.2523,中债国债收益率曲线,1Y,ChinaBond via AKShare bond_china_yield
2021-11-23,2.25,中债国债收益率曲线,1Y,ChinaBond via AKShare bond_china_yield
2021-11-24,2.2426,中债国债收益率曲线,1Y,ChinaBond via AKShare bond_china_yield
2021-11-25,2.2477,中债国债收益率曲线,1Y,ChinaBond via AKShare bond_china_yield
2021-11-26,2.2427,中债国债收益率曲线,1Y,ChinaBond via AKShare bond_china_yield
2021-11-29,2.246,中债国债收益率曲线,1Y,ChinaBond via AKShare bond_china_yield
2021-11-30,2.2463,中债国债收益率曲线,1Y,ChinaBond via AKShare bond_china_yield
2021-12-01,2.2443,中债国债收益率曲线,1Y,ChinaBond via AKShare bond_china_yield
2021-12-02,2.2446,中债国债收益率曲线,1Y,ChinaBond via AKShare bond_china_yield
2021-12-03,2.255,中债国债收益率曲线,1Y,ChinaBond via AKShare bond_china_yield
2021-12-06,2.2452,中债国债收益率曲线,1Y,ChinaBond via AKShare bond_china_yield
2021-12-07,2.251,中债国债收益率曲线,1Y,ChinaBond via AKShare bond_china_yield
2021-12-08,2.2658,中债国债收益率曲线,1Y,ChinaBond via AKShare bond_china_yield
2021-12-09,2.2767,中债国债收益率曲线,1Y,ChinaBond via AKShare bond_china_yield
2021-12-10,2.2767,中债国债收益率曲线,1Y,ChinaBond via AKShare bond_china_yield
2021-12-13,2.3015,中债国债收益率曲线,1Y,ChinaBond via AKShare bond_china_yield
2021-12-14,2.298,中债国债收益率曲线,1Y,ChinaBond via AKShare bond_china_yield
2021-12-15,2.3101,中债国债收益率曲线,1Y,ChinaBond via AKShare bond_china_yield
2021-12-16,2.3108,中债国债收益率曲线,1Y,ChinaBond via AKShare bond_china_yield
2021-12-17,2.3209,中债国债收益率曲线,1Y,ChinaBond via AKShare bond_china_yield
2021-12-20,2.3572,中债国债收益率曲线,1Y,ChinaBond via AKShare bond_china_yield
2021-12-21,2.3828,中债国债收益率曲线,1Y,ChinaBond via AKShare bond_china_yield
2021-12-22,2.3657,中债国债收益率曲线,1Y,ChinaBond via AKShare bond_china_yield
2021-12-23,2.3336,中债国债收益率曲线,1Y,ChinaBond via AKShare bond_china_yield
2021-12-24,2.3386,中债国债收益率曲线,1Y,ChinaBond via AKShare bond_china_yield
2021-12-27,2.3541,中债国债收益率曲线,1Y,ChinaBond via AKShare bond_china_yield
2021-12-28,2.3444,中债国债收益率曲线,1Y,ChinaBond via AKShare bond_china_yield
2021-12-29,2.3353,中债国债收益率曲线,1Y,ChinaBond via AKShare bond_china_yield
2021-12-30,2.2936,中债国债收益率曲线,1Y,ChinaBond via AKShare bond_china_yield
2021-12-31,2.2429,中债国债收益率曲线,1Y,ChinaBond via AKShare bond_china_yield
2022-01-04,2.2529,中债国债收益率曲线,1Y,ChinaBond via AKShare bond_china_yield
2022-01-05,2.2284,中债国债收益率曲线,1Y,ChinaBond via AKShare bond_china_yield
2022-01-06,2.2303,中债国债收益率曲线,1Y,ChinaBond via AKShare bond_china_yield
2022-01-07,2.2295,中债国债收益率曲线,1Y,ChinaBond via AKShare bond_china_yield
2022-01-10,2.2143,中债国债收益率曲线,1Y,ChinaBond via AKShare bond_china_yield
2022-01-11,2.1957,中债国债收益率曲线,1Y,ChinaBond via AKShare bond_china_yield
2022-01-12,2.1898,中债国债收益率曲线,1Y,ChinaBond via AKShare bond_china_yield
2022-01-13,2.1812,中债国债收益率曲线,1Y,ChinaBond via AKShare bond_china_yield
2022-01-14,2.1721,中债国债收益率曲线,1Y,ChinaBond via AKShare bond_china_yield
2022-01-17,2.1566,中债国债收益率曲线,1Y,ChinaBond via AKShare bond_china_yield
2022-01-18,2.0501,中债国债收益率曲线,1Y,ChinaBond via AKShare bond_china_yield
2022-01-19,2.0401,中债国债收益率曲线,1Y,ChinaBond via AKShare bond_china_yield
2022-01-20,2.0204,中债国债收益率曲线,1Y,ChinaBond via AKShare bond_china_yield
2022-01-21,2.0018,中债国债收益率曲线,1Y,ChinaBond via AKShare bond_china_yield
2022-01-24,1.9502,中债国债收益率曲线,1Y,ChinaBond via AKShare bond_china_yield
2022-01-25,1.9656,中债国债收益率曲线,1Y,ChinaBond via AKShare bond_china_yield
2022-01-26,1.9807,中债国债收益率曲线,1Y,ChinaBond via AKShare bond_china_yield
2022-01-27,1.9936,中债国债收益率曲线,1Y,ChinaBond via AKShare bond_china_yield
2022-01-28,1.9507,中债国债收益率曲线,1Y,ChinaBond via AKShare bond_china_yield
2022-01-29,1.9512,中债国债收益率曲线,1Y,ChinaBond via AKShare bond_china_yield
2022-01-30,1.9514,中债国债收益率曲线,1Y,ChinaBond via AKShare bond_china_yield
2022-02-07,1.9472,中债国债收益率曲线,1Y,ChinaBond via AKShare bond_china_yield
2022-02-08,1.9049,中债国债收益率曲线,1Y,ChinaBond via AKShare bond_china_yield
2022-02-09,1.9001,中债国债收益率曲线,1Y,ChinaBond via AKShare bond_china_yield
2022-02-10,1.8837,中债国债收益率曲线,1Y,ChinaBond via AKShare bond_china_yield
2022-02-11,1.9192,中债国债收益率曲线,1Y,ChinaBond via AKShare bond_china_yield
2022-02-14,1.9017,中债国债收益率曲线,1Y,ChinaBond via AKShare bond_china_yield
2022-02-15,1.8847,中债国债收益率曲线,1Y,ChinaBond via AKShare bond_china_yield
2022-02-16,1.9279,中债国债收益率曲线,1Y,ChinaBond via AKShare bond_china_yield
2022-02-17,1.9095,中债国债收益率曲线,1Y,ChinaBond via AKShare bond_china_yield
2022-02-18,1.9781,中债国债收益率曲线,1Y,ChinaBond via AKShare bond_china_yield
2022-02-21,2.0326,中债国债收益率曲线,1Y,ChinaBond via AKShare bond_china_yield
2022-02-22,2.1162,中债国债收益率曲线,1Y,ChinaBond via AKShare bond_china_yield
2022-02-23,2.0935,中债国债收益率曲线,1Y,ChinaBond via AKShare bond_china_yield
2022-02-24,2.0948,中债国债收益率曲线,1Y,ChinaBond via AKShare bond_china_yield
2022-02-25,2.0242,中债国债收益率曲线,1Y,ChinaBond via AKShare bond_china_yield
2022-02-28,2.0442,中债国债收益率曲线,1Y,ChinaBond via AKShare bond_china_yield
2022-03-01,2.0537,中债国债收益率曲线,1Y,ChinaBond via AKShare bond_china_yield
2022-03-02,2.0867,中债国债收益率曲线,1Y,ChinaBond via AKShare bond_china_yield
2022-03-03,2.1167,中债国债收益率曲线,1Y,ChinaBond via AKShare bond_china_yield
2022-03-04,2.1074,中债国债收益率曲线,1Y,ChinaBond via AKShare bond_china_yield
2022-03-07,2.0849,中债国债收益率曲线,1Y,ChinaBond via AKShare bond_china_yield
2022-03-08,2.0687,中债国债收益率曲线,1Y,ChinaBond via AKShare bond_china_yield
2022-03-09,2.115,中债国债收益率曲线,1Y,ChinaBond via AKShare bond_china_yield
2022-03-10,2.115,中债国债收益率曲线,1Y,ChinaBond via AKShare bond_china_yield
2022-03-11,2.0863,中债国债收益率曲线,1Y,ChinaBond via AKShare bond_china_yield
2022-03-14,2.0725,中债国债收益率曲线,1Y,ChinaBond via AKShare bond_china_yield
2022-03-15,2.1275,中债国债收益率曲线,1Y,ChinaBond via AKShare bond_china_yield
2022-03-16,2.1431,中债国债收益率曲线,1Y,ChinaBond via AKShare bond_china_yield
2022-03-17,2.1368,中债国债收益率曲线,1Y,ChinaBond via AKShare bond_china_yield
2022-03-18,2.1106,中债国债收益率曲线,1Y,ChinaBond via AKShare bond_china_yield
2022-03-21,2.15,中债国债收益率曲线,1Y,ChinaBond via AKShare bond_china_yield
2022-03-22,2.1649,中债国债收益率曲线,1Y,ChinaBond via AKShare bond_china_yield
2022-03-23,2.168,中债国债收益率曲线,1Y,ChinaBond via AKShare bond_china_yield
2022-03-24,2.1704,中债国债收益率曲线,1Y,ChinaBond via AKShare bond_china_yield
2022-03-25,2.1632,中债国债收益率曲线,1Y,ChinaBond via AKShare bond_china_yield
2022-03-28,2.1595,中债国债收益率曲线,1Y,ChinaBond via AKShare bond_china_yield
2022-03-29,2.1582,中债国债收益率曲线,1Y,ChinaBond via AKShare bond_china_yield
2022-03-30,2.1545,中债国债收益率曲线,1Y,ChinaBond via AKShare bond_china_yield
2022-03-31,2.1299,中债国债收益率曲线,1Y,ChinaBond via AKShare bond_china_yield
2022-04-01,2.1052,中债国债收益率曲线,1Y,ChinaBond via AKShare bond_china_yield
2022-04-02,2.1006,中债国债收益率曲线,1Y,ChinaBond via AKShare bond_china_yield
2022-04-06,2.0832,中债国债收益率曲线,1Y,ChinaBond via AKShare bond_china_yield
2022-04-07,2.06,中债国债收益率曲线,1Y,ChinaBond via AKShare bond_china_yield
2022-04-08,2.0669,中债国债收益率曲线,1Y,ChinaBond via AKShare bond_china_yield
2022-04-11,2.0757,中债国债收益率曲线,1Y,ChinaBond via AKShare bond_china_yield
2022-04-12,2.0729,中债国债收益率曲线,1Y,ChinaBond via AKShare bond_china_yield
2022-04-13,2.0521,中债国债收益率曲线,1Y,ChinaBond via AKShare bond_china_yield
2022-04-14,2.0264,中债国债收益率曲线,1Y,ChinaBond via AKShare bond_china_yield
2022-04-15,1.9918,中债国债收益率曲线,1Y,ChinaBond via AKShare bond_china_yield
2022-04-18,2.0143,中债国债收益率曲线,1Y,ChinaBond via AKShare bond_china_yield
2022-04-19,2.0184,中债国债收益率曲线,1Y,ChinaBond via AKShare bond_china_yield
2022-04-20,2.0136,中债国债收益率曲线,1Y,ChinaBond via AKShare bond_china_yield
2022-04-21,1.9825,中债国债收益率曲线,1Y,ChinaBond via AKShare bond_china_yield
2022-04-22,1.9542,中债国债收益率曲线,1Y,ChinaBond via AKShare bond_china_yield
2022-04-24,1.9523,中债国债收益率曲线,1Y,ChinaBond via AKShare bond_china_yield
2022-04-25,1.9282,中债国债收益率曲线,1Y,ChinaBond via AKShare bond_china_yield
2022-04-26,1.9633,中债国债收益率曲线,1Y,ChinaBond via AKShare bond_china_yield
2022-04-27,2.041,中债国债收益率曲线,1Y,ChinaBond via AKShare bond_china_yield
2022-04-28,2.0563,中债国债收益率曲线,1Y,ChinaBond via AKShare bond_china_yield
2022-04-29,2.032,中债国债收益率曲线,1Y,ChinaBond via AKShare bond_china_yield
2022-05-05,2.0367,中债国债收益率曲线,1Y,ChinaBond via AKShare bond_china_yield
2022-05-06,2.0454,中债国债收益率曲线,1Y,ChinaBond via AKShare bond_china_yield
2022-05-07,2.0423,中债国债收益率曲线,1Y,ChinaBond via AKShare bond_china_yield
2022-05-09,2.0373,中债国债收益率曲线,1Y,ChinaBond via AKShare bond_china_yield
2022-05-10,2.0306,中债国债收益率曲线,1Y,ChinaBond via AKShare bond_china_yield
2022-05-11,2.051,中债国债收益率曲线,1Y,ChinaBond via AKShare bond_china_yield
2022-05-12,2.0261,中债国债收益率曲线,1Y,ChinaBond via AKShare bond_china_yield
2022-05-13,2.0125,中债国债收益率曲线,1Y,ChinaBond via AKShare bond_china_yield
2022-05-16,1.997,中债国债收益率曲线,1Y,ChinaBond via AKShare bond_china_yield
2022-05-17,1.9474,中债国债收益率曲线,1Y,ChinaBond via AKShare bond_china_yield
2022-05-18,1.9275,中债国债收益率曲线,1Y,ChinaBond via AKShare bond_china_yield
2022-05-19,1.9421,中债国债收益率曲线,1Y,ChinaBond via AKShare bond_china_yield
2022-05-20,1.9565,中债国债收益率曲线,1Y,ChinaBond via AKShare bond_china_yield
2022-05-23,1.9568,中债国债收益率曲线,1Y,ChinaBond via AKShare bond_china_yield
2022-05-24,1.9677,中债国债收益率曲线,1Y,ChinaBond via AKShare bond_china_yield
2022-05-25,1.9773,中债国债收益率曲线,1Y,ChinaBond via AKShare bond_china_yield
2022-05-26,1.9246,中债国债收益率曲线,1Y,ChinaBond via AKShare bond_china_yield
2022-05-27,1.9133,中债国债收益率曲线,1Y,ChinaBond via AKShare bond_china_yield
2022-05-30,1.9141,中债国债收益率曲线,1Y,ChinaBond via AKShare bond_china_yield
2022-05-31,1.916,中债国债收益率曲线,1Y,ChinaBond via AKShare bond_china_yield
2022-06-01,1.9415,中债国债收益率曲线,1Y,ChinaBond via AKShare bond_china_yield
2022-06-02,1.9564,中债国债收益率曲线,1Y,ChinaBond via AKShare bond_china_yield
2022-06-06,2.0199,中债国债收益率曲线,1Y,ChinaBond via AKShare bond_china_yield
2022-06-07,2.018,中债国债收益率曲线,1Y,ChinaBond via AKShare bond_china_yield
2022-06-08,2.0282,中债国债收益率曲线,1Y,ChinaBond via AKShare bond_china_yield
2022-06-09,2.0151,中债国债收益率曲线,1Y,ChinaBond via AKShare bond_china_yield
2022-06-10,2.0051,中债国债收益率曲线,1Y,ChinaBond via AKShare bond_china_yield
2022-06-13,2.0026,中债国债收益率曲线,1Y,ChinaBond via AKShare bond_china_yield
2022-06-14,2.0176,中债国债收益率曲线,1Y,ChinaBond via AKShare bond_china_yield
2022-06-15,2.036,中债国债收益率曲线,1Y,ChinaBond via AKShare bond_china_yield
2022-06-16,2.0352,中债国债收益率曲线,1Y,ChinaBond via AKShare bond_china_yield
2022-06-17,2.0102,中债国债收益率曲线,1Y,ChinaBond via AKShare bond_china_yield
2022-06-20,2.0056,中债国债收益率曲线,1Y,ChinaBond via AKShare bond_china_yield
2022-06-21,2.0018,中债国债收益率曲线,1Y,ChinaBond via AKShare bond_china_yield
2022-06-22,1.9869,中债国债收益率曲线,1Y,ChinaBond via AKShare bond_china_yield
2022-06-23,1.9608,中债国债收益率曲线,1Y,ChinaBond via AKShare bond_china_yield
2022-06-24,1.9653,中债国债收益率曲线,1Y,ChinaBond via AKShare bond_china_yield
2022-06-27,1.9971,中债国债收益率曲线,1Y,ChinaBond via AKShare bond_china_yield
2022-06-28,1.9976,中债国债收益率曲线,1Y,ChinaBond via AKShare bond_china_yield
2022-06-29,1.9763,中债国债收益率曲线,1Y,ChinaBond via AKShare bond_china_yield
2022-06-30,1.9504,中债国债收益率曲线,1Y,ChinaBond via AKShare bond_china_yield
2022-07-01,1.9324,中债国债收益率曲线,1Y,ChinaBond via AKShare bond_china_yield
2022-07-04,1.9831,中债国债收益率曲线,1Y,ChinaBond via AKShare bond_china_yield
2022-07-05,2.01,中债国债收益率曲线,1Y,ChinaBond via AKShare bond_china_yield
2022-07-06,1.9911,中债国债收益率曲线,1Y,ChinaBond via AKShare bond_china_yield
2022-07-07,1.9824,中债国债收益率曲线,1Y,ChinaBond via AKShare bond_china_yield
2022-07-08,1.9584,中债国债收益率曲线,1Y,ChinaBond via AKShare bond_china_yield
2022-07-11,1.9417,中债国债收益率曲线,1Y,ChinaBond via AKShare bond_china_yield
2022-07-12,1.9345,中债国债收益率曲线,1Y,ChinaBond via AKShare bond_china_yield
2022-07-13,1.9376,中债国债收益率曲线,1Y,ChinaBond via AKShare bond_china_yield
2022-07-14,1.9147,中债国债收益率曲线,1Y,ChinaBond via AKShare bond_china_yield
2022-07-15,1.8837,中债国债收益率曲线,1Y,ChinaBond via AKShare bond_china_yield
2022-07-18,1.8488,中债国债收益率曲线,1Y,ChinaBond via AKShare bond_china_yield
2022-07-19,1.8491,中债国债收益率曲线,1Y,ChinaBond via AKShare bond_china_yield
2022-07-20,1.8712,中债国债收益率曲线,1Y,ChinaBond via AKShare bond_china_yield
2022-07-21,1.8717,中债国债收益率曲线,1Y,ChinaBond via AKShare bond_china_yield
2022-07-22,1.9036,中债国债收益率曲线,1Y,ChinaBond via AKShare bond_china_yield
2022-07-25,1.9007,中债国债收益率曲线,1Y,ChinaBond via AKShare bond_china_yield
2022-07-26,1.881,中债国债收益率曲线,1Y,ChinaBond via AKShare bond_china_yield
2022-07-27,1.8772,中债国债收益率曲线,1Y,ChinaBond via AKShare bond_china_yield
2022-07-28,1.8905,中债国债收益率曲线,1Y,ChinaBond via AKShare bond_china_yield
2022-07-29,1.8623,中债国债收益率曲线,1Y,ChinaBond via AKShare bond_china_yield
2022-08-01,1.8269,中债国债收益率曲线,1Y,ChinaBond via AKShare bond_china_yield
2022-08-02,1.7705,中债国债收益率曲线,1Y,ChinaBond via AKShare bond_china_yield
2022-08-03,1.7528,中债国债收益率曲线,1Y,ChinaBond via AKShare bond_china_yield
2022-08-04,1.6907,中债国债收益率曲线,1Y,ChinaBond via AKShare bond_china_yield
2022-08-05,1.7116,中债国债收益率曲线,1Y,ChinaBond via AKShare bond_china_yield
2022-08-08,1.7316,中债国债收益率曲线,1Y,ChinaBond via AKShare bond_china_yield
2022-08-09,1.7886,中债国债收益率曲线,1Y,ChinaBond via AKShare bond_china_yield
2022-08-10,1.8136,中债国债收益率曲线,1Y,ChinaBond via AKShare bond_china_yield
2022-08-11,1.8161,中债国债收益率曲线,1Y,ChinaBond via AKShare bond_china_yield
2022-08-12,1.8115,中债国债收益率曲线,1Y,ChinaBond via AKShare bond_china_yield
2022-08-15,1.7167,中债国债收益率曲线,1Y,ChinaBond via AKShare bond_china_yield
2022-08-16,1.7199,中债国债收益率曲线,1Y,ChinaBond via AKShare bond_china_yield
2022-08-17,1.719,中债国债收益率曲线,1Y,ChinaBond via AKShare bond_china_yield
2022-08-18,1.7004,中债国债收益率曲线,1Y,ChinaBond via AKShare bond_china_yield
2022-08-19,1.7248,中债国债收益率曲线,1Y,ChinaBond via AKShare bond_china_yield
2022-08-22,1.757,中债国债收益率曲线,1Y,ChinaBond via AKShare bond_china_yield
2022-08-23,1.7571,中债国债收益率曲线,1Y,ChinaBond via AKShare bond_china_yield
2022-08-24,1.7496,中债国债收益率曲线,1Y,ChinaBond via AKShare bond_china_yield
2022-08-25,1.7912,中债国债收益率曲线,1Y,ChinaBond via AKShare bond_china_yield
2022-08-26,1.7922,中债国债收益率曲线,1Y,ChinaBond via AKShare bond_china_yield
2022-08-29,1.7561,中债国债收益率曲线,1Y,ChinaBond via AKShare bond_china_yield
2022-08-30,1.7406,中债国债收益率曲线,1Y,ChinaBond via AKShare bond_china_yield
2022-08-31,1.7378,中债国债收益率曲线,1Y,ChinaBond via AKShare bond_china_yield
2022-09-01,1.7243,中债国债收益率曲线,1Y,ChinaBond via AKShare bond_china_yield
2022-09-02,1.7193,中债国债收益率曲线,1Y,ChinaBond via AKShare bond_china_yield
2022-09-05,1.7132,中债国债收益率曲线,1Y,ChinaBond via AKShare bond_china_yield
2022-09-06,1.7127,中债国债收益率曲线,1Y,ChinaBond via AKShare bond_china_yield
2022-09-07,1.7365,中债国债收益率曲线,1Y,ChinaBond via AKShare bond_china_yield
2022-09-08,1.749,中债国债收益率曲线,1Y,ChinaBond via AKShare bond_china_yield
2022-09-09,1.7597,中债国债收益率曲线,1Y,ChinaBond via AKShare bond_china_yield
2022-09-13,1.7697,中债国债收益率曲线,1Y,ChinaBond via AKShare bond_china_yield
2022-09-14,1.8015,中债国债收益率曲线,1Y,ChinaBond via AKShare bond_china_yield
2022-09-15,1.8058,中债国债收益率曲线,1Y,ChinaBond via AKShare bond_china_yield
2022-09-16,1.8298,中债国债收益率曲线,1Y,ChinaBond via AKShare bond_china_yield
2022-09-19,1.8506,中债国债收益率曲线,1Y,ChinaBond via AKShare bond_china_yield
2022-09-20,1.8483,中债国债收益率曲线,1Y,ChinaBond via AKShare bond_china_yield
2022-09-21,1.8282,中债国债收益率曲线,1Y,ChinaBond via AKShare bond_china_yield
2022-09-22,1.8232,中债国债收益率曲线,1Y,ChinaBond via AKShare bond_china_yield
2022-09-23,1.828,中债国债收益率曲线,1Y,ChinaBond via AKShare bond_china_yield
2022-09-26,1.8608,中债国债收益率曲线,1Y,ChinaBond via AKShare bond_china_yield
2022-09-27,1.8711,中债国债收益率曲线,1Y,ChinaBond via AKShare bond_china_yield
2022-09-28,1.9024,中债国债收益率曲线,1Y,ChinaBond via AKShare bond_china_yield
2022-09-29,1.893,中债国债收益率曲线,1Y,ChinaBond via AKShare bond_china_yield
2022-09-30,1.8535,中债国债收益率曲线,1Y,ChinaBond via AKShare bond_china_yield
2022-10-08,1.8323,中债国债收益率曲线,1Y,ChinaBond via AKShare bond_china_yield
2022-10-09,1.829,中债国债收益率曲线,1Y,ChinaBond via AKShare bond_china_yield
2022-10-10,1.7908,中债国债收益率曲线,1Y,ChinaBond via AKShare bond_china_yield
2022-10-11,1.7867,中债国债收益率曲线,1Y,ChinaBond via AKShare bond_china_yield
2022-10-12,1.8067,中债国债收益率曲线,1Y,ChinaBond via AKShare bond_china_yield
2022-10-13,1.8051,中债国债收益率曲线,1Y,ChinaBond via AKShare bond_china_yield
2022-10-14,1.7851,中债国债收益率曲线,1Y,ChinaBond via AKShare bond_china_yield
2022-10-17,1.7856,中债国债收益率曲线,1Y,ChinaBond via AKShare bond_china_yield
2022-10-18,1.7856,中债国债收益率曲线,1Y,ChinaBond via AKShare bond_china_yield
2022-10-19,1.7806,中债国债收益率曲线,1Y,ChinaBond via AKShare bond_china_yield
2022-10-20,1.7656,中债国债收益率曲线,1Y,ChinaBond via AKShare bond_china_yield
2022-10-21,1.7706,中债国债收益率曲线,1Y,ChinaBond via AKShare bond_china_yield
2022-10-24,1.77,中债国债收益率曲线,1Y,ChinaBond via AKShare bond_china_yield
2022-10-25,1.7945,中债国债收益率曲线,1Y,ChinaBond via AKShare bond_china_yield
2022-10-26,1.8005,中债国债收益率曲线,1Y,ChinaBond via AKShare bond_china_yield
2022-10-27,1.7551,中债国债收益率曲线,1Y,ChinaBond via AKShare bond_china_yield
2022-10-28,1.7403,中债国债收益率曲线,1Y,ChinaBond via AKShare bond_china_yield
2022-10-31,1.7305,中债国债收益率曲线,1Y,ChinaBond via AKShare bond_china_yield
2022-11-01,1.7523,中债国债收益率曲线,1Y,ChinaBond via AKShare bond_china_yield
2022-11-02,1.7633,中债国债收益率曲线,1Y,ChinaBond via AKShare bond_china_yield
2022-11-03,1.753,中债国债收益率曲线,1Y,ChinaBond via AKShare bond_china_yield
2022-11-04,1.7628,中债国债收益率曲线,1Y,ChinaBond via AKShare bond_china_yield
2022-11-07,1.7516,中债国债收益率曲线,1Y,ChinaBond via AKShare bond_china_yield
2022-11-08,1.7774,中债国债收益率曲线,1Y,ChinaBond via AKShare bond_china_yield
2022-11-09,1.8156,中债国债收益率曲线,1Y,ChinaBond via AKShare bond_china_yield
2022-11-10,1.8584,中债国债收益率曲线,1Y,ChinaBond via AKShare bond_china_yield
2022-11-11,1.9614,中债国债收益率曲线,1Y,ChinaBond via AKShare bond_china_yield
2022-11-14,2.0663,中债国债收益率曲线,1Y,ChinaBond via AKShare bond_china_yield
2022-11-15,2.1342,中债国债收益率曲线,1Y,ChinaBond via AKShare bond_china_yield
2022-11-16,2.2014,中债国债收益率曲线,1Y,ChinaBond via AKShare bond_china_yield
2022-11-17,2.1715,中债国债收益率曲线,1Y,ChinaBond via AKShare bond_china_yield
2022-11-18,2.1718,中债国债收益率曲线,1Y,ChinaBond via AKShare bond_china_yield
2022-11-21,2.1504,中债国债收益率曲线,1Y,ChinaBond via AKShare bond_china_yield
2022-11-22,2.1431,中债国债收益率曲线,1Y,ChinaBond via AKShare bond_china_yield
2022-11-23,2.1024,中债国债收益率曲线,1Y,ChinaBond via AKShare bond_china_yield
2022-11-24,2.0581,中债国债收益率曲线,1Y,ChinaBond via AKShare bond_china_yield
2022-11-25,2.0685,中债国债收益率曲线,1Y,ChinaBond via AKShare bond_china_yield
2022-11-28,2.0699,中债国债收益率曲线,1Y,ChinaBond via AKShare bond_china_yield
2022-11-29,2.1139,中债国债收益率曲线,1Y,ChinaBond via AKShare bond_china_yield
2022-11-30,2.1341,中债国债收益率曲线,1Y,ChinaBond via AKShare bond_china_yield
2022-12-01,2.1456,中债国债收益率曲线,1Y,ChinaBond via AKShare bond_china_yield
2022-12-02,2.1554,中债国债收益率曲线,1Y,ChinaBond via AKShare bond_china_yield
2022-12-05,2.1462,中债国债收益率曲线,1Y,ChinaBond via AKShare bond_china_yield
2022-12-06,2.1566,中债国债收益率曲线,1Y,ChinaBond via AKShare bond_china_yield
2022-12-07,2.2495,中债国债收益率曲线,1Y,ChinaBond via AKShare bond_china_yield
2022-12-08,2.2457,中债国债收益率曲线,1Y,ChinaBond via AKShare bond_china_yield
2022-12-09,2.2869,中债国债收益率曲线,1Y,ChinaBond via AKShare bond_china_yield
2022-12-12,2.3019,中债国债收益率曲线,1Y,ChinaBond via AKShare bond_china_yield
2022-12-13,2.3369,中债国债收益率曲线,1Y,ChinaBond via AKShare bond_china_yield
2022-12-14,2.3019,中债国债收益率曲线,1Y,ChinaBond via AKShare bond_china_yield
2022-12-15,2.3169,中债国债收益率曲线,1Y,ChinaBond via AKShare bond_china_yield
2022-12-16,2.3169,中债国债收益率曲线,1Y,ChinaBond via AKShare bond_china_yield
2022-12-19,2.2969,中债国债收益率曲线,1Y,ChinaBond via AKShare bond_china_yield
2022-12-20,2.2969,中债国债收益率曲线,1Y,ChinaBond via AKShare bond_china_yield
2022-12-21,2.2919,中债国债收益率曲线,1Y,ChinaBond via AKShare bond_china_yield
2022-12-22,2.2669,中债国债收益率曲线,1Y,ChinaBond via AKShare bond_china_yield
2022-12-23,2.2269,中债国债收益率曲线,1Y,ChinaBond via AKShare bond_china_yield
2022-12-26,2.2469,中债国债收益率曲线,1Y,ChinaBond via AKShare bond_china_yield
2022-12-27,2.2469,中债国债收益率曲线,1Y,ChinaBond via AKShare bond_china_yield
2022-12-28,2.2369,中债国债收益率曲线,1Y,ChinaBond via AKShare bond_china_yield
2022-12-29,2.1669,中债国债收益率曲线,1Y,ChinaBond via AKShare bond_china_yield
2022-12-30,2.0969,中债国债收益率曲线,1Y,ChinaBond via AKShare bond_china_yield
2022-12-31,2.0969,中债国债收益率曲线,1Y,ChinaBond via AKShare bond_china_yield
2023-01-03,2.112,中债国债收益率曲线,1Y,ChinaBond via AKShare bond_china_yield
2023-01-04,2.067,中债国债收益率曲线,1Y,ChinaBond via AKShare bond_china_yield
2023-01-05,2.082,中债国债收益率曲线,1Y,ChinaBond via AKShare bond_china_yield
2023-01-06,2.097,中债国债收益率曲线,1Y,ChinaBond via AKShare bond_china_yield
2023-01-09,2.0996,中债国债收益率曲线,1Y,ChinaBond via AKShare bond_china_yield
2023-01-10,2.122,中债国债收益率曲线,1Y,ChinaBond via AKShare bond_china_yield
2023-01-11,2.127,中债国债收益率曲线,1Y,ChinaBond via AKShare bond_china_yield
2023-01-12,2.097,中债国债收益率曲线,1Y,ChinaBond via AKShare bond_china_yield
2023-01-13,2.097,中债国债收益率曲线,1Y,ChinaBond via AKShare bond_china_yield
2023-01-16,2.127,中债国债收益率曲线,1Y,ChinaBond via AKShare bond_china_yield
2023-01-17,2.127,中债国债收益率曲线,1Y,ChinaBond via AKShare bond_china_yield
2023-01-18,2.1615,中债国债收益率曲线,1Y,ChinaBond via AKShare bond_china_yield
2023-01-19,2.1677,中债国债收益率曲线,1Y,ChinaBond via AKShare bond_china_yield
2023-01-20,2.1648,中债国债收益率曲线,1Y,ChinaBond via AKShare bond_china_yield
2023-01-28,2.1496,中债国债收益率曲线,1Y,ChinaBond via AKShare bond_china_yield
2023-01-29,2.1519,中债国债收益率曲线,1Y,ChinaBond via AKShare bond_china_yield
2023-01-30,2.176,中债国债收益率曲线,1Y,ChinaBond via AKShare bond_china_yield
2023-01-31,2.1535,中债国债收益率曲线,1Y,ChinaBond via AKShare bond_china_yield
2023-02-01,2.1631,中债国债收益率曲线,1Y,ChinaBond via AKShare bond_china_yield
2023-02-02,2.1507,中债国债收益率曲线,1Y,ChinaBond via AKShare bond_china_yield
2023-02-03,2.1504,中债国债收益率曲线,1Y,ChinaBond via AKShare bond_china_yield
2023-02-06,2.1581,中债国债收益率曲线,1Y,ChinaBond via AKShare bond_china_yield
2023-02-07,2.163,中债国债收益率曲线,1Y,ChinaBond via AKShare bond_china_yield
2023-02-08,2.1617,中债国债收益率曲线,1Y,ChinaBond via AKShare bond_china_yield
2023-02-09,2.1673,中债国债收益率曲线,1Y,ChinaBond via AKShare bond_china_yield
2023-02-10,2.1682,中债国债收益率曲线,1Y,ChinaBond via AKShare bond_china_yield
2023-02-13,2.1734,中债国债收益率曲线,1Y,ChinaBond via AKShare bond_china_yield
2023-02-14,2.1781,中债国债收益率曲线,1Y,ChinaBond via AKShare bond_china_yield
2023-02-15,2.1792,中债国债收益率曲线,1Y,ChinaBond via AKShare bond_china_yield
2023-02-16,2.1916,中债国债收益率曲线,1Y,ChinaBond via AKShare bond_china_yield
2023-02-17,2.1973,中债国债收益率曲线,1Y,ChinaBond via AKShare bond_china_yield
2023-02-20,2.2395,中债国债收益率曲线,1Y,ChinaBond via AKShare bond_china_yield
2023-02-21,2.2422,中债国债收益率曲线,1Y,ChinaBond via AKShare bond_china_yield
2023-02-22,2.24,中债国债收益率曲线,1Y,ChinaBond via AKShare bond_china_yield
2023-02-23,2.2603,中债国债收益率曲线,1Y,ChinaBond via AKShare bond_china_yield
2023-02-24,2.2948,中债国债收益率曲线,1Y,ChinaBond via AKShare bond_china_yield
2023-02-27,2.3165,中债国债收益率曲线,1Y,ChinaBond via AKShare bond_china_yield
2023-02-28,2.3291,中债国债收益率曲线,1Y,ChinaBond via AKShare bond_china_yield
2023-03-01,2.3197,中债国债收益率曲线,1Y,ChinaBond via AKShare bond_china_yield
2023-03-02,2.3247,中债国债收益率曲线,1Y,ChinaBond via AKShare bond_china_yield
2023-03-03,2.323,中债国债收益率曲线,1Y,ChinaBond via AKShare bond_china_yield
2023-03-06,2.2955,中债国债收益率曲线,1Y,ChinaBond via AKShare bond_china_yield
2023-03-07,2.288,中债国债收益率曲线,1Y,ChinaBond via AKShare bond_china_yield
2023-03-08,2.273,中债国债收益率曲线,1Y,ChinaBond via AKShare bond_china_yield
2023-03-09,2.273,中债国债收益率曲线,1Y,ChinaBond via AKShare bond_china_yield
2023-03-10,2.263,中债国债收益率曲线,1Y,ChinaBond via AKShare bond_china_yield
2023-03-13,2.263,中债国债收益率曲线,1Y,ChinaBond via AKShare bond_china_yield
2023-03-14,2.269,中债国债收益率曲线,1Y,ChinaBond via AKShare bond_china_yield
2023-03-15,2.279,中债国债收益率曲线,1Y,ChinaBond via AKShare bond_china_yield
2023-03-16,2.249,中债国债收益率曲线,1Y,ChinaBond via AKShare bond_china_yield
2023-03-17,2.249,中债国债收益率曲线,1Y,ChinaBond via AKShare bond_china_yield
2023-03-20,2.234,中债国债收益率曲线,1Y,ChinaBond via AKShare bond_china_yield
2023-03-21,2.249,中债国债收益率曲线,1Y,ChinaBond via AKShare bond_china_yield
2023-03-22,2.2728,中债国债收益率曲线,1Y,ChinaBond via AKShare bond_china_yield
2023-03-23,2.2678,中债国债收益率曲线,1Y,ChinaBond via AKShare bond_china_yield
2023-03-24,2.2928,中债国债收益率曲线,1Y,ChinaBond via AKShare bond_china_yield
2023-03-27,2.2728,中债国债收益率曲线,1Y,ChinaBond via AKShare bond_china_yield
2023-03-28,2.2778,中债国债收益率曲线,1Y,ChinaBond via AKShare bond_china_yield
2023-03-29,2.2753,中债国债收益率曲线,1Y,ChinaBond via AKShare bond_china_yield
2023-03-30,2.2728,中债国债收益率曲线,1Y,ChinaBond via AKShare bond_china_yield
2023-03-31,2.2328,中债国债收益率曲线,1Y,ChinaBond via AKShare bond_china_yield
2023-04-03,2.2328,中债国债收益率曲线,1Y,ChinaBond via AKShare bond_china_yield
2023-04-04,2.2303,中债国债收益率曲线,1Y,ChinaBond via AKShare bond_china_yield
2023-04-06,2.2278,中债国债收益率曲线,1Y,ChinaBond via AKShare bond_china_yield
2023-04-07,2.2278,中债国债收益率曲线,1Y,ChinaBond via AKShare bond_china_yield
2023-04-10,2.2228,中债国债收益率曲线,1Y,ChinaBond via AKShare bond_china_yield
2023-04-11,2.2128,中债国债收益率曲线,1Y,ChinaBond via AKShare bond_china_yield
2023-04-12,2.2091,中债国债收益率曲线,1Y,ChinaBond via AKShare bond_china_yield
2023-04-13,2.2066,中债国债收益率曲线,1Y,ChinaBond via AKShare bond_china_yield
2023-04-14,2.2091,中债国债收益率曲线,1Y,ChinaBond via AKShare bond_china_yield
2023-04-17,2.2141,中债国债收益率曲线,1Y,ChinaBond via AKShare bond_china_yield
2023-04-18,2.2016,中债国债收益率曲线,1Y,ChinaBond via AKShare bond_china_yield
2023-04-19,2.1891,中债国债收益率曲线,1Y,ChinaBond via AKShare bond_china_yield
2023-04-20,2.1905,中债国债收益率曲线,1Y,ChinaBond via AKShare bond_china_yield
2023-04-21,2.1894,中债国债收益率曲线,1Y,ChinaBond via AKShare bond_china_yield
2023-04-23,2.1906,中债国债收益率曲线,1Y,ChinaBond via AKShare bond_china_yield
2023-04-24,2.1855,中债国债收益率曲线,1Y,ChinaBond via AKShare bond_china_yield
2023-04-25,2.1754,中债国债收益率曲线,1Y,ChinaBond via AKShare bond_china_yield
2023-04-26,2.1727,中债国债收益率曲线,1Y,ChinaBond via AKShare bond_china_yield
2023-04-27,2.156,中债国债收益率曲线,1Y,ChinaBond via AKShare bond_china_yield
2023-04-28,2.1464,中债国债收益率曲线,1Y,ChinaBond via AKShare bond_china_yield
2023-05-04,2.1362,中债国债收益率曲线,1Y,ChinaBond via AKShare bond_china_yield
2023-05-05,2.1266,中债国债收益率曲线,1Y,ChinaBond via AKShare bond_china_yield
2023-05-06,2.1215,中债国债收益率曲线,1Y,ChinaBond via AKShare bond_china_yield
2023-05-08,2.1323,中债国债收益率曲线,1Y,ChinaBond via AKShare bond_china_yield
2023-05-09,2.1203,中债国债收益率曲线,1Y,ChinaBond via AKShare bond_china_yield
2023-05-10,2.0883,中债国债收益率曲线,1Y,ChinaBond via AKShare bond_china_yield
2023-05-11,2.0353,中债国债收益率曲线,1Y,ChinaBond via AKShare bond_china_yield
2023-05-12,2.0441,中债国债收益率曲线,1Y,ChinaBond via AKShare bond_china_yield
2023-05-15,2.0602,中债国债收益率曲线,1Y,ChinaBond via AKShare bond_china_yield
2023-05-16,2.0653,中债国债收益率曲线,1Y,ChinaBond via AKShare bond_china_yield
2023-05-17,2.078,中债国债收益率曲线,1Y,ChinaBond via AKShare bond_china_yield
2023-05-18,2.0729,中债国债收益率曲线,1Y,ChinaBond via AKShare bond_china_yield
2023-05-19,2.0554,中债国债收益率曲线,1Y,ChinaBond via AKShare bond_china_yield
2023-05-22,2.0218,中债国债收益率曲线,1Y,ChinaBond via AKShare bond_china_yield
2023-05-23,1.9909,中债国债收益率曲线,1Y,ChinaBond via AKShare bond_china_yield
2023-05-24,1.9893,中债国债收益率曲线,1Y,ChinaBond via AKShare bond_china_yield
2023-05-25,1.979,中债国债收益率曲线,1Y,ChinaBond via AKShare bond_china_yield
2023-05-26,2.0188,中债国债收益率曲线,1Y,ChinaBond via AKShare bond_china_yield
2023-05-29,1.9979,中债国债收益率曲线,1Y,ChinaBond via AKShare bond_china_yield
2023-05-30,1.9835,中债国债收益率曲线,1Y,ChinaBond via AKShare bond_china_yield
2023-05-31,1.9829,中债国债收益率曲线,1Y,ChinaBond via AKShare bond_china_yield
2023-06-01,1.9721,中债国债收益率曲线,1Y,ChinaBond via AKShare bond_china_yield
2023-06-02,1.9731,中债国债收益率曲线,1Y,ChinaBond via AKShare bond_china_yield
2023-06-05,1.939,中债国债收益率曲线,1Y,ChinaBond via AKShare bond_china_yield
2023-06-06,1.9177,中债国债收益率曲线,1Y,ChinaBond via AKShare bond_china_yield
2023-06-07,1.8955,中债国债收益率曲线,1Y,ChinaBond via AKShare bond_china_yield
2023-06-08,1.8887,中债国债收益率曲线,1Y,ChinaBond via AKShare bond_china_yield
2023-06-09,1.8636,中债国债收益率曲线,1Y,ChinaBond via AKShare bond_china_yield
2023-06-12,1.8663,中债国债收益率曲线,1Y,ChinaBond via AKShare bond_china_yield
2023-06-13,1.8514,中债国债收益率曲线,1Y,ChinaBond via AKShare bond_china_yield
2023-06-14,1.8365,中债国债收益率曲线,1Y,ChinaBond via AKShare bond_china_yield
2023-06-15,1.8616,中债国债收益率曲线,1Y,ChinaBond via AKShare bond_china_yield
2023-06-16,1.8817,中债国债收益率曲线,1Y,ChinaBond via AKShare bond_china_yield
2023-06-19,1.9018,中债国债收益率曲线,1Y,ChinaBond via AKShare bond_china_yield
2023-06-20,1.9118,中债国债收益率曲线,1Y,ChinaBond via AKShare bond_china_yield
2023-06-21,1.9161,中债国债收益率曲线,1Y,ChinaBond via AKShare bond_china_yield
2023-06-25,1.912,中债国债收益率曲线,1Y,ChinaBond via AKShare bond_china_yield
2023-06-26,1.912,中债国债收益率曲线,1Y,ChinaBond via AKShare bond_china_yield
2023-06-27,1.952,中债国债收益率曲线,1Y,ChinaBond via AKShare bond_china_yield
2023-06-28,1.942,中债国债收益率曲线,1Y,ChinaBond via AKShare bond_china_yield
2023-06-29,1.932,中债国债收益率曲线,1Y,ChinaBond via AKShare bond_china_yield
2023-06-30,1.8723,中债国债收益率曲线,1Y,ChinaBond via AKShare bond_china_yield
2023-07-03,1.8425,中债国债收益率曲线,1Y,ChinaBond via AKShare bond_china_yield
2023-07-04,1.8326,中债国债收益率曲线,1Y,ChinaBond via AKShare bond_china_yield
2023-07-05,1.8227,中债国债收益率曲线,1Y,ChinaBond via AKShare bond_china_yield
2023-07-06,1.8227,中债国债收益率曲线,1Y,ChinaBond via AKShare bond_china_yield
2023-07-07,1.8279,中债国债收益率曲线,1Y,ChinaBond via AKShare bond_china_yield
2023-07-10,1.8279,中债国债收益率曲线,1Y,ChinaBond via AKShare bond_china_yield
2023-07-11,1.8231,中债国债收益率曲线,1Y,ChinaBond via AKShare bond_china_yield
2023-07-12,1.8183,中债国债收益率曲线,1Y,ChinaBond via AKShare bond_china_yield
2023-07-13,1.8384,中债国债收益率曲线,1Y,ChinaBond via AKShare bond_china_yield
2023-07-14,1.8385,中债国债收益率曲线,1Y,ChinaBond via AKShare bond_china_yield
2023-07-17,1.7635,中债国债收益率曲线,1Y,ChinaBond via AKShare bond_china_yield
2023-07-18,1.7635,中债国债收益率曲线,1Y,ChinaBond via AKShare bond_china_yield
2023-07-19,1.7535,中债国债收益率曲线,1Y,ChinaBond via AKShare bond_china_yield
2023-07-20,1.7485,中债国债收益率曲线,1Y,ChinaBond via AKShare bond_china_yield
2023-07-21,1.7385,中债国债收益率曲线,1Y,ChinaBond via AKShare bond_china_yield
2023-07-24,1.7335,中债国债收益率曲线,1Y,ChinaBond via AKShare bond_china_yield
2023-07-25,1.7782,中债国债收益率曲线,1Y,ChinaBond via AKShare bond_china_yield
2023-07-26,1.7882,中债国债收益率曲线,1Y,ChinaBond via AKShare bond_china_yield
2023-07-27,1.8182,中债国债收益率曲线,1Y,ChinaBond via AKShare bond_china_yield
2023-07-28,1.8181,中债国债收益率曲线,1Y,ChinaBond via AKShare bond_china_yield
2023-07-31,1.8102,中债国债收益率曲线,1Y,ChinaBond via AKShare bond_china_yield
2023-08-01,1.7751,中债国债收益率曲线,1Y,ChinaBond via AKShare bond_china_yield
2023-08-02,1.7663,中债国债收益率曲线,1Y,ChinaBond via AKShare bond_china_yield
2023-08-03,1.7421,中债国债收益率曲线,1Y,ChinaBond via AKShare bond_china_yield
2023-08-04,1.7511,中债国债收益率曲线,1Y,ChinaBond via AKShare bond_china_yield
2023-08-07,1.7599,中债国债收益率曲线,1Y,ChinaBond via AKShare bond_china_yield
2023-08-08,1.7796,中债国债收益率曲线,1Y,ChinaBond via AKShare bond_china_yield
2023-08-09,1.8093,中债国债收益率曲线,1Y,ChinaBond via AKShare bond_china_yield
2023-08-10,1.8265,中债国债收益率曲线,1Y,ChinaBond via AKShare bond_china_yield
2023-08-11,1.8305,中债国债收益率曲线,1Y,ChinaBond via AKShare bond_china_yield
2023-08-14,1.8156,中债国债收益率曲线,1Y,ChinaBond via AKShare bond_china_yield
2023-08-15,1.8245,中债国债收益率曲线,1Y,ChinaBond via AKShare bond_china_yield
2023-08-16,1.8375,中债国债收益率曲线,1Y,ChinaBond via AKShare bond_china_yield
2023-08-17,1.8397,中债国债收益率曲线,1Y,ChinaBond via AKShare bond_china_yield
2023-08-18,1.8323,中债国债收益率曲线,1Y,ChinaBond via AKShare bond_china_yield
2023-08-21,1.8705,中债国债收益率曲线,1Y,ChinaBond via AKShare bond_china_yield
2023-08-22,1.899,中债国债收益率曲线,1Y,ChinaBond via AKShare bond_china_yield
2023-08-23,1.8964,中债国债收益率曲线,1Y,ChinaBond via AKShare bond_china_yield
2023-08-24,1.8772,中债国债收益率曲线,1Y,ChinaBond via AKShare bond_china_yield
2023-08-25,1.8951,中债国债收益率曲线,1Y,ChinaBond via AKShare bond_china_yield
2023-08-28,1.9245,中债国债收益率曲线,1Y,ChinaBond via AKShare bond_china_yield
2023-08-29,1.9902,中债国债收益率曲线,1Y,ChinaBond via AKShare bond_china_yield
2023-08-30,1.9392,中债国债收益率曲线,1Y,ChinaBond via AKShare bond_china_yield
2023-08-31,1.9051,中债国债收益率曲线,1Y,ChinaBond via AKShare bond_china_yield
2023-09-01,1.9578,中债国债收益率曲线,1Y,ChinaBond via AKShare bond_china_yield
2023-09-04,1.9822,中债国债收益率曲线,1Y,ChinaBond via AKShare bond_china_yield
2023-09-05,1.9929,中债国债收益率曲线,1Y,ChinaBond via AKShare bond_china_yield
2023-09-06,2.0801,中债国债收益率曲线,1Y,ChinaBond via AKShare bond_china_yield
2023-09-07,2.0874,中债国债收益率曲线,1Y,ChinaBond via AKShare bond_china_yield
2023-09-08,2.0952,中债国债收益率曲线,1Y,ChinaBond via AKShare bond_china_yield
2023-09-11,2.1352,中债国债收益率曲线,1Y,ChinaBond via AKShare bond_china_yield
2023-09-12,2.1252,中债国债收益率曲线,1Y,ChinaBond via AKShare bond_china_yield
2023-09-13,2.1027,中债国债收益率曲线,1Y,ChinaBond via AKShare bond_china_yield
2023-09-14,2.1027,中债国债收益率曲线,1Y,ChinaBond via AKShare bond_china_yield
2023-09-15,2.1327,中债国债收益率曲线,1Y,ChinaBond via AKShare bond_china_yield
2023-09-18,2.1727,中债国债收益率曲线,1Y,ChinaBond via AKShare bond_china_yield
2023-09-19,2.1877,中债国债收益率曲线,1Y,ChinaBond via AKShare bond_china_yield
2023-09-20,2.2077,中债国债收益率曲线,1Y,ChinaBond via AKShare bond_china_yield
2023-09-21,2.1877,中债国债收益率曲线,1Y,ChinaBond via AKShare bond_china_yield
2023-09-22,2.1977,中债国债收益率曲线,1Y,ChinaBond via AKShare bond_china_yield
2023-09-25,2.2127,中债国债收益率曲线,1Y,ChinaBond via AKShare bond_china_yield
2023-09-26,2.2327,中债国债收益率曲线,1Y,ChinaBond via AKShare bond_china_yield
2023-09-27,2.2077,中债国债收益率曲线,1Y,ChinaBond via AKShare bond_china_yield
2023-09-28,2.1677,中债国债收益率曲线,1Y,ChinaBond via AKShare bond_china_yield
2023-10-07,2.1477,中债国债收益率曲线,1Y,ChinaBond via AKShare bond_china_yield
2023-10-08,2.1377,中债国债收益率曲线,1Y,ChinaBond via AKShare bond_china_yield
2023-10-09,2.1577,中债国债收益率曲线,1Y,ChinaBond via AKShare bond_china_yield
2023-10-10,2.1977,中债国债收益率曲线,1Y,ChinaBond via AKShare bond_china_yield
2023-10-11,2.2377,中债国债收益率曲线,1Y,ChinaBond via AKShare bond_china_yield
2023-10-12,2.1977,中债国债收益率曲线,1Y,ChinaBond via AKShare bond_china_yield
2023-10-13,2.1777,中债国债收益率曲线,1Y,ChinaBond via AKShare bond_china_yield
2023-10-16,2.1877,中债国债收益率曲线,1Y,ChinaBond via AKShare bond_china_yield
2023-10-17,2.2227,中债国债收益率曲线,1Y,ChinaBond via AKShare bond_china_yield
2023-10-18,2.2457,中债国债收益率曲线,1Y,ChinaBond via AKShare bond_china_yield
2023-10-19,2.2907,中债国债收益率曲线,1Y,ChinaBond via AKShare bond_china_yield
2023-10-20,2.3107,中债国债收益率曲线,1Y,ChinaBond via AKShare bond_china_yield
2023-10-23,2.3007,中债国债收益率曲线,1Y,ChinaBond via AKShare bond_china_yield
2023-10-24,2.3257,中债国债收益率曲线,1Y,ChinaBond via AKShare bond_china_yield
2023-10-25,2.2838,中债国债收益率曲线,1Y,ChinaBond via AKShare bond_china_yield
2023-10-26,2.2838,中债国债收益率曲线,1Y,ChinaBond via AKShare bond_china_yield
2023-10-27,2.2807,中债国债收益率曲线,1Y,ChinaBond via AKShare bond_china_yield
2023-10-30,2.2251,中债国债收益率曲线,1Y,ChinaBond via AKShare bond_china_yield
2023-10-31,2.2051,中债国债收益率曲线,1Y,ChinaBond via AKShare bond_china_yield
2023-11-01,2.2501,中债国债收益率曲线,1Y,ChinaBond via AKShare bond_china_yield
2023-11-02,2.2151,中债国债收益率曲线,1Y,ChinaBond via AKShare bond_china_yield
2023-11-03,2.2202,中债国债收益率曲线,1Y,ChinaBond via AKShare bond_china_yield
2023-11-06,2.2303,中债国债收益率曲线,1Y,ChinaBond via AKShare bond_china_yield
2023-11-07,2.2505,中债国债收益率曲线,1Y,ChinaBond via AKShare bond_china_yield
2023-11-08,2.2479,中债国债收益率曲线,1Y,ChinaBond via AKShare bond_china_yield
2023-11-09,2.2406,中债国债收益率曲线,1Y,ChinaBond via AKShare bond_china_yield
2023-11-10,2.2306,中债国债收益率曲线,1Y,ChinaBond via AKShare bond_china_yield
2023-11-13,2.2059,中债国债收益率曲线,1Y,ChinaBond via AKShare bond_china_yield
2023-11-14,2.1713,中债国债收益率曲线,1Y,ChinaBond via AKShare bond_china_yield
2023-11-15,2.1613,中债国债收益率曲线,1Y,ChinaBond via AKShare bond_china_yield
2023-11-16,2.1415,中债国债收益率曲线,1Y,ChinaBond via AKShare bond_china_yield
2023-11-17,2.1221,中债国债收益率曲线,1Y,ChinaBond via AKShare bond_china_yield
2023-11-20,2.1477,中债国债收益率曲线,1Y,ChinaBond via AKShare bond_china_yield
2023-11-21,2.2024,中债国债收益率曲线,1Y,ChinaBond via AKShare bond_china_yield
2023-11-22,2.3112,中债国债收益率曲线,1Y,ChinaBond via AKShare bond_china_yield
2023-11-23,2.3264,中债国债收益率曲线,1Y,ChinaBond via AKShare bond_china_yield
2023-11-24,2.3317,中债国债收益率曲线,1Y,ChinaBond via AKShare bond_china_yield
2023-11-27,2.3889,中债国债收益率曲线,1Y,ChinaBond via AKShare bond_china_yield
2023-11-28,2.3564,中债国债收益率曲线,1Y,ChinaBond via AKShare bond_china_yield
2023-11-29,2.3566,中债国债收益率曲线,1Y,ChinaBond via AKShare bond_china_yield
2023-11-30,2.3367,中债国债收益率曲线,1Y,ChinaBond via AKShare bond_china_yield
2023-12-01,2.3439,中债国债收益率曲线,1Y,ChinaBond via AKShare bond_china_yield
2023-12-04,2.3769,中债国债收益率曲线,1Y,ChinaBond via AKShare bond_china_yield
2023-12-05,2.3817,中债国债收益率曲线,1Y,ChinaBond via AKShare bond_china_yield
2023-12-06,2.3971,中债国债收益率曲线,1Y,ChinaBond via AKShare bond_china_yield
2023-12-07,2.3816,中债国债收益率曲线,1Y,ChinaBond via AKShare bond_china_yield
2023-12-08,2.3791,中债国债收益率曲线,1Y,ChinaBond via AKShare bond_china_yield
2023-12-11,2.3816,中债国债收益率曲线,1Y,ChinaBond via AKShare bond_china_yield
2023-12-12,2.3826,中债国债收益率曲线,1Y,ChinaBond via AKShare bond_china_yield
2023-12-13,2.3526,中债国债收益率曲线,1Y,ChinaBond via AKShare bond_china_yield
2023-12-14,2.3351,中债国债收益率曲线,1Y,ChinaBond via AKShare bond_china_yield
2023-12-15,2.3076,中债国债收益率曲线,1Y,ChinaBond via AKShare bond_china_yield
2023-12-18,2.2951,中债国债收益率曲线,1Y,ChinaBond via AKShare bond_china_yield
2023-12-19,2.3001,中债国债收益率曲线,1Y,ChinaBond via AKShare bond_china_yield
2023-12-20,2.3051,中债国债收益率曲线,1Y,ChinaBond via AKShare bond_china_yield
2023-12-21,2.2801,中债国债收益率曲线,1Y,ChinaBond via AKShare bond_china_yield
2023-12-22,2.2526,中债国债收益率曲线,1Y,ChinaBond via AKShare bond_china_yield
2023-12-25,2.2246,中债国债收益率曲线,1Y,ChinaBond via AKShare bond_china_yield
2023-12-26,2.2046,中债国债收益率曲线,1Y,ChinaBond via AKShare bond_china_yield
2023-12-27,2.1546,中债国债收益率曲线,1Y,ChinaBond via AKShare bond_china_yield
2023-12-28,2.1196,中债国债收益率曲线,1Y,ChinaBond via AKShare bond_china_yield
2023-12-29,2.0796,中债国债收益率曲线,1Y,ChinaBond via AKShare bond_china_yield
2023-12-31,2.0796,中债国债收益率曲线,1Y,ChinaBond via AKShare bond_china_yield
2024-01-02,2.1166,中债国债收益率曲线,1Y,ChinaBond via AKShare bond_china_yield
2024-01-03,2.1416,中债国债收益率曲线,1Y,ChinaBond via AKShare bond_china_yield
2024-01-04,2.1541,中债国债收益率曲线,1Y,ChinaBond via AKShare bond_china_yield
2024-01-05,2.1091,中债国债收益率曲线,1Y,ChinaBond via AKShare bond_china_yield
2024-01-08,2.1191,中债国债收益率曲线,1Y,ChinaBond via AKShare bond_china_yield
2024-01-09,2.0991,中债国债收益率曲线,1Y,ChinaBond via AKShare bond_china_yield
2024-01-10,2.1091,中债国债收益率曲线,1Y,ChinaBond via AKShare bond_china_yield
2024-01-11,2.0941,中债国债收益率曲线,1Y,ChinaBond via AKShare bond_china_yield
2024-01-12,2.0941,中债国债收益率曲线,1Y,ChinaBond via AKShare bond_china_yield
2024-01-15,2.0991,中债国债收益率曲线,1Y,ChinaBond via AKShare bond_china_yield
2024-01-16,2.1091,中债国债收益率曲线,1Y,ChinaBond via AKShare bond_china_yield
2024-01-17,2.1041,中债国债收益率曲线,1Y,ChinaBond via AKShare bond_china_yield
2024-01-18,2.0991,中债国债收益率曲线,1Y,ChinaBond via AKShare bond_china_yield
2024-01-19,2.0841,中债国债收益率曲线,1Y,ChinaBond via AKShare bond_china_yield
2024-01-22,2.0813,中债国债收益率曲线,1Y,ChinaBond via AKShare bond_china_yield
2024-01-23,2.0841,中债国债收益率曲线,1Y,ChinaBond via AKShare bond_china_yield
2024-01-24,2.0691,中债国债收益率曲线,1Y,ChinaBond via AKShare bond_china_yield
2024-01-25,2.0342,中债国债收益率曲线,1Y,ChinaBond via AKShare bond_china_yield
2024-01-26,2.0229,中债国债收益率曲线,1Y,ChinaBond via AKShare bond_china_yield
2024-01-29,1.9401,中债国债收益率曲线,1Y,ChinaBond via AKShare bond_china_yield
2024-01-30,1.8751,中债国债收益率曲线,1Y,ChinaBond via AKShare bond_china_yield
2024-01-31,1.8802,中债国债收益率曲线,1Y,ChinaBond via AKShare bond_china_yield
2024-02-01,1.8802,中债国债收益率曲线,1Y,ChinaBond via AKShare bond_china_yield
2024-02-02,1.8903,中债国债收益率曲线,1Y,ChinaBond via AKShare bond_china_yield
2024-02-04,1.8803,中债国债收益率曲线,1Y,ChinaBond via AKShare bond_china_yield
2024-02-05,1.8829,中债国债收益率曲线,1Y,ChinaBond via AKShare bond_china_yield
2024-02-06,1.9269,中债国债收益率曲线,1Y,ChinaBond via AKShare bond_china_yield
2024-02-07,1.9287,中债国债收益率曲线,1Y,ChinaBond via AKShare bond_china_yield
2024-02-08,1.9265,中债国债收益率曲线,1Y,ChinaBond via AKShare bond_china_yield
2024-02-09,1.9265,中债国债收益率曲线,1Y,ChinaBond via AKShare bond_china_yield
2024-02-18,1.9292,中债国债收益率曲线,1Y,ChinaBond via AKShare bond_china_yield
2024-02-19,1.9157,中债国债收益率曲线,1Y,ChinaBond via AKShare bond_china_yield
2024-02-20,1.8649,中债国债收益率曲线,1Y,ChinaBond via AKShare bond_china_yield
2024-02-21,1.8149,中债国债收益率曲线,1Y,ChinaBond via AKShare bond_china_yield
2024-02-22,1.7731,中债国债收益率曲线,1Y,ChinaBond via AKShare bond_china_yield
2024-02-23,1.7699,中债国债收益率曲线,1Y,ChinaBond via AKShare bond_china_yield
2024-02-26,1.767,中债国债收益率曲线,1Y,ChinaBond via AKShare bond_china_yield
2024-02-27,1.7739,中债国债收益率曲线,1Y,ChinaBond via AKShare bond_china_yield
2024-02-28,1.7863,中债国债收益率曲线,1Y,ChinaBond via AKShare bond_china_yield
2024-02-29,1.7871,中债国债收益率曲线,1Y,ChinaBond via AKShare bond_china_yield
2024-03-01,1.7833,中债国债收益率曲线,1Y,ChinaBond via AKShare bond_china_yield
2024-03-04,1.7612,中债国债收益率曲线,1Y,ChinaBond via AKShare bond_china_yield
2024-03-05,1.7732,中债国债收益率曲线,1Y,ChinaBond via AKShare bond_china_yield
2024-03-06,1.7574,中债国债收益率曲线,1Y,ChinaBond via AKShare bond_china_yield
2024-03-07,1.7578,中债国债收益率曲线,1Y,ChinaBond via AKShare bond_china_yield
2024-03-08,1.7525,中债国债收益率曲线,1Y,ChinaBond via AKShare bond_china_yield
2024-03-11,1.7575,中债国债收益率曲线,1Y,ChinaBond via AKShare bond_china_yield
2024-03-12,1.7975,中债国债收益率曲线,1Y,ChinaBond via AKShare bond_china_yield
2024-03-13,1.8175,中债国债收益率曲线,1Y,ChinaBond via AKShare bond_china_yield
2024-03-14,1.8475,中债国债收益率曲线,1Y,ChinaBond via AKShare bond_china_yield
2024-03-15,1.8325,中债国债收益率曲线,1Y,ChinaBond via AKShare bond_china_yield
2024-03-18,1.7825,中债国债收益率曲线,1Y,ChinaBond via AKShare bond_china_yield
2024-03-19,1.7725,中债国债收益率曲线,1Y,ChinaBond via AKShare bond_china_yield
2024-03-20,1.7725,中债国债收益率曲线,1Y,ChinaBond via AKShare bond_china_yield
2024-03-21,1.7625,中债国债收益率曲线,1Y,ChinaBond via AKShare bond_china_yield
2024-03-22,1.7625,中债国债收益率曲线,1Y,ChinaBond via AKShare bond_china_yield
2024-03-25,1.7875,中债国债收益率曲线,1Y,ChinaBond via AKShare bond_china_yield
2024-03-26,1.79,中债国债收益率曲线,1Y,ChinaBond via AKShare bond_china_yield
2024-03-27,1.7525,中债国债收益率曲线,1Y,ChinaBond via AKShare bond_china_yield
2024-03-28,1.7525,中债国债收益率曲线,1Y,ChinaBond via AKShare bond_china_yield
2024-03-29,1.7225,中债国债收益率曲线,1Y,ChinaBond via AKShare bond_china_yield
2024-04-01,1.7425,中债国债收益率曲线,1Y,ChinaBond via AKShare bond_china_yield
2024-04-02,1.7275,中债国债收益率曲线,1Y,ChinaBond via AKShare bond_china_yield
2024-04-03,1.7225,中债国债收益率曲线,1Y,ChinaBond via AKShare bond_china_yield
2024-04-07,1.7225,中债国债收益率曲线,1Y,ChinaBond via AKShare bond_china_yield
2024-04-08,1.7025,中债国债收益率曲线,1Y,ChinaBond via AKShare bond_china_yield
2024-04-09,1.6925,中债国债收益率曲线,1Y,ChinaBond via AKShare bond_china_yield
2024-04-10,1.7033,中债国债收益率曲线,1Y,ChinaBond via AKShare bond_china_yield
2024-04-11,1.7033,中债国债收益率曲线,1Y,ChinaBond via AKShare bond_china_yield
2024-04-12,1.6958,中债国债收益率曲线,1Y,ChinaBond via AKShare bond_china_yield
2024-04-15,1.7033,中债国债收益率曲线,1Y,ChinaBond via AKShare bond_china_yield
2024-04-16,1.7233,中债国债收益率曲线,1Y,ChinaBond via AKShare bond_china_yield
2024-04-17,1.7133,中债国债收益率曲线,1Y,ChinaBond via AKShare bond_china_yield
2024-04-18,1.6983,中债国债收益率曲线,1Y,ChinaBond via AKShare bond_china_yield
2024-04-19,1.6933,中债国债收益率曲线,1Y,ChinaBond via AKShare bond_china_yield
2024-04-22,1.6833,中债国债收益率曲线,1Y,ChinaBond via AKShare bond_china_yield
2024-04-23,1.6633,中债国债收益率曲线,1Y,ChinaBond via AKShare bond_china_yield
2024-04-24,1.6696,中债国债收益率曲线,1Y,ChinaBond via AKShare bond_china_yield
2024-04-25,1.6046,中债国债收益率曲线,1Y,ChinaBond via AKShare bond_china_yield
2024-04-26,1.6646,中债国债收益率曲线,1Y,ChinaBond via AKShare bond_china_yield
2024-04-28,1.6932,中债国债收益率曲线,1Y,ChinaBond via AKShare bond_china_yield
2024-04-29,1.7831,中债国债收益率曲线,1Y,ChinaBond via AKShare bond_china_yield
2024-04-30,1.6928,中债国债收益率曲线,1Y,ChinaBond via AKShare bond_china_yield
2024-05-06,1.7022,中债国债收益率曲线,1Y,ChinaBond via AKShare bond_china_yield
2024-05-07,1.7028,中债国债收益率曲线,1Y,ChinaBond via AKShare bond_china_yield
2024-05-08,1.7071,中债国债收益率曲线,1Y,ChinaBond via AKShare bond_china_yield
2024-05-09,1.7205,中债国债收益率曲线,1Y,ChinaBond via AKShare bond_china_yield
2024-05-10,1.7044,中债国债收益率曲线,1Y,ChinaBond via AKShare bond_china_yield
2024-05-11,1.7092,中债国债收益率曲线,1Y,ChinaBond via AKShare bond_china_yield
2024-05-13,1.6417,中债国债收益率曲线,1Y,ChinaBond via AKShare bond_china_yield
2024-05-14,1.6132,中债国债收益率曲线,1Y,ChinaBond via AKShare bond_china_yield
2024-05-15,1.6134,中债国债收益率曲线,1Y,ChinaBond via AKShare bond_china_yield
2024-05-16,1.628,中债国债收益率曲线,1Y,ChinaBond via AKShare bond_china_yield
2024-05-17,1.6073,中债国债收益率曲线,1Y,ChinaBond via AKShare bond_china_yield
2024-05-20,1.6136,中债国债收益率曲线,1Y,ChinaBond via AKShare bond_china_yield
2024-05-21,1.6129,中债国债收益率曲线,1Y,ChinaBond via AKShare bond_china_yield
2024-05-22,1.6052,中债国债收益率曲线,1Y,ChinaBond via AKShare bond_china_yield
2024-05-23,1.6085,中债国债收益率曲线,1Y,ChinaBond via AKShare bond_china_yield
2024-05-24,1.6375,中债国债收益率曲线,1Y,ChinaBond via AKShare bond_china_yield
2024-05-27,1.6612,中债国债收益率曲线,1Y,ChinaBond via AKShare bond_china_yield
2024-05-28,1.6552,中债国债收益率曲线,1Y,ChinaBond via AKShare bond_china_yield
2024-05-29,1.6567,中债国债收益率曲线,1Y,ChinaBond via AKShare bond_china_yield
2024-05-30,1.6531,中债国债收益率曲线,1Y,ChinaBond via AKShare bond_china_yield
2024-05-31,1.6444,中债国债收益率曲线,1Y,ChinaBond via AKShare bond_china_yield
2024-06-03,1.6457,中债国债收益率曲线,1Y,ChinaBond via AKShare bond_china_yield
2024-06-04,1.6461,中债国债收益率曲线,1Y,ChinaBond via AKShare bond_china_yield
2024-06-05,1.6319,中债国债收益率曲线,1Y,ChinaBond via AKShare bond_china_yield
2024-06-06,1.6105,中债国债收益率曲线,1Y,ChinaBond via AKShare bond_china_yield
2024-06-07,1.604,中债国债收益率曲线,1Y,ChinaBond via AKShare bond_china_yield
2024-06-11,1.599,中债国债收益率曲线,1Y,ChinaBond via AKShare bond_china_yield
2024-06-12,1.599,中债国债收益率曲线,1Y,ChinaBond via AKShare bond_china_yield
2024-06-13,1.597,中债国债收益率曲线,1Y,ChinaBond via AKShare bond_china_yield
2024-06-14,1.594,中债国债收益率曲线,1Y,ChinaBond via AKShare bond_china_yield
2024-06-17,1.604,中债国债收益率曲线,1Y,ChinaBond via AKShare bond_china_yield
2024-06-18,1.604,中债国债收益率曲线,1Y,ChinaBond via AKShare bond_china_yield
2024-06-19,1.599,中债国债收益率曲线,1Y,ChinaBond via AKShare bond_china_yield
2024-06-20,1.599,中债国债收益率曲线,1Y,ChinaBond via AKShare bond_china_yield
2024-06-21,1.5915,中债国债收益率曲线,1Y,ChinaBond via AKShare bond_china_yield
2024-06-24,1.5915,中债国债收益率曲线,1Y,ChinaBond via AKShare bond_china_yield
2024-06-25,1.5615,中债国债收益率曲线,1Y,ChinaBond via AKShare bond_china_yield
2024-06-26,1.544,中债国债收益率曲线,1Y,ChinaBond via AKShare bond_china_yield
2024-06-27,1.549,中债国债收益率曲线,1Y,ChinaBond via AKShare bond_china_yield
2024-06-28,1.539,中债国债收益率曲线,1Y,ChinaBond via AKShare bond_china_yield
2024-07-01,1.5565,中债国债收益率曲线,1Y,ChinaBond via AKShare bond_china_yield
2024-07-02,1.5365,中债国债收益率曲线,1Y,ChinaBond via AKShare bond_china_yield
2024-07-03,1.524,中债国债收益率曲线,1Y,ChinaBond via AKShare bond_china_yield
2024-07-04,1.529,中债国债收益率曲线,1Y,ChinaBond via AKShare bond_china_yield
2024-07-05,1.529,中债国债收益率曲线,1Y,ChinaBond via AKShare bond_china_yield
2024-07-08,1.579,中债国债收益率曲线,1Y,ChinaBond via AKShare bond_china_yield
2024-07-09,1.554,中债国债收益率曲线,1Y,ChinaBond via AKShare bond_china_yield
2024-07-10,1.5515,中债国债收益率曲线,1Y,ChinaBond via AKShare bond_china_yield
2024-07-11,1.539,中债国债收益率曲线,1Y,ChinaBond via AKShare bond_china_yield
2024-07-12,1.539,中债国债收益率曲线,1Y,ChinaBond via AKShare bond_china_yield
2024-07-15,1.5365,中债国债收益率曲线,1Y,ChinaBond via AKShare bond_china_yield
2024-07-16,1.529,中债国债收益率曲线,1Y,ChinaBond via AKShare bond_china_yield
2024-07-17,1.524,中债国债收益率曲线,1Y,ChinaBond via AKShare bond_china_yield
2024-07-18,1.5315,中债国债收益率曲线,1Y,ChinaBond via AKShare bond_china_yield
2024-07-19,1.5265,中债国债收益率曲线,1Y,ChinaBond via AKShare bond_china_yield
2024-07-22,1.488,中债国债收益率曲线,1Y,ChinaBond via AKShare bond_china_yield
2024-07-23,1.4705,中债国债收益率曲线,1Y,ChinaBond via AKShare bond_china_yield
2024-07-24,1.4655,中债国债收益率曲线,1Y,ChinaBond via AKShare bond_china_yield
2024-07-25,1.465,中债国债收益率曲线,1Y,ChinaBond via AKShare bond_china_yield
2024-07-26,1.4769,中债国债收益率曲线,1Y,ChinaBond via AKShare bond_china_yield
2024-07-29,1.45,中债国债收益率曲线,1Y,ChinaBond via AKShare bond_china_yield
2024-07-30,1.43,中债国债收益率曲线,1Y,ChinaBond via AKShare bond_china_yield
2024-07-31,1.4201,中债国债收益率曲线,1Y,ChinaBond via AKShare bond_china_yield
2024-08-01,1.4101,中债国债收益率曲线,1Y,ChinaBond via AKShare bond_china_yield
2024-08-02,1.3901,中债国债收益率曲线,1Y,ChinaBond via AKShare bond_china_yield
2024-08-05,1.3902,中债国债收益率曲线,1Y,ChinaBond via AKShare bond_china_yield
2024-08-06,1.4103,中债国债收益率曲线,1Y,ChinaBond via AKShare bond_china_yield
2024-08-07,1.4065,中债国债收益率曲线,1Y,ChinaBond via AKShare bond_china_yield
2024-08-08,1.4268,中债国债收益率曲线,1Y,ChinaBond via AKShare bond_china_yield
2024-08-09,1.4562,中债国债收益率曲线,1Y,ChinaBond via AKShare bond_china_yield
2024-08-12,1.5283,中债国债收益率曲线,1Y,ChinaBond via AKShare bond_china_yield
2024-08-13,1.5008,中债国债收益率曲线,1Y,ChinaBond via AKShare bond_china_yield
2024-08-14,1.5059,中债国债收益率曲线,1Y,ChinaBond via AKShare bond_china_yield
2024-08-15,1.5211,中债国债收益率曲线,1Y,ChinaBond via AKShare bond_china_yield
2024-08-16,1.5341,中债国债收益率曲线,1Y,ChinaBond via AKShare bond_china_yield
2024-08-19,1.5406,中债国债收益率曲线,1Y,ChinaBond via AKShare bond_china_yield
2024-08-20,1.5535,中债国债收益率曲线,1Y,ChinaBond via AKShare bond_china_yield
2024-08-21,1.5443,中债国债收益率曲线,1Y,ChinaBond via AKShare bond_china_yield
2024-08-22,1.5211,中债国债收益率曲线,1Y,ChinaBond via AKShare bond_china_yield
2024-08-23,1.4973,中债国债收益率曲线,1Y,ChinaBond via AKShare bond_china_yield
2024-08-26,1.5042,中债国债收益率曲线,1Y,ChinaBond via AKShare bond_china_yield
2024-08-27,1.5073,中债国债收益率曲线,1Y,ChinaBond via AKShare bond_china_yield
2024-08-28,1.4963,中债国债收益率曲线,1Y,ChinaBond via AKShare bond_china_yield
2024-08-29,1.4912,中债国债收益率曲线,1Y,ChinaBond via AKShare bond_china_yield
2024-08-30,1.49,中债国债收益率曲线,1Y,ChinaBond via AKShare bond_china_yield
2024-09-02,1.465,中债国债收益率曲线,1Y,ChinaBond via AKShare bond_china_yield
2024-09-03,1.43,中债国债收益率曲线,1Y,ChinaBond via AKShare bond_china_yield
2024-09-04,1.455,中债国债收益率曲线,1Y,ChinaBond via AKShare bond_china_yield
2024-09-05,1.4475,中债国债收益率曲线,1Y,ChinaBond via AKShare bond_china_yield
2024-09-06,1.4352,中债国债收益率曲线,1Y,ChinaBond via AKShare bond_china_yield
2024-09-09,1.4152,中债国债收益率曲线,1Y,ChinaBond via AKShare bond_china_yield
2024-09-10,1.3552,中债国债收益率曲线,1Y,ChinaBond via AKShare bond_china_yield
2024-09-11,1.3285,中债国债收益率曲线,1Y,ChinaBond via AKShare bond_china_yield
2024-09-12,1.326,中债国债收益率曲线,1Y,ChinaBond via AKShare bond_china_yield
2024-09-13,1.326,中债国债收益率曲线,1Y,ChinaBond via AKShare bond_china_yield
2024-09-14,1.331,中债国债收益率曲线,1Y,ChinaBond via AKShare bond_china_yield
2024-09-18,1.366,中债国债收益率曲线,1Y,ChinaBond via AKShare bond_china_yield
2024-09-19,1.391,中债国债收益率曲线,1Y,ChinaBond via AKShare bond_china_yield
2024-09-20,1.391,中债国债收益率曲线,1Y,ChinaBond via AKShare bond_china_yield
2024-09-23,1.3879,中债国债收益率曲线,1Y,ChinaBond via AKShare bond_china_yield
2024-09-24,1.4179,中债国债收益率曲线,1Y,ChinaBond via AKShare bond_china_yield
2024-09-25,1.3879,中债国债收益率曲线,1Y,ChinaBond via AKShare bond_china_yield
2024-09-26,1.4029,中债国债收益率曲线,1Y,ChinaBond via AKShare bond_china_yield
2024-09-27,1.4379,中债国债收益率曲线,1Y,ChinaBond via AKShare bond_china_yield
2024-09-29,1.4379,中债国债收益率曲线,1Y,ChinaBond via AKShare bond_china_yield
2024-09-30,1.3679,中债国债收益率曲线,1Y,ChinaBond via AKShare bond_china_yield
2024-10-08,1.3729,中债国债收益率曲线,1Y,ChinaBond via AKShare bond_china_yield
2024-10-09,1.4279,中债国债收益率曲线,1Y,ChinaBond via AKShare bond_china_yield
2024-10-10,1.4379,中债国债收益率曲线,1Y,ChinaBond via AKShare bond_china_yield
2024-10-11,1.4429,中债国债收益率曲线,1Y,ChinaBond via AKShare bond_china_yield
2024-10-12,1.4179,中债国债收益率曲线,1Y,ChinaBond via AKShare bond_china_yield
2024-10-14,1.4479,中债国债收益率曲线,1Y,ChinaBond via AKShare bond_china_yield
2024-10-15,1.4504,中债国债收益率曲线,1Y,ChinaBond via AKShare bond_china_yield
2024-10-16,1.4504,中债国债收益率曲线,1Y,ChinaBond via AKShare bond_china_yield
2024-10-17,1.4279,中债国债收益率曲线,1Y,ChinaBond via AKShare bond_china_yield
2024-10-18,1.4329,中债国债收益率曲线,1Y,ChinaBond via AKShare bond_china_yield
2024-10-21,1.4354,中债国债收益率曲线,1Y,ChinaBond via AKShare bond_china_yield
2024-10-22,1.4349,中债国债收益率曲线,1Y,ChinaBond via AKShare bond_china_yield
2024-10-23,1.4254,中债国债收益率曲线,1Y,ChinaBond via AKShare bond_china_yield
2024-10-24,1.4302,中债国债收益率曲线,1Y,ChinaBond via AKShare bond_china_yield
2024-10-25,1.4169,中债国债收益率曲线,1Y,ChinaBond via AKShare bond_china_yield
2024-10-28,1.407,中债国债收益率曲线,1Y,ChinaBond via AKShare bond_china_yield
2024-10-29,1.4367,中债国债收益率曲线,1Y,ChinaBond via AKShare bond_china_yield
2024-10-30,1.4461,中债国债收益率曲线,1Y,ChinaBond via AKShare bond_china_yield
2024-10-31,1.426,中债国债收益率曲线,1Y,ChinaBond via AKShare bond_china_yield
2024-11-01,1.4065,中债国债收益率曲线,1Y,ChinaBond via AKShare bond_china_yield
2024-11-04,1.4044,中债国债收益率曲线,1Y,ChinaBond via AKShare bond_china_yield
2024-11-05,1.4077,中债国债收益率曲线,1Y,ChinaBond via AKShare bond_china_yield
2024-11-06,1.4103,中债国债收益率曲线,1Y,ChinaBond via AKShare bond_china_yield
2024-11-07,1.4022,中债国债收益率曲线,1Y,ChinaBond via AKShare bond_china_yield
2024-11-08,1.4062,中债国债收益率曲线,1Y,ChinaBond via AKShare bond_china_yield
2024-11-11,1.4032,中债国债收益率曲线,1Y,ChinaBond via AKShare bond_china_yield
2024-11-12,1.4008,中债国债收益率曲线,1Y,ChinaBond via AKShare bond_china_yield
2024-11-13,1.4028,中债国债收益率曲线,1Y,ChinaBond via AKShare bond_china_yield
2024-11-14,1.391,中债国债收益率曲线,1Y,ChinaBond via AKShare bond_china_yield
2024-11-15,1.3875,中债国债收益率曲线,1Y,ChinaBond via AKShare bond_china_yield
2024-11-18,1.3703,中债国债收益率曲线,1Y,ChinaBond via AKShare bond_china_yield
2024-11-19,1.3579,中债国债收益率曲线,1Y,ChinaBond via AKShare bond_china_yield
2024-11-20,1.348,中债国债收益率曲线,1Y,ChinaBond via AKShare bond_china_yield
2024-11-21,1.3479,中债国债收益率曲线,1Y,ChinaBond via AKShare bond_china_yield
2024-11-22,1.3504,中债国债收益率曲线,1Y,ChinaBond via AKShare bond_china_yield
2024-11-25,1.3603,中债国债收益率曲线,1Y,ChinaBond via AKShare bond_china_yield
2024-11-26,1.3856,中债国债收益率曲线,1Y,ChinaBond via AKShare bond_china_yield
2024-11-27,1.3845,中债国债收益率曲线,1Y,ChinaBond via AKShare bond_china_yield
2024-11-28,1.3777,中债国债收益率曲线,1Y,ChinaBond via AKShare bond_china_yield
2024-11-29,1.3698,中债国债收益率曲线,1Y,ChinaBond via AKShare bond_china_yield
2024-12-02,1.35,中债国债收益率曲线,1Y,ChinaBond via AKShare bond_china_yield
2024-12-03,1.3491,中债国债收益率曲线,1Y,ChinaBond via AKShare bond_china_yield
2024-12-04,1.3432,中债国债收益率曲线,1Y,ChinaBond via AKShare bond_china_yield
2024-12-05,1.3479,中债国债收益率曲线,1Y,ChinaBond via AKShare bond_china_yield
2024-12-06,1.3485,中债国债收益率曲线,1Y,ChinaBond via AKShare bond_china_yield
2024-12-09,1.3482,中债国债收益率曲线,1Y,ChinaBond via AKShare bond_china_yield
2024-12-10,1.3087,中债国债收益率曲线,1Y,ChinaBond via AKShare bond_china_yield
2024-12-11,1.2782,中债国债收益率曲线,1Y,ChinaBond via AKShare bond_china_yield
2024-12-12,1.2142,中债国债收益率曲线,1Y,ChinaBond via AKShare bond_china_yield
2024-12-13,1.1582,中债国债收益率曲线,1Y,ChinaBond via AKShare bond_china_yield
2024-12-16,1.1182,中债国债收益率曲线,1Y,ChinaBond via AKShare bond_china_yield
2024-12-17,1.1081,中债国债收益率曲线,1Y,ChinaBond via AKShare bond_china_yield
2024-12-18,1.0782,中债国债收益率曲线,1Y,ChinaBond via AKShare bond_china_yield
2024-12-19,1.0432,中债国债收益率曲线,1Y,ChinaBond via AKShare bond_china_yield
2024-12-20,0.9807,中债国债收益率曲线,1Y,ChinaBond via AKShare bond_china_yield
2024-12-23,0.9307,中债国债收益率曲线,1Y,ChinaBond via AKShare bond_china_yield
2024-12-24,0.9307,中债国债收益率曲线,1Y,ChinaBond via AKShare bond_china_yield
2024-12-25,0.9907,中债国债收益率曲线,1Y,ChinaBond via AKShare bond_china_yield
2024-12-26,1.0157,中债国债收益率曲线,1Y,ChinaBond via AKShare bond_china_yield
2024-12-27,1.0393,中债国债收益率曲线,1Y,ChinaBond via AKShare bond_china_yield
2024-12-30,1.1093,中债国债收益率曲线,1Y,ChinaBond via AKShare bond_china_yield
2024-12-31,1.0843,中债国债收益率曲线,1Y,ChinaBond via AKShare bond_china_yield
2025-01-02,1.0693,中债国债收益率曲线,1Y,ChinaBond via AKShare bond_china_yield
2025-01-03,1.0177,中债国债收益率曲线,1Y,ChinaBond via AKShare bond_china_yield
2025-01-06,1.0391,中债国债收益率曲线,1Y,ChinaBond via AKShare bond_china_yield
2025-01-07,1.08,中债国债收益率曲线,1Y,ChinaBond via AKShare bond_china_yield
2025-01-08,1.12,中债国债收益率曲线,1Y,ChinaBond via AKShare bond_china_yield
2025-01-09,1.17,中债国债收益率曲线,1Y,ChinaBond via AKShare bond_china_yield
2025-01-10,1.1961,中债国债收益率曲线,1Y,ChinaBond via AKShare bond_china_yield
2025-01-13,1.2361,中债国债收益率曲线,1Y,ChinaBond via AKShare bond_china_yield
2025-01-14,1.2161,中债国债收益率曲线,1Y,ChinaBond via AKShare bond_china_yield
2025-01-15,1.2061,中债国债收益率曲线,1Y,ChinaBond via AKShare bond_china_yield
2025-01-16,1.2217,中债国债收益率曲线,1Y,ChinaBond via AKShare bond_china_yield
2025-01-17,1.2617,中债国债收益率曲线,1Y,ChinaBond via AKShare bond_china_yield
2025-01-20,1.3,中债国债收益率曲线,1Y,ChinaBond via AKShare bond_china_yield
2025-01-21,1.285,中债国债收益率曲线,1Y,ChinaBond via AKShare bond_china_yield
2025-01-22,1.285,中债国债收益率曲线,1Y,ChinaBond via AKShare bond_china_yield
2025-01-23,1.3099,中债国债收益率曲线,1Y,ChinaBond via AKShare bond_china_yield
2025-01-24,1.3399,中债国债收益率曲线,1Y,ChinaBond via AKShare bond_china_yield
2025-01-26,1.3474,中债国债收益率曲线,1Y,ChinaBond via AKShare bond_china_yield
2025-01-27,1.3036,中债国债收益率曲线,1Y,ChinaBond via AKShare bond_china_yield
2025-02-05,1.2599,中债国债收益率曲线,1Y,ChinaBond via AKShare bond_china_yield
2025-02-06,1.21,中债国债收益率曲线,1Y,ChinaBond via AKShare bond_china_yield
2025-02-07,1.2229,中债国债收益率曲线,1Y,ChinaBond via AKShare bond_china_yield
2025-02-08,1.2271,中债国债收益率曲线,1Y,ChinaBond via AKShare bond_china_yield
2025-02-10,1.2582,中债国债收益率曲线,1Y,ChinaBond via AKShare bond_china_yield
2025-02-11,1.2667,中债国债收益率曲线,1Y,ChinaBond via AKShare bond_china_yield
2025-02-12,1.2671,中债国债收益率曲线,1Y,ChinaBond via AKShare bond_china_yield
2025-02-13,1.2846,中债国债收益率曲线,1Y,ChinaBond via AKShare bond_china_yield
2025-02-14,1.3795,中债国债收益率曲线,1Y,ChinaBond via AKShare bond_china_yield
2025-02-17,1.419,中债国债收益率曲线,1Y,ChinaBond via AKShare bond_china_yield
2025-02-18,1.458,中债国债收益率曲线,1Y,ChinaBond via AKShare bond_china_yield
2025-02-19,1.4619,中债国债收益率曲线,1Y,ChinaBond via AKShare bond_china_yield
2025-02-20,1.4758,中债国债收益率曲线,1Y,ChinaBond via AKShare bond_china_yield
2025-02-21,1.4797,中债国债收益率曲线,1Y,ChinaBond via AKShare bond_china_yield
2025-02-24,1.4802,中债国债收益率曲线,1Y,ChinaBond via AKShare bond_china_yield
2025-02-25,1.4671,中债国债收益率曲线,1Y,ChinaBond via AKShare bond_china_yield
2025-02-26,1.4537,中债国债收益率曲线,1Y,ChinaBond via AKShare bond_china_yield
2025-02-27,1.4974,中债国债收益率曲线,1Y,ChinaBond via AKShare bond_china_yield
2025-02-28,1.4597,中债国债收益率曲线,1Y,ChinaBond via AKShare bond_china_yield
2025-03-03,1.4322,中债国债收益率曲线,1Y,ChinaBond via AKShare bond_china_yield
2025-03-04,1.4397,中债国债收益率曲线,1Y,ChinaBond via AKShare bond_china_yield
2025-03-05,1.4447,中债国债收益率曲线,1Y,ChinaBond via AKShare bond_china_yield
2025-03-06,1.4697,中债国债收益率曲线,1Y,ChinaBond via AKShare bond_china_yield
2025-03-07,1.5547,中债国债收益率曲线,1Y,ChinaBond via AKShare bond_china_yield
2025-03-10,1.5497,中债国债收益率曲线,1Y,ChinaBond via AKShare bond_china_yield
2025-03-11,1.5823,中债国债收益率曲线,1Y,ChinaBond via AKShare bond_china_yield
2025-03-12,1.5779,中债国债收益率曲线,1Y,ChinaBond via AKShare bond_china_yield
2025-03-13,1.5779,中债国债收益率曲线,1Y,ChinaBond via AKShare bond_china_yield
2025-03-14,1.5629,中债国债收益率曲线,1Y,ChinaBond via AKShare bond_china_yield
2025-03-17,1.5879,中债国债收益率曲线,1Y,ChinaBond via AKShare bond_china_yield
2025-03-18,1.5879,中债国债收益率曲线,1Y,ChinaBond via AKShare bond_china_yield
2025-03-19,1.5879,中债国债收益率曲线,1Y,ChinaBond via AKShare bond_china_yield
2025-03-20,1.5629,中债国债收益率曲线,1Y,ChinaBond via AKShare bond_china_yield
2025-03-21,1.5579,中债国债收益率曲线,1Y,ChinaBond via AKShare bond_china_yield
2025-03-24,1.5354,中债国债收益率曲线,1Y,ChinaBond via AKShare bond_china_yield
2025-03-25,1.5404,中债国债收益率曲线,1Y,ChinaBond via AKShare bond_china_yield
2025-03-26,1.5279,中债国债收益率曲线,1Y,ChinaBond via AKShare bond_china_yield
2025-03-27,1.5279,中债国债收益率曲线,1Y,ChinaBond via AKShare bond_china_yield
2025-03-28,1.5279,中债国债收益率曲线,1Y,ChinaBond via AKShare bond_china_yield
2025-03-31,1.5379,中债国债收益率曲线,1Y,ChinaBond via AKShare bond_china_yield
2025-04-01,1.5454,中债国债收益率曲线,1Y,ChinaBond via AKShare bond_china_yield
2025-04-02,1.5404,中债国债收益率曲线,1Y,ChinaBond via AKShare bond_china_yield
2025-04-03,1.4829,中债国债收益率曲线,1Y,ChinaBond via AKShare bond_china_yield
2025-04-07,1.4429,中债国债收益率曲线,1Y,ChinaBond via AKShare bond_china_yield
2025-04-08,1.4779,中债国债收益率曲线,1Y,ChinaBond via AKShare bond_china_yield
2025-04-09,1.4328,中债国债收益率曲线,1Y,ChinaBond via AKShare bond_china_yield
2025-04-10,1.4128,中债国债收益率曲线,1Y,ChinaBond via AKShare bond_china_yield
2025-04-11,1.3978,中债国债收益率曲线,1Y,ChinaBond via AKShare bond_china_yield
2025-04-14,1.4153,中债国债收益率曲线,1Y,ChinaBond via AKShare bond_china_yield
2025-04-15,1.4228,中债国债收益率曲线,1Y,ChinaBond via AKShare bond_china_yield
2025-04-16,1.4178,中债国债收益率曲线,1Y,ChinaBond via AKShare bond_china_yield
2025-04-17,1.4301,中债国债收益率曲线,1Y,ChinaBond via AKShare bond_china_yield
2025-04-18,1.43,中债国债收益率曲线,1Y,ChinaBond via AKShare bond_china_yield
2025-04-21,1.448,中债国债收益率曲线,1Y,ChinaBond via AKShare bond_china_yield
2025-04-22,1.4432,中债国债收益率曲线,1Y,ChinaBond via AKShare bond_china_yield
2025-04-23,1.4513,中债国债收益率曲线,1Y,ChinaBond via AKShare bond_china_yield
2025-04-24,1.4532,中债国债收益率曲线,1Y,ChinaBond via AKShare bond_china_yield
2025-04-25,1.4501,中债国债收益率曲线,1Y,ChinaBond via AKShare bond_china_yield
2025-04-27,1.4501,中债国债收益率曲线,1Y,ChinaBond via AKShare bond_china_yield
2025-04-28,1.4601,中债国债收益率曲线,1Y,ChinaBond via AKShare bond_china_yield
2025-04-29,1.455,中债国债收益率曲线,1Y,ChinaBond via AKShare bond_china_yield
2025-04-30,1.4599,中债国债收益率曲线,1Y,ChinaBond via AKShare bond_china_yield
2025-05-06,1.4624,中债国债收益率曲线,1Y,ChinaBond via AKShare bond_china_yield
2025-05-07,1.4474,中债国债收益率曲线,1Y,ChinaBond via AKShare bond_china_yield
2025-05-08,1.4149,中债国债收益率曲线,1Y,ChinaBond via AKShare bond_china_yield
2025-05-09,1.4194,中债国债收益率曲线,1Y,ChinaBond via AKShare bond_china_yield
2025-05-12,1.4232,中债国债收益率曲线,1Y,ChinaBond via AKShare bond_china_yield
2025-05-13,1.4131,中债国债收益率曲线,1Y,ChinaBond via AKShare bond_china_yield
2025-05-14,1.4228,中债国债收益率曲线,1Y,ChinaBond via AKShare bond_china_yield
2025-05-15,1.4385,中债国债收益率曲线,1Y,ChinaBond via AKShare bond_china_yield
2025-05-16,1.4508,中债国债收益率曲线,1Y,ChinaBond via AKShare bond_china_yield
2025-05-19,1.4429,中债国债收益率曲线,1Y,ChinaBond via AKShare bond_china_yield
2025-05-20,1.4483,中债国债收益率曲线,1Y,ChinaBond via AKShare bond_china_yield
2025-05-21,1.4496,中债国债收益率曲线,1Y,ChinaBond via AKShare bond_china_yield
2025-05-22,1.4495,中债国债收益率曲线,1Y,ChinaBond via AKShare bond_china_yield
2025-05-23,1.4481,中债国债收益率曲线,1Y,ChinaBond via AKShare bond_china_yield
2025-05-26,1.4581,中债国债收益率曲线,1Y,ChinaBond via AKShare bond_china_yield
2025-05-27,1.4649,中债国债收益率曲线,1Y,ChinaBond via AKShare bond_china_yield
2025-05-28,1.4628,中债国债收益率曲线,1Y,ChinaBond via AKShare bond_china_yield
2025-05-29,1.4783,中债国债收益率曲线,1Y,ChinaBond via AKShare bond_china_yield
2025-05-30,1.4552,中债国债收益率曲线,1Y,ChinaBond via AKShare bond_china_yield
2025-06-03,1.4627,中债国债收益率曲线,1Y,ChinaBond via AKShare bond_china_yield
2025-06-04,1.4527,中债国债收益率曲线,1Y,ChinaBond via AKShare bond_china_yield
2025-06-05,1.4352,中债国债收益率曲线,1Y,ChinaBond via AKShare bond_china_yield
2025-06-06,1.4102,中债国债收益率曲线,1Y,ChinaBond via AKShare bond_china_yield
2025-06-09,1.4102,中债国债收益率曲线,1Y,ChinaBond via AKShare bond_china_yield
2025-06-10,1.4077,中债国债收益率曲线,1Y,ChinaBond via AKShare bond_china_yield
2025-06-11,1.4052,中债国债收益率曲线,1Y,ChinaBond via AKShare bond_china_yield
2025-06-12,1.4052,中债国债收益率曲线,1Y,ChinaBond via AKShare bond_china_yield
2025-06-13,1.4002,中债国债收益率曲线,1Y,ChinaBond via AKShare bond_china_yield
2025-06-16,1.3987,中债国债收益率曲线,1Y,ChinaBond via AKShare bond_china_yield
2025-06-17,1.3702,中债国债收益率曲线,1Y,ChinaBond via AKShare bond_china_yield
2025-06-18,1.3602,中债国债收益率曲线,1Y,ChinaBond via AKShare bond_china_yield
2025-06-19,1.3642,中债国债收益率曲线,1Y,ChinaBond via AKShare bond_china_yield
2025-06-20,1.3552,中债国债收益率曲线,1Y,ChinaBond via AKShare bond_china_yield
2025-06-23,1.3552,中债国债收益率曲线,1Y,ChinaBond via AKShare bond_china_yield
2025-06-24,1.3627,中债国债收益率曲线,1Y,ChinaBond via AKShare bond_china_yield
2025-06-25,1.3652,中债国债收益率曲线,1Y,ChinaBond via AKShare bond_china_yield
2025-06-26,1.3627,中债国债收益率曲线,1Y,ChinaBond via AKShare bond_china_yield
2025-06-27,1.3452,中债国债收益率曲线,1Y,ChinaBond via AKShare bond_china_yield
2025-06-30,1.3402,中债国债收益率曲线,1Y,ChinaBond via AKShare bond_china_yield
2025-07-01,1.3377,中债国债收益率曲线,1Y,ChinaBond via AKShare bond_china_yield
2025-07-02,1.3352,中债国债收益率曲线,1Y,ChinaBond via AKShare bond_china_yield
2025-07-03,1.3372,中债国债收益率曲线,1Y,ChinaBond via AKShare bond_china_yield
2025-07-04,1.3362,中债国债收益率曲线,1Y,ChinaBond via AKShare bond_china_yield
2025-07-07,1.3402,中债国债收益率曲线,1Y,ChinaBond via AKShare bond_china_yield
2025-07-08,1.3552,中债国债收益率曲线,1Y,ChinaBond via AKShare bond_china_yield
2025-07-09,1.3602,中债国债收益率曲线,1Y,ChinaBond via AKShare bond_china_yield
2025-07-10,1.3727,中债国债收益率曲线,1Y,ChinaBond via AKShare bond_china_yield
2025-07-11,1.3702,中债国债收益率曲线,1Y,ChinaBond via AKShare bond_china_yield
2025-07-14,1.3752,中债国债收益率曲线,1Y,ChinaBond via AKShare bond_china_yield
2025-07-15,1.3652,中债国债收益率曲线,1Y,ChinaBond via AKShare bond_china_yield
2025-07-16,1.3573,中债国债收益率曲线,1Y,ChinaBond via AKShare bond_china_yield
2025-07-17,1.3548,中债国债收益率曲线,1Y,ChinaBond via AKShare bond_china_yield
2025-07-18,1.349,中债国债收益率曲线,1Y,ChinaBond via AKShare bond_china_yield
2025-07-21,1.3565,中债国债收益率曲线,1Y,ChinaBond via AKShare bond_china_yield
2025-07-22,1.359,中债国债收益率曲线,1Y,ChinaBond via AKShare bond_china_yield
2025-07-23,1.3741,中债国债收益率曲线,1Y,ChinaBond via AKShare bond_china_yield
2025-07-24,1.3941,中债国债收益率曲线,1Y,ChinaBond via AKShare bond_china_yield
2025-07-25,1.3835,中债国债收益率曲线,1Y,ChinaBond via AKShare bond_china_yield
2025-07-28,1.3634,中债国债收益率曲线,1Y,ChinaBond via AKShare bond_china_yield
2025-07-29,1.4111,中债国债收益率曲线,1Y,ChinaBond via AKShare bond_china_yield
2025-07-30,1.3957,中债国债收益率曲线,1Y,ChinaBond via AKShare bond_china_yield
2025-07-31,1.3807,中债国债收益率曲线,1Y,ChinaBond via AKShare bond_china_yield
2025-08-01,1.3734,中债国债收益率曲线,1Y,ChinaBond via AKShare bond_china_yield
2025-08-04,1.3697,中债国债收益率曲线,1Y,ChinaBond via AKShare bond_china_yield
2025-08-05,1.3692,中债国债收益率曲线,1Y,ChinaBond via AKShare bond_china_yield
2025-08-06,1.3654,中债国债收益率曲线,1Y,ChinaBond via AKShare bond_china_yield
2025-08-07,1.3608,中债国债收益率曲线,1Y,ChinaBond via AKShare bond_china_yield
2025-08-08,1.3506,中债国债收益率曲线,1Y,ChinaBond via AKShare bond_china_yield
2025-08-11,1.3617,中债国债收益率曲线,1Y,ChinaBond via AKShare bond_china_yield
2025-08-12,1.3664,中债国债收益率曲线,1Y,ChinaBond via AKShare bond_china_yield
2025-08-13,1.3615,中债国债收益率曲线,1Y,ChinaBond via AKShare bond_china_yield
2025-08-14,1.3665,中债国债收益率曲线,1Y,ChinaBond via AKShare bond_china_yield
2025-08-15,1.3665,中债国债收益率曲线,1Y,ChinaBond via AKShare bond_china_yield
2025-08-18,1.3865,中债国债收益率曲线,1Y,ChinaBond via AKShare bond_china_yield
2025-08-19,1.3925,中债国债收益率曲线,1Y,ChinaBond via AKShare bond_china_yield
2025-08-20,1.3866,中债国债收益率曲线,1Y,ChinaBond via AKShare bond_china_yield
2025-08-21,1.3848,中债国债收益率曲线,1Y,ChinaBond via AKShare bond_china_yield
2025-08-22,1.3707,中债国债收益率曲线,1Y,ChinaBond via AKShare bond_china_yield
2025-08-25,1.3608,中债国债收益率曲线,1Y,ChinaBond via AKShare bond_china_yield
2025-08-26,1.3597,中债国债收益率曲线,1Y,ChinaBond via AKShare bond_china_yield
2025-08-27,1.3632,中债国债收益率曲线,1Y,ChinaBond via AKShare bond_china_yield
2025-08-28,1.3692,中债国债收益率曲线,1Y,ChinaBond via AKShare bond_china_yield
2025-08-29,1.3698,中债国债收益率曲线,1Y,ChinaBond via AKShare bond_china_yield
2025-09-01,1.3646,中债国债收益率曲线,1Y,ChinaBond via AKShare bond_china_yield
2025-09-02,1.3654,中债国债收益率曲线,1Y,ChinaBond via AKShare bond_china_yield
2025-09-03,1.368,中债国债收益率曲线,1Y,ChinaBond via AKShare bond_china_yield
2025-09-04,1.3777,中债国债收益率曲线,1Y,ChinaBond via AKShare bond_china_yield
2025-09-05,1.3959,中债国债收益率曲线,1Y,ChinaBond via AKShare bond_china_yield
2025-09-08,1.4,中债国债收益率曲线,1Y,ChinaBond via AKShare bond_china_yield
2025-09-09,1.4,中债国债收益率曲线,1Y,ChinaBond via AKShare bond_china_yield
2025-09-10,1.415,中债国债收益率曲线,1Y,ChinaBond via AKShare bond_china_yield
2025-09-11,1.4,中债国债收益率曲线,1Y,ChinaBond via AKShare bond_china_yield
2025-09-12,1.4,中债国债收益率曲线,1Y,ChinaBond via AKShare bond_china_yield
2025-09-15,1.3975,中债国债收益率曲线,1Y,ChinaBond via AKShare bond_china_yield
2025-09-16,1.3975,中债国债收益率曲线,1Y,ChinaBond via AKShare bond_china_yield
2025-09-17,1.395,中债国债收益率曲线,1Y,ChinaBond via AKShare bond_china_yield
2025-09-18,1.3875,中债国债收益率曲线,1Y,ChinaBond via AKShare bond_china_yield
2025-09-19,1.39,中债国债收益率曲线,1Y,ChinaBond via AKShare bond_china_yield
2025-09-22,1.3825,中债国债收益率曲线,1Y,ChinaBond via AKShare bond_china_yield
2025-09-23,1.385,中债国债收益率曲线,1Y,ChinaBond via AKShare bond_china_yield
2025-09-24,1.39,中债国债收益率曲线,1Y,ChinaBond via AKShare bond_china_yield
2025-09-25,1.3925,中债国债收益率曲线,1Y,ChinaBond via AKShare bond_china_yield
2025-09-26,1.3825,中债国债收益率曲线,1Y,ChinaBond via AKShare bond_china_yield
2025-09-28,1.3865,中债国债收益率曲线,1Y,ChinaBond via AKShare bond_china_yield
2025-09-29,1.3825,中债国债收益率曲线,1Y,ChinaBond via AKShare bond_china_yield
2025-09-30,1.3653,中债国债收益率曲线,1Y,ChinaBond via AKShare bond_china_yield
2025-10-09,1.3741,中债国债收益率曲线,1Y,ChinaBond via AKShare bond_china_yield
2025-10-10,1.3741,中债国债收益率曲线,1Y,ChinaBond via AKShare bond_china_yield
2025-10-11,1.3691,中债国债收益率曲线,1Y,ChinaBond via AKShare bond_china_yield
2025-10-13,1.3841,中债国债收益率曲线,1Y,ChinaBond via AKShare bond_china_yield
2025-10-14,1.4091,中债国债收益率曲线,1Y,ChinaBond via AKShare bond_china_yield
2025-10-15,1.4166,中债国债收益率曲线,1Y,ChinaBond via AKShare bond_china_yield
2025-10-16,1.4166,中债国债收益率曲线,1Y,ChinaBond via AKShare bond_china_yield
2025-10-17,1.4434,中债国债收益率曲线,1Y,ChinaBond via AKShare bond_china_yield
2025-10-20,1.4713,中债国债收益率曲线,1Y,ChinaBond via AKShare bond_china_yield
2025-10-21,1.4737,中债国债收益率曲线,1Y,ChinaBond via AKShare bond_china_yield
2025-10-22,1.4789,中债国债收益率曲线,1Y,ChinaBond via AKShare bond_china_yield
2025-10-23,1.4764,中债国债收益率曲线,1Y,ChinaBond via AKShare bond_china_yield
2025-10-24,1.4716,中债国债收益率曲线,1Y,ChinaBond via AKShare bond_china_yield
2025-10-27,1.4621,中债国债收益率曲线,1Y,ChinaBond via AKShare bond_china_yield
2025-10-28,1.4311,中债国债收益率曲线,1Y,ChinaBond via AKShare bond_china_yield
2025-10-29,1.3918,中债国债收益率曲线,1Y,ChinaBond via AKShare bond_china_yield
2025-10-30,1.3831,中债国债收益率曲线,1Y,ChinaBond via AKShare bond_china_yield
2025-10-31,1.3826,中债国债收益率曲线,1Y,ChinaBond via AKShare bond_china_yield
2025-11-03,1.3892,中债国债收益率曲线,1Y,ChinaBond via AKShare bond_china_yield
2025-11-04,1.3926,中债国债收益率曲线,1Y,ChinaBond via AKShare bond_china_yield
2025-11-05,1.404,中债国债收益率曲线,1Y,ChinaBond via AKShare bond_china_yield
2025-11-06,1.4011,中债国债收益率曲线,1Y,ChinaBond via AKShare bond_china_yield
2025-11-07,1.4045,中债国债收益率曲线,1Y,ChinaBond via AKShare bond_china_yield
2025-11-10,1.3994,中债国债收益率曲线,1Y,ChinaBond via AKShare bond_china_yield
2025-11-11,1.4048,中债国债收益率曲线,1Y,ChinaBond via AKShare bond_china_yield
2025-11-12,1.409,中债国债收益率曲线,1Y,ChinaBond via AKShare bond_china_yield
2025-11-13,1.409,中债国债收益率曲线,1Y,ChinaBond via AKShare bond_china_yield
2025-11-14,1.4104,中债国债收益率曲线,1Y,ChinaBond via AKShare bond_china_yield
2025-11-17,1.4064,中债国债收益率曲线,1Y,ChinaBond via AKShare bond_china_yield
2025-11-18,1.4056,中债国债收益率曲线,1Y,ChinaBond via AKShare bond_china_yield
2025-11-19,1.4027,中债国债收益率曲线,1Y,ChinaBond via AKShare bond_china_yield
2025-11-20,1.404,中债国债收益率曲线,1Y,ChinaBond via AKShare bond_china_yield
2025-11-21,1.4008,中债国债收益率曲线,1Y,ChinaBond via AKShare bond_china_yield
2025-11-24,1.4034,中债国债收益率曲线,1Y,ChinaBond via AKShare bond_china_yield
2025-11-25,1.4052,中债国债收益率曲线,1Y,ChinaBond via AKShare bond_china_yield
2025-11-26,1.4067,中债国债收益率曲线,1Y,ChinaBond via AKShare bond_china_yield
2025-11-27,1.4093,中债国债收益率曲线,1Y,ChinaBond via AKShare bond_china_yield
2025-11-28,1.4017,中债国债收益率曲线,1Y,ChinaBond via AKShare bond_china_yield
2025-12-01,1.4116,中债国债收益率曲线,1Y,ChinaBond via AKShare bond_china_yield
2025-12-02,1.4081,中债国债收益率曲线,1Y,ChinaBond via AKShare bond_china_yield
2025-12-03,1.4116,中债国债收益率曲线,1Y,ChinaBond via AKShare bond_china_yield
2025-12-04,1.4034,中债国债收益率曲线,1Y,ChinaBond via AKShare bond_china_yield
2025-12-05,1.4016,中债国债收益率曲线,1Y,ChinaBond via AKShare bond_china_yield
2025-12-08,1.4014,中债国债收益率曲线,1Y,ChinaBond via AKShare bond_china_yield
2025-12-09,1.3969,中债国债收益率曲线,1Y,ChinaBond via AKShare bond_china_yield
2025-12-10,1.3951,中债国债收益率曲线,1Y,ChinaBond via AKShare bond_china_yield
2025-12-11,1.3879,中债国债收益率曲线,1Y,ChinaBond via AKShare bond_china_yield
2025-12-12,1.3879,中债国债收益率曲线,1Y,ChinaBond via AKShare bond_china_yield
2025-12-15,1.3872,中债国债收益率曲线,1Y,ChinaBond via AKShare bond_china_yield
2025-12-16,1.3822,中债国债收益率曲线,1Y,ChinaBond via AKShare bond_china_yield
2025-12-17,1.3797,中债国债收益率曲线,1Y,ChinaBond via AKShare bond_china_yield
2025-12-18,1.3747,中债国债收益率曲线,1Y,ChinaBond via AKShare bond_china_yield
2025-12-19,1.3547,中债国债收益率曲线,1Y,ChinaBond via AKShare bond_china_yield
2025-12-22,1.3547,中债国债收益率曲线,1Y,ChinaBond via AKShare bond_china_yield
2025-12-23,1.3422,中债国债收益率曲线,1Y,ChinaBond via AKShare bond_china_yield
2025-12-24,1.3372,中债国债收益率曲线,1Y,ChinaBond via AKShare bond_china_yield
2025-12-25,1.3072,中债国债收益率曲线,1Y,ChinaBond via AKShare bond_china_yield
2025-12-26,1.2872,中债国债收益率曲线,1Y,ChinaBond via AKShare bond_china_yield
2025-12-29,1.3322,中债国债收益率曲线,1Y,ChinaBond via AKShare bond_china_yield
2025-12-30,1.3372,中债国债收益率曲线,1Y,ChinaBond via AKShare bond_china_yield
2025-12-31,1.3372,中债国债收益率曲线,1Y,ChinaBond via AKShare bond_china_yield
2026-01-04,1.3322,中债国债收益率曲线,1Y,ChinaBond via AKShare bond_china_yield
2026-01-05,1.3562,中债国债收益率曲线,1Y,ChinaBond via AKShare bond_china_yield
2026-01-06,1.3562,中债国债收益率曲线,1Y,ChinaBond via AKShare bond_china_yield
2026-01-07,1.3562,中债国债收益率曲线,1Y,ChinaBond via AKShare bond_china_yield
2026-01-08,1.3237,中债国债收益率曲线,1Y,ChinaBond via AKShare bond_china_yield
2026-01-09,1.2887,中债国债收益率曲线,1Y,ChinaBond via AKShare bond_china_yield
2026-01-12,1.2537,中债国债收益率曲线,1Y,ChinaBond via AKShare bond_china_yield
2026-01-13,1.2562,中债国债收益率曲线,1Y,ChinaBond via AKShare bond_china_yield
2026-01-14,1.2712,中债国债收益率曲线,1Y,ChinaBond via AKShare bond_china_yield
2026-01-15,1.2611,中债国债收益率曲线,1Y,ChinaBond via AKShare bond_china_yield
2026-01-16,1.2424,中债国债收益率曲线,1Y,ChinaBond via AKShare bond_china_yield
2026-01-19,1.2884,中债国债收益率曲线,1Y,ChinaBond via AKShare bond_china_yield
2026-01-20,1.2738,中债国债收益率曲线,1Y,ChinaBond via AKShare bond_china_yield
2026-01-21,1.2854,中债国债收益率曲线,1Y,ChinaBond via AKShare bond_china_yield
2026-01-22,1.2863,中债国债收益率曲线,1Y,ChinaBond via AKShare bond_china_yield
2026-01-23,1.2819,中债国债收益率曲线,1Y,ChinaBond via AKShare bond_china_yield
2026-01-26,1.2948,中债国债收益率曲线,1Y,ChinaBond via AKShare bond_china_yield
2026-01-27,1.3029,中债国债收益率曲线,1Y,ChinaBond via AKShare bond_china_yield
2026-01-28,1.3053,中债国债收益率曲线,1Y,ChinaBond via AKShare bond_china_yield
2026-01-29,1.3008,中债国债收益率曲线,1Y,ChinaBond via AKShare bond_china_yield
2026-01-30,1.2999,中债国债收益率曲线,1Y,ChinaBond via AKShare bond_china_yield
2026-02-02,1.3076,中债国债收益率曲线,1Y,ChinaBond via AKShare bond_china_yield
2026-02-03,1.3073,中债国债收益率曲线,1Y,ChinaBond via AKShare bond_china_yield
2026-02-04,1.3078,中债国债收益率曲线,1Y,ChinaBond via AKShare bond_china_yield
2026-02-05,1.3104,中债国债收益率曲线,1Y,ChinaBond via AKShare bond_china_yield
2026-02-06,1.3207,中债国债收益率曲线,1Y,ChinaBond via AKShare bond_china_yield
2026-02-09,1.3153,中债国债收益率曲线,1Y,ChinaBond via AKShare bond_china_yield
2026-02-10,1.3151,中债国债收益率曲线,1Y,ChinaBond via AKShare bond_china_yield
2026-02-11,1.3141,中债国债收益率曲线,1Y,ChinaBond via AKShare bond_china_yield
2026-02-12,1.3164,中债国债收益率曲线,1Y,ChinaBond via AKShare bond_china_yield
2026-02-13,1.3168,中债国债收益率曲线,1Y,ChinaBond via AKShare bond_china_yield
2026-02-14,1.3145,中债国债收益率曲线,1Y,ChinaBond via AKShare bond_china_yield
2026-02-24,1.315,中债国债收益率曲线,1Y,ChinaBond via AKShare bond_china_yield
2026-02-25,1.3218,中债国债收益率曲线,1Y,ChinaBond via AKShare bond_china_yield
2026-02-26,1.3272,中债国债收益率曲线,1Y,ChinaBond via AKShare bond_china_yield
2026-02-27,1.3216,中债国债收益率曲线,1Y,ChinaBond via AKShare bond_china_yield
2026-02-28,1.3168,中债国债收益率曲线,1Y,ChinaBond via AKShare bond_china_yield
2026-03-02,1.3093,中债国债收益率曲线,1Y,ChinaBond via AKShare bond_china_yield
2026-03-03,1.3018,中债国债收益率曲线,1Y,ChinaBond via AKShare bond_china_yield
2026-03-04,1.2918,中债国债收益率曲线,1Y,ChinaBond via AKShare bond_china_yield
2026-03-05,1.2918,中债国债收益率曲线,1Y,ChinaBond via AKShare bond_china_yield
2026-03-06,1.2858,中债国债收益率曲线,1Y,ChinaBond via AKShare bond_china_yield
2026-03-09,1.2868,中债国债收益率曲线,1Y,ChinaBond via AKShare bond_china_yield
2026-03-10,1.2818,中债国债收益率曲线,1Y,ChinaBond via AKShare bond_china_yield
2026-03-11,1.2768,中债国债收益率曲线,1Y,ChinaBond via AKShare bond_china_yield
2026-03-12,1.2643,中债国债收益率曲线,1Y,ChinaBond via AKShare bond_china_yield
2026-03-13,1.2768,中债国债收益率曲线,1Y,ChinaBond via AKShare bond_china_yield
2026-03-16,1.2768,中债国债收益率曲线,1Y,ChinaBond via AKShare bond_china_yield
2026-03-17,1.2693,中债国债收益率曲线,1Y,ChinaBond via AKShare bond_china_yield
2026-03-18,1.2618,中债国债收益率曲线,1Y,ChinaBond via AKShare bond_china_yield
2026-03-19,1.2568,中债国债收益率曲线,1Y,ChinaBond via AKShare bond_china_yield
2026-03-20,1.2568,中债国债收益率曲线,1Y,ChinaBond via AKShare bond_china_yield
2026-03-23,1.2568,中债国债收益率曲线,1Y,ChinaBond via AKShare bond_china_yield
2026-03-24,1.2618,中债国债收益率曲线,1Y,ChinaBond via AKShare bond_china_yield
2026-03-25,1.2668,中债国债收益率曲线,1Y,ChinaBond via AKShare bond_china_yield
2026-03-26,1.2568,中债国债收益率曲线,1Y,ChinaBond via AKShare bond_china_yield
2026-03-27,1.2518,中债国债收益率曲线,1Y,ChinaBond via AKShare bond_china_yield
2026-03-30,1.2112,中债国债收益率曲线,1Y,ChinaBond via AKShare bond_china_yield
2026-03-31,1.2212,中债国债收益率曲线,1Y,ChinaBond via AKShare bond_china_yield
2026-04-01,1.2312,中债国债收益率曲线,1Y,ChinaBond via AKShare bond_china_yield
2026-04-02,1.2412,中债国债收益率曲线,1Y,ChinaBond via AKShare bond_china_yield
2026-04-03,1.2362,中债国债收益率曲线,1Y,ChinaBond via AKShare bond_china_yield
2026-04-07,1.2213,中债国债收益率曲线,1Y,ChinaBond via AKShare bond_china_yield
2026-04-08,1.2138,中债国债收益率曲线,1Y,ChinaBond via AKShare bond_china_yield
2026-04-09,1.2063,中债国债收益率曲线,1Y,ChinaBond via AKShare bond_china_yield
2026-04-10,1.2113,中债国债收益率曲线,1Y,ChinaBond via AKShare bond_china_yield
2026-04-13,1.1938,中债国债收益率曲线,1Y,ChinaBond via AKShare bond_china_yield
2026-04-14,1.1888,中债国债收益率曲线,1Y,ChinaBond via AKShare bond_china_yield
2026-04-15,1.1613,中债国债收益率曲线,1Y,ChinaBond via AKShare bond_china_yield
2026-04-16,1.1613,中债国债收益率曲线,1Y,ChinaBond via AKShare bond_china_yield
2026-04-17,1.1613,中债国债收益率曲线,1Y,ChinaBond via AKShare bond_china_yield
2026-04-20,1.1613,中债国债收益率曲线,1Y,ChinaBond via AKShare bond_china_yield
2026-04-21,1.1538,中债国债收益率曲线,1Y,ChinaBond via AKShare bond_china_yield
2026-04-22,1.1513,中债国债收益率曲线,1Y,ChinaBond via AKShare bond_china_yield
2026-04-23,1.1488,中债国债收益率曲线,1Y,ChinaBond via AKShare bond_china_yield
2026-04-24,1.1438,中债国债收益率曲线,1Y,ChinaBond via AKShare bond_china_yield
2026-04-27,1.1463,中债国债收益率曲线,1Y,ChinaBond via AKShare bond_china_yield
2026-04-28,1.1513,中债国债收益率曲线,1Y,ChinaBond via AKShare bond_china_yield
2026-04-29,1.1667,中债国债收益率曲线,1Y,ChinaBond via AKShare bond_china_yield
2026-04-30,1.162,中债国债收益率曲线,1Y,ChinaBond via AKShare bond_china_yield
2026-05-06,1.1782,中债国债收益率曲线,1Y,ChinaBond via AKShare bond_china_yield
2026-05-07,1.1814,中债国债收益率曲线,1Y,ChinaBond via AKShare bond_china_yield
2026-05-08,1.1871,中债国债收益率曲线,1Y,ChinaBond via AKShare bond_china_yield
2026-05-09,1.1871,中债国债收益率曲线,1Y,ChinaBond via AKShare bond_china_yield
2026-05-11,1.1897,中债国债收益率曲线,1Y,ChinaBond via AKShare bond_china_yield
2026-05-12,1.1945,中债国债收益率曲线,1Y,ChinaBond via AKShare bond_china_yield
2026-05-13,1.2057,中债国债收益率曲线,1Y,ChinaBond via AKShare bond_china_yield
2026-05-14,1.2106,中债国债收益率曲线,1Y,ChinaBond via AKShare bond_china_yield
2026-05-15,1.2066,中债国债收益率曲线,1Y,ChinaBond via AKShare bond_china_yield
2026-05-18,1.2032,中债国债收益率曲线,1Y,ChinaBond via AKShare bond_china_yield
2026-05-19,1.1924,中债国债收益率曲线,1Y,ChinaBond via AKShare bond_china_yield
2026-05-20,1.1785,中债国债收益率曲线,1Y,ChinaBond via AKShare bond_china_yield
2026-05-21,1.1768,中债国债收益率曲线,1Y,ChinaBond via AKShare bond_china_yield
2026-05-22,1.175,中债国债收益率曲线,1Y,ChinaBond via AKShare bond_china_yield
2026-05-25,1.1797,中债国债收益率曲线,1Y,ChinaBond via AKShare bond_china_yield
2026-05-26,1.1747,中债国债收益率曲线,1Y,ChinaBond via AKShare bond_china_yield
2026-05-27,1.1672,中债国债收益率曲线,1Y,ChinaBond via AKShare bond_china_yield
2026-05-28,1.1563,中债国债收益率曲线,1Y,ChinaBond via AKShare bond_china_yield
2026-05-29,1.1578,中债国债收益率曲线,1Y,ChinaBond via AKShare bond_china_yield
2026-06-01,1.1588,中债国债收益率曲线,1Y,ChinaBond via AKShare bond_china_yield
2026-06-02,1.1538,中债国债收益率曲线,1Y,ChinaBond via AKShare bond_china_yield
2026-06-03,1.1577,中债国债收益率曲线,1Y,ChinaBond via AKShare bond_china_yield
2026-06-04,1.1638,中债国债收益率曲线,1Y,ChinaBond via AKShare bond_china_yield
2026-06-05,1.1775,中债国债收益率曲线,1Y,ChinaBond via AKShare bond_china_yield
2026-06-08,1.179,中债国债收益率曲线,1Y,ChinaBond via AKShare bond_china_yield
2026-06-09,1.1817,中债国债收益率曲线,1Y,ChinaBond via AKShare bond_china_yield
2026-06-10,1.1892,中债国债收益率曲线,1Y,ChinaBond via AKShare bond_china_yield
2026-06-11,1.1967,中债国债收益率曲线,1Y,ChinaBond via AKShare bond_china_yield
2026-06-12,1.1967,中债国债收益率曲线,1Y,ChinaBond via AKShare bond_china_yield
2026-06-15,1.2017,中债国债收益率曲线,1Y,ChinaBond via AKShare bond_china_yield
2026-06-16,1.1967,中债国债收益率曲线,1Y,ChinaBond via AKShare bond_china_yield
2026-06-17,1.1892,中债国债收益率曲线,1Y,ChinaBond via AKShare bond_china_yield
2026-06-18,1.1717,中债国债收益率曲线,1Y,ChinaBond via AKShare bond_china_yield
2026-06-22,1.1667,中债国债收益率曲线,1Y,ChinaBond via AKShare bond_china_yield
2026-06-23,1.1667,中债国债收益率曲线,1Y,ChinaBond via AKShare bond_china_yield
2026-06-24,1.1642,中债国债收益率曲线,1Y,ChinaBond via AKShare bond_china_yield
2026-06-25,1.1467,中债国债收益率曲线,1Y,ChinaBond via AKShare bond_china_yield
2026-06-26,1.1292,中债国债收益率曲线,1Y,ChinaBond via AKShare bond_china_yield
2026-06-29,1.1017,中债国债收益率曲线,1Y,ChinaBond via AKShare bond_china_yield
2026-06-30,1.1217,中债国债收益率曲线,1Y,ChinaBond via AKShare bond_china_yield
2026-07-01,1.1317,中债国债收益率曲线,1Y,ChinaBond via AKShare bond_china_yield
2026-07-02,1.1367,中债国债收益率曲线,1Y,ChinaBond via AKShare bond_china_yield
2026-07-03,1.1392,中债国债收益率曲线,1Y,ChinaBond via AKShare bond_china_yield
2026-07-06,1.1197,中债国债收益率曲线,1Y,ChinaBond via AKShare bond_china_yield
2026-07-07,1.1172,中债国债收益率曲线,1Y,ChinaBond via AKShare bond_china_yield
2026-07-08,1.1147,中债国债收益率曲线,1Y,ChinaBond via AKShare bond_china_yield
2026-07-09,1.1122,中债国债收益率曲线,1Y,ChinaBond via AKShare bond_china_yield
2026-07-10,1.1097,中债国债收益率曲线,1Y,ChinaBond via AKShare bond_china_yield
2026-07-13,1.1147,中债国债收益率曲线,1Y,ChinaBond via AKShare bond_china_yield
2026-07-14,1.1197,中债国债收益率曲线,1Y,ChinaBond via AKShare bond_china_yield
2026-07-15,1.1197,中债国债收益率曲线,1Y,ChinaBond via AKShare bond_china_yield
2026-07-16,1.1297,中债国债收益率曲线,1Y,ChinaBond via AKShare bond_china_yield
2026-07-17,1.1441,中债国债收益率曲线,1Y,ChinaBond via AKShare bond_china_yield
2026-07-20,1.1449,中债国债收益率曲线,1Y,ChinaBond via AKShare bond_china_yield
2026-07-21,1.142,中债国债收益率曲线,1Y,ChinaBond via AKShare bond_china_yield
2026-07-22,1.1375,中债国债收益率曲线,1Y,ChinaBond via AKShare bond_china_yield
2026-07-23,1.1372,中债国债收益率曲线,1Y,ChinaBond via AKShare bond_china_yield
2026-07-24,1.1389,中债国债收益率曲线,1Y,ChinaBond via AKShare bond_china_yield
2026-07-27,1.1409,中债国债收益率曲线,1Y,ChinaBond via AKShare bond_china_yield
2026-07-28,1.1464,中债国债收益率曲线,1Y,ChinaBond via AKShare bond_china_yield
2026-07-29,1.1522,中债国债收益率曲线,1Y,ChinaBond via AKShare bond_china_yield
2026-07-30,1.1573,中债国债收益率曲线,1Y,ChinaBond via AKShare bond_china_yield
2026-07-31,1.146,中债国债收益率曲线,1Y,ChinaBond via AKShare bond_china_yield
2026-08-03,1.1622,中债国债收益率曲线,1Y,ChinaBond via AKShare bond_china_yield
2026-08-04,1.1624,中债国债收益率曲线,1Y,ChinaBond via AKShare bond_china_yield
2026-08-05,1.1635,中债国债收益率曲线,1Y,ChinaBond via AKShare bond_china_yield
2026-08-06,1.1631,中债国债收益率曲线,1Y,ChinaBond via AKShare bond_china_yield
2026-08-07,1.2043,中债国债收益率曲线,1Y,ChinaBond via AKShare bond_china_yield
2026-08-10,1.2076,中债国债收益率曲线,1Y,ChinaBond via AKShare bond_china_yield
2026-08-11,1.2145,中债国债收益率曲线,1Y,ChinaBond via AKShare bond_china_yield
2026-08-12,1.2112,中债国债收益率曲线,1Y,ChinaBond via AKShare bond_china_yield
2026-08-13,1.2079,中债国债收益率曲线,1Y,ChinaBond via AKShare bond_china_yield
2026-08-14,1.2065,中债国债收益率曲线,1Y,ChinaBond via AKShare bond_china_yield
2026-08-17,1.2063,中债国债收益率曲线,1Y,ChinaBond via AKShare bond_china_yield
2026-08-18,1.2008,中债国债收益率曲线,1Y,ChinaBond via AKShare bond_china_yield
2026-08-19,1.1987,中债国债收益率曲线,1Y,ChinaBond via AKShare bond_china_yield
2026-08-20,1.1999,中债国债收益率曲线,1Y,ChinaBond via AKShare bond_china_yield
2026-08-21,1.2028,中债国债收益率曲线,1Y,ChinaBond via AKShare bond_china_yield
2026-08-24,1.202,中债国债收益率曲线,1Y,ChinaBond via AKShare bond_china_yield
2026-08-25,1.203,中债国债收益率曲线,1Y,ChinaBond via AKShare bond_china_yield
2026-08-26,1.2069,中债国债收益率曲线,1Y,ChinaBond via AKShare bond_china_yield
2026-08-27,1.2159,中债国债收益率曲线,1Y,ChinaBond via AKShare bond_china_yield
2026-08-28,1.2132,中债国债收益率曲线,1Y,ChinaBond via AKShare bond_china_yield
2026-08-31,1.2232,中债国债收益率曲线,1Y,ChinaBond via AKShare bond_china_yield
2026-09-01,1.2252,中债国债收益率曲线,1Y,ChinaBond via AKShare bond_china_yield
2026-09-02,1.2232,中债国债收益率曲线,1Y,ChinaBond via AKShare bond_china_yield
2026-09-03,1.2232,中债国债收益率曲线,1Y,ChinaBond via AKShare bond_china_yield
2026-09-04,1.2337,中债国债收益率曲线,1Y,ChinaBond via AKShare bond_china_yield
2026-09-07,1.2307,中债国债收益率曲线,1Y,ChinaBond via AKShare bond_china_yield
2026-09-08,1.2342,中债国债收益率曲线,1Y,ChinaBond via AKShare bond_china_yield
2026-09-09,1.2342,中债国债收益率曲线,1Y,ChinaBond via AKShare bond_china_yield
2026-09-10,1.2302,中债国债收益率曲线,1Y,ChinaBond via AKShare bond_china_yield
2026-09-11,1.2292,中债国债收益率曲线,1Y,ChinaBond via AKShare bond_china_yield
2026-09-14,1.2312,中债国债收益率曲线,1Y,ChinaBond via AKShare bond_china_yield
2026-09-15,1.2302,中债国债收益率曲线,1Y,ChinaBond via AKShare bond_china_yield
2026-09-16,1.2302,中债国债收益率曲线,1Y,ChinaBond via AKShare bond_china_yield
2026-09-17,1.2303,中债国债收益率曲线,1Y,ChinaBond via AKShare bond_china_yield
2026-09-18,1.2298,中债国债收益率曲线,1Y,ChinaBond via AKShare bond_china_yield
